# Blender 3.6.1
# www.blender.org
mtllib b74e3374a4bf_teddy_bear_toy__bri.mtl
o mesh
v -0.070743 0.416427 -0.080961
v 0.118134 0.287250 0.094392
v 0.144993 0.281790 -0.066889
v 0.048825 -0.355476 0.044947
v 0.123201 0.279663 -0.080231
v 0.124033 0.247540 -0.084696
v 0.143243 0.299626 -0.053348
v 0.125685 0.302314 -0.075726
v 0.121896 0.313329 -0.046101
v 0.117938 0.306202 -0.022712
v 0.021533 -0.363808 -0.011773
v -0.133721 0.472325 0.159567
v -0.097968 -0.112397 0.378345
v 0.003226 -0.147357 -0.326201
v -0.074012 0.296612 -0.198087
v -0.119754 -0.463376 -0.164866
v -0.065786 0.459785 -0.154999
v -0.071535 0.417200 -0.222064
v 0.138884 0.285527 -0.022886
v 0.186194 0.247102 -0.031709
v 0.207193 0.244604 -0.018045
v 0.129451 0.308655 0.052450
v 0.117368 0.306912 0.044048
v -0.066112 0.467173 0.189330
v -0.070845 0.411219 0.233300
v -0.008523 -0.151772 0.333008
v -0.048032 -0.093007 -0.408375
v -0.095675 -0.105122 -0.372932
v -0.141738 0.402213 -0.240004
v 0.074650 -0.454631 -0.172726
v -0.026430 -0.428723 -0.189786
v 0.034436 -0.111804 -0.186196
v -0.027838 -0.054376 -0.380829
v -0.136644 -0.106462 -0.179115
v -0.104451 -0.009402 -0.122288
v -0.140329 0.465004 -0.180009
v -0.192331 -0.315070 -0.083929
v 0.205817 0.175367 -0.073491
v 0.138285 0.300636 0.049185
v 0.147400 0.272866 0.018425
v -0.157659 -0.361836 -0.032139
v 0.067799 -0.448755 -0.050061
v 0.005045 -0.439588 -0.020508
v 0.055183 -0.508120 -0.082022
v 0.067091 -0.506596 -0.146088
v -0.072952 -0.501872 -0.059284
v -0.281811 -0.208442 0.030230
v -0.224273 -0.152762 0.058321
v -0.228288 -0.171244 -0.042550
v -0.179332 0.312238 -0.129930
v 0.197691 0.097025 -0.045330
v 0.074803 0.056857 -0.085915
v -0.017749 -0.451265 0.027392
v -0.059220 0.417855 0.077014
v -0.269803 -0.246108 0.070619
v 0.019412 -0.008058 -0.101162
v 0.229387 0.229546 0.032340
v 0.202574 0.192404 0.088456
v 0.140273 0.278000 0.082586
v 0.130773 0.291968 0.089748
v -0.052633 0.288424 0.209427
v 0.132641 0.251667 0.084221
v 0.073948 -0.452964 0.060110
v -0.195214 0.298294 0.114686
v -0.128994 -0.463963 0.168669
v -0.165916 -0.351177 0.094742
v 0.033517 -0.506955 0.145734
v 0.063886 -0.508078 0.104132
v -0.066444 -0.504059 0.105835
v 0.054024 -0.445066 0.193410
v 0.039535 -0.107532 0.192337
v -0.005343 -0.005165 0.135501
v 0.084413 0.055901 0.086625
v -0.029945 -0.431279 0.203550
v -0.132960 0.418505 0.257624
v -0.172469 -0.147113 0.175570
v -0.089294 0.004724 0.130020
v -0.027507 -0.056617 0.395314
v -0.054571 -0.083683 0.419130
v -0.074939 0.421285 -0.087444
v -0.085212 0.421726 -0.080895
v -0.083039 0.420654 -0.053795
v -0.058286 0.421396 -0.057677
v -0.050443 0.404243 -0.097275
v -0.059415 0.405001 -0.107635
v 0.132491 0.302481 0.081628
v 0.113256 0.303856 0.082855
v 0.092871 0.298542 0.105933
v 0.094665 0.278974 0.123101
v 0.118317 0.265895 0.103900
v 0.132175 0.258739 0.083414
v 0.135504 0.269427 0.082246
v 0.091556 0.313452 0.088699
v 0.145411 0.292213 -0.060166
v 0.148060 0.280515 -0.048814
v 0.142238 0.271086 -0.063039
v 0.135287 0.293707 -0.075657
v 0.137237 0.302665 -0.066915
v 0.018219 -0.358946 0.017931
v 0.054761 -0.355522 0.006316
v 0.033005 -0.364111 0.055582
v 0.015247 -0.367726 0.033419
v 0.051286 -0.342275 0.091728
v 0.036443 -0.351394 0.092367
v 0.092808 -0.343243 0.016317
v 0.088697 -0.340751 0.057047
v 0.099912 0.280574 -0.099262
v 0.096302 0.297566 -0.088252
v 0.115359 0.296958 -0.078651
v 0.140087 0.258037 -0.055843
v 0.151347 0.248630 -0.055006
v 0.136406 0.231653 -0.078119
v 0.103814 0.252169 -0.112517
v 0.144358 0.295025 -0.041640
v 0.136618 0.307788 -0.055966
v 0.132396 0.308387 -0.041139
v 0.111260 0.306370 -0.069483
v 0.125270 0.309117 -0.068756
v 0.124301 0.313638 -0.057654
v 0.109208 0.312114 -0.057364
v 0.109843 0.312849 -0.042398
v 0.096334 0.326297 -0.039984
v 0.099420 0.326232 -0.017345
v 0.100307 0.325918 0.010926
v 0.116179 0.306752 0.010232
v 0.132180 0.291962 0.011037
v 0.011895 -0.378370 -0.026564
v 0.023965 -0.374166 -0.041328
v 0.033114 -0.361376 -0.035726
v 0.058880 -0.352871 -0.028635
v -0.007813 -0.367096 -0.006274
v -0.010351 -0.380564 -0.018779
v -0.118093 0.483403 0.159843
v -0.118766 0.468376 0.129767
v -0.138875 0.456080 0.139087
v -0.151808 0.435587 0.157104
v -0.142469 0.463113 0.179484
v -0.124651 0.481277 0.189829
v -0.105311 -0.108650 0.363393
v -0.091628 -0.127700 0.355759
v -0.083630 -0.125794 0.375668
v -0.096969 -0.105185 0.388777
v -0.108989 -0.092799 0.370696
v -0.076318 -0.119841 0.390270
v -0.008587 -0.155322 -0.328566
v -0.005272 -0.148128 -0.348229
v 0.007691 -0.138110 -0.337445
v 0.006553 -0.130927 -0.306080
v -0.009063 -0.138215 -0.301524
v 0.013899 -0.118957 -0.315422
v -0.082556 0.321561 -0.206399
v -0.069738 0.335389 -0.191702
v -0.059296 0.327000 -0.183771
v -0.036012 0.321299 -0.181221
v -0.036977 0.287832 -0.196489
v -0.109037 0.285421 -0.200876
v -0.105467 0.315426 -0.205544
v -0.102572 -0.468994 -0.176535
v -0.103606 -0.484416 -0.169984
v -0.125567 -0.472477 -0.156484
v -0.122592 -0.450914 -0.161115
v -0.100053 -0.452602 -0.176824
v -0.134562 -0.457182 -0.148676
v -0.065031 0.453998 -0.134414
v -0.063623 0.439424 -0.155146
v -0.065703 0.454517 -0.175871
v -0.069917 0.475149 -0.152289
v -0.070515 0.468159 -0.122107
v -0.070191 0.471453 -0.184045
v -0.071019 0.400733 -0.215584
v -0.075978 0.393744 -0.239639
v -0.076580 0.423313 -0.239341
v -0.073248 0.454287 -0.217350
v -0.068817 0.437934 -0.203051
v -0.065032 0.419545 -0.183788
v 0.155487 0.266872 -0.014906
v 0.158902 0.258750 -0.034076
v 0.147550 0.270745 -0.039932
v 0.178421 0.256019 -0.009822
v 0.201939 0.247712 -0.002842
v 0.224908 0.240691 -0.014508
v 0.214611 0.233111 -0.034541
v 0.201920 0.224032 -0.055275
v 0.173429 0.239819 -0.056668
v 0.219278 0.246066 0.003793
v 0.112413 0.310681 0.067396
v 0.131448 0.309403 0.067557
v 0.131667 0.296640 0.039496
v 0.144712 0.296331 0.058264
v -0.067157 0.458723 0.210011
v -0.064099 0.443748 0.193567
v -0.064471 0.460702 0.172676
v -0.072364 0.480154 0.189756
v -0.076212 0.471467 0.219445
v -0.068839 0.475883 0.164451
v -0.068710 0.425279 0.219017
v -0.071572 0.440559 0.235992
v -0.074935 0.415453 0.250553
v -0.075334 0.387459 0.250535
v -0.070489 0.392655 0.230113
v -0.064747 0.406115 0.203194
v -0.008714 -0.138114 0.314862
v 0.006535 -0.129416 0.321724
v 0.000339 -0.147252 0.343913
v -0.022381 -0.155673 0.338028
v -0.027356 -0.143077 0.316816
v -0.015591 -0.153803 0.357064
v -0.050652 -0.101482 -0.403661
v -0.064203 -0.092171 -0.403040
v -0.055143 -0.083563 -0.406179
v -0.041591 -0.074875 -0.406571
v -0.033970 -0.089980 -0.410692
v -0.031870 -0.103541 -0.402757
v -0.092489 -0.095861 -0.382516
v -0.076631 -0.111627 -0.385903
v -0.083881 -0.118881 -0.371202
v -0.104485 -0.102600 -0.356201
v -0.105246 -0.084137 -0.361944
v -0.093112 -0.122553 -0.349866
v -0.127564 0.401289 -0.252833
v -0.130492 0.367756 -0.242244
v -0.147873 0.379625 -0.228517
v -0.153312 0.397947 -0.208079
v -0.145563 0.423547 -0.228751
v -0.128169 0.435157 -0.244844
v 0.076011 -0.467139 -0.177636
v 0.052369 -0.458048 -0.187551
v 0.059161 -0.444632 -0.176336
v 0.069801 -0.435494 -0.158108
v 0.084972 -0.452982 -0.159351
v 0.090987 -0.468803 -0.160875
v -0.030765 -0.459409 -0.197510
v -0.066848 -0.455715 -0.190569
v -0.066300 -0.430996 -0.185084
v 0.013338 -0.454068 -0.195851
v 0.009615 -0.472335 -0.199884
v -0.070761 -0.396766 -0.174330
v -0.040609 -0.389500 -0.177065
v -0.006502 -0.413828 -0.180355
v 0.019744 -0.439910 -0.188935
v -0.017541 -0.383086 -0.170200
v 0.045651 -0.143567 -0.189938
v 0.008512 -0.146577 -0.206703
v 0.002962 -0.126593 -0.204746
v 0.074428 -0.116536 -0.159560
v 0.086016 -0.148819 -0.163708
v -0.001067 -0.117861 -0.204929
v 0.017893 -0.099963 -0.192613
v 0.036131 -0.083937 -0.172304
v 0.064646 -0.087298 -0.153813
v 0.024639 -0.082061 -0.179369
v -0.039114 -0.056209 -0.386972
v -0.046103 -0.042415 -0.368912
v -0.026274 -0.045227 -0.367175
v -0.005653 -0.053418 -0.367917
v -0.015028 -0.064396 -0.387481
v -0.026984 -0.069798 -0.399649
v -0.104344 -0.124621 -0.202025
v -0.113213 -0.148799 -0.206680
v -0.148301 -0.142384 -0.184957
v -0.145420 -0.071169 -0.154629
v -0.126700 -0.070433 -0.163123
v -0.116581 -0.099252 -0.183720
v -0.098243 -0.116212 -0.201194
v -0.115103 -0.024747 -0.131976
v -0.132717 -0.023615 -0.115851
v -0.126316 -0.011692 -0.104295
v -0.102404 -0.000191 -0.110169
v -0.082370 0.009949 -0.118789
v -0.083011 0.008654 -0.126518
v -0.082473 0.007692 -0.138143
v -0.097835 -0.007839 -0.138987
v -0.121012 -0.002554 -0.095068
v -0.107458 -0.023065 -0.143882
v -0.147637 0.451538 -0.161564
v -0.131146 0.475427 -0.148923
v -0.124244 0.480457 -0.182070
v -0.145425 0.448362 -0.205487
v -0.153762 0.421917 -0.184081
v -0.126796 0.463037 -0.218657
v -0.244400 -0.253841 -0.067310
v -0.228316 -0.257119 -0.069095
v -0.227064 -0.284930 -0.071008
v -0.257309 -0.271228 -0.068739
v -0.179006 -0.346403 -0.058013
v -0.203330 -0.327955 -0.048495
v -0.210367 -0.303962 -0.069151
v -0.207400 -0.278648 -0.088189
v -0.196846 -0.271555 -0.111132
v -0.180714 -0.306353 -0.109369
v -0.213508 -0.283102 -0.076460
v 0.188264 0.181431 -0.084694
v 0.192650 0.206744 -0.075039
v 0.213417 0.188844 -0.063247
v 0.210819 0.159211 -0.067195
v 0.189242 0.155889 -0.085396
v 0.222548 0.171148 -0.050172
v 0.140543 0.284624 0.043944
v 0.145700 0.271746 0.059136
v 0.146830 0.263005 0.052066
v 0.170052 0.260808 0.015662
v 0.155595 0.254317 0.055874
v -0.148911 -0.360612 -0.005418
v -0.178770 -0.350174 -0.000676
v -0.192477 -0.342482 -0.024544
v -0.153692 -0.369822 -0.066047
v -0.141136 -0.381732 -0.044206
v 0.049787 -0.440000 -0.046039
v 0.044567 -0.453514 -0.028976
v 0.074696 -0.462601 -0.043586
v 0.079631 -0.442113 -0.075220
v 0.056117 -0.427487 -0.074193
v 0.094700 -0.457198 -0.076025
v 0.043425 -0.464551 -0.022464
v 0.020114 -0.426488 -0.027718
v 0.004784 -0.465383 -0.014985
v 0.044132 -0.478161 -0.019371
v -0.007679 -0.402777 -0.020576
v -0.035786 -0.400398 -0.016847
v -0.030567 -0.428860 -0.016776
v 0.012005 -0.397558 -0.028378
v -0.025284 -0.456649 -0.014639
v 0.033672 -0.507524 -0.071880
v 0.030935 -0.508504 -0.093849
v 0.057034 -0.508277 -0.097152
v 0.073447 -0.507575 -0.096035
v 0.064807 -0.507203 -0.074196
v 0.038262 -0.506025 -0.055077
v 0.070501 -0.507065 -0.132875
v 0.053724 -0.507663 -0.134888
v 0.055768 -0.506653 -0.152036
v 0.074559 -0.505031 -0.151718
v 0.082480 -0.505325 -0.134321
v 0.061101 -0.504685 -0.164825
v -0.078233 -0.502594 -0.073802
v -0.052784 -0.504385 -0.073615
v -0.054667 -0.502868 -0.054100
v -0.058192 -0.500100 -0.035646
v -0.082495 -0.498758 -0.047081
v -0.095806 -0.498814 -0.064686
v -0.287831 -0.212987 0.008512
v -0.292772 -0.239443 0.031408
v -0.280377 -0.223484 0.053700
v -0.260059 -0.196606 0.032308
v -0.262743 -0.193002 0.001037
v -0.255646 -0.214164 0.058383
v -0.223753 -0.187258 0.086070
v -0.207574 -0.166072 0.124882
v -0.205028 -0.131091 0.110425
v -0.233576 -0.179941 0.040270
v -0.229595 -0.201593 0.066830
v -0.215305 -0.114718 0.054238
v -0.222974 -0.125057 0.007223
v -0.230624 -0.159957 0.005241
v -0.198118 -0.099613 0.099729
v -0.235496 -0.177847 0.002832
v -0.221012 -0.129639 -0.037274
v -0.223724 -0.209583 -0.071288
v -0.227420 -0.217195 -0.059670
v -0.235111 -0.189196 -0.030452
v -0.200775 0.303499 -0.087084
v -0.186579 0.339999 -0.088039
v -0.165537 0.354638 -0.117068
v -0.153015 0.338477 -0.151254
v -0.144720 0.323527 -0.176434
v -0.160514 0.292130 -0.166434
v -0.151100 0.365994 -0.134492
v -0.198907 0.257009 -0.126059
v -0.213587 0.256811 -0.084771
v -0.177368 0.247388 -0.163450
v 0.206365 0.096446 -0.026276
v 0.176037 0.076473 -0.026376
v 0.172060 0.084703 -0.053182
v 0.198781 0.110397 -0.060480
v 0.216085 0.117982 -0.039319
v 0.167871 0.100847 -0.077614
v 0.044670 0.057806 -0.117176
v 0.058428 0.092412 -0.139359
v 0.084938 0.091813 -0.115991
v 0.104341 0.067159 -0.074194
v 0.107121 0.050433 -0.036917
v 0.085174 0.045124 -0.038718
v 0.106112 0.096076 -0.097773
v 0.059443 0.039118 -0.076025
v 0.036670 0.041796 -0.102911
v 0.074085 0.036877 -0.037551
v -0.003313 -0.441224 0.030602
v 0.037294 -0.467928 0.032315
v 0.034054 -0.478062 0.029834
v -0.014427 -0.478785 0.025681
v -0.058557 -0.470204 0.028978
v -0.062717 -0.443343 0.029779
v 0.033319 -0.492959 0.031772
v -0.044495 -0.414533 0.030286
v -0.021316 -0.410957 0.031238
v -0.076376 -0.410639 0.032206
v -0.057302 0.426367 0.034824
v -0.083509 0.422797 0.038100
v -0.084128 0.416923 0.070293
v -0.085034 0.415912 0.085615
v -0.072059 0.415814 0.091658
v -0.056913 0.404228 0.111979
v -0.045234 0.401836 0.107807
v -0.249402 -0.244253 0.074284
v -0.280345 -0.263279 0.058561
v -0.254585 -0.272270 0.078093
v 0.042512 -0.020610 -0.104292
v 0.021611 -0.020358 -0.121580
v 0.004660 -0.007471 -0.117969
v -0.009110 0.002047 -0.119121
v -0.007327 0.002245 -0.111018
v -0.006092 0.005613 -0.102078
v 0.022543 -0.001666 -0.089870
v 0.223754 0.216562 0.043877
v 0.228963 0.204136 0.033763
v 0.235233 0.224648 0.019453
v 0.230614 0.238316 0.010513
v 0.222501 0.240573 0.029913
v 0.213693 0.228341 0.048061
v 0.207671 0.175084 0.086649
v 0.220838 0.194068 0.066223
v 0.209841 0.209294 0.074061
v 0.190061 0.224079 0.080241
v 0.184634 0.195797 0.098279
v 0.183445 0.167340 0.102402
v 0.146584 0.286440 0.070975
v -0.008480 0.283892 0.200972
v -0.005057 0.320253 0.184273
v -0.038526 0.327051 0.188275
v -0.056883 0.333201 0.189745
v -0.071312 0.311032 0.206308
v -0.094058 0.297502 0.211693
v -0.092492 0.271509 0.219447
v 0.120251 0.245270 0.111796
v 0.139219 0.238080 0.088291
v 0.083475 -0.445624 0.082044
v 0.097574 -0.461570 0.082365
v 0.078511 -0.466752 0.053408
v 0.051863 -0.441278 0.052790
v 0.059770 -0.429291 0.079172
v 0.042530 -0.456494 0.038505
v -0.168418 0.327760 0.144726
v -0.162962 0.353905 0.127065
v -0.185777 0.338473 0.098391
v -0.179041 0.278023 0.159479
v -0.158895 0.308321 0.169843
v -0.201333 0.329101 0.055335
v -0.213810 0.293435 0.060071
v -0.210013 0.249815 0.108829
v -0.190574 0.240396 0.152750
v -0.223164 0.252859 0.060951
v -0.133312 -0.471744 0.159340
v -0.114783 -0.482082 0.174623
v -0.114262 -0.468966 0.182111
v -0.131822 -0.452138 0.166078
v -0.140661 -0.458425 0.151470
v -0.111224 -0.453197 0.183946
v -0.155617 -0.365107 0.069418
v -0.145948 -0.393012 0.087408
v -0.148442 -0.387051 0.108494
v -0.184117 -0.319908 0.107197
v -0.195006 -0.319337 0.085249
v -0.183970 -0.342380 0.069941
v -0.170127 -0.354157 0.052982
v 0.038712 -0.507823 0.129567
v 0.058497 -0.507283 0.137237
v 0.045062 -0.506839 0.156267
v 0.022282 -0.505396 0.168297
v 0.016908 -0.506087 0.149884
v 0.016977 -0.507420 0.124620
v 0.049964 -0.508111 0.090647
v 0.058237 -0.507303 0.076777
v 0.074971 -0.507308 0.099824
v 0.078889 -0.506830 0.120680
v 0.064111 -0.507810 0.118804
v 0.043842 -0.508509 0.109203
v -0.078152 -0.502427 0.086253
v -0.047509 -0.503731 0.070787
v -0.041772 -0.505051 0.097056
v -0.039804 -0.504998 0.126314
v -0.071369 -0.503530 0.125263
v -0.093950 -0.501208 0.111192
v 0.071330 -0.441398 0.178501
v 0.048341 -0.420550 0.170890
v 0.032658 -0.429228 0.191077
v 0.018713 -0.442328 0.203786
v 0.052929 -0.458754 0.200893
v 0.081301 -0.459471 0.183361
v 0.075455 -0.111741 0.171633
v 0.061649 -0.080464 0.164920
v 0.036361 -0.077481 0.177951
v 0.026251 -0.074785 0.183094
v 0.023318 -0.094713 0.196170
v 0.010710 -0.114719 0.209664
v 0.014058 -0.125921 0.210929
v 0.015481 -0.027101 0.144501
v 0.028455 -0.027560 0.136277
v 0.014761 -0.011757 0.126479
v 0.005996 -0.002080 0.118186
v -0.016200 0.005641 0.125985
v -0.010215 -0.001231 0.144579
v 0.009107 -0.025428 0.151497
v 0.094198 0.094493 0.118967
v 0.071808 0.092290 0.139769
v 0.060528 0.056721 0.114667
v 0.051582 0.040162 0.100322
v 0.065857 0.038727 0.073866
v 0.117037 0.065272 0.079424
v 0.120050 0.096719 0.105967
v 0.089582 0.044089 0.038563
v 0.113855 0.050330 0.040345
v 0.076875 0.035673 0.034855
v -0.042752 -0.393599 0.191776
v -0.076207 -0.400573 0.188099
v -0.074034 -0.433467 0.196235
v -0.077221 -0.456010 0.200656
v -0.037565 -0.459537 0.210120
v 0.004194 -0.471278 0.213403
v 0.010562 -0.454445 0.210067
v -0.006887 -0.416567 0.195670
v -0.017590 -0.386105 0.185330
v -0.117480 0.418779 0.265303
v -0.115181 0.450840 0.249607
v -0.135663 0.441475 0.243024
v -0.142009 0.400642 0.250942
v -0.124327 0.390474 0.264374
v -0.150091 0.419938 0.229034
v -0.140433 -0.117034 0.193796
v -0.149133 -0.094962 0.176769
v -0.176620 -0.111349 0.155299
v -0.134680 -0.161055 0.209905
v -0.116583 -0.133581 0.212331
v -0.181241 -0.194832 0.172041
v -0.147306 -0.199070 0.202248
v -0.207393 -0.204493 0.130600
v -0.087572 0.010783 0.120066
v -0.105358 0.007437 0.106102
v -0.108854 0.001050 0.112887
v -0.113132 -0.005080 0.117897
v -0.097163 -0.003633 0.133015
v -0.092097 -0.000535 0.144058
v -0.084241 0.006123 0.142341
v -0.066192 0.011208 0.133988
v -0.067036 0.013161 0.126025
v -0.064812 0.011584 0.141686
v -0.024881 -0.047893 0.382339
v -0.045100 -0.044435 0.384322
v -0.039140 -0.058803 0.402032
v -0.013582 -0.068261 0.401788
v -0.003247 -0.058541 0.383146
v -0.026719 -0.075214 0.413856
v -0.041549 -0.081493 0.419689
v -0.052830 -0.063714 0.408713
v -0.065403 -0.070107 0.410695
v -0.057484 -0.093893 0.418335
v -0.037412 -0.096649 0.419429
v -0.076097 -0.078251 0.410327
v -0.076737 -0.050918 0.389439
v -0.089675 -0.058678 0.387980
v -0.100381 -0.068270 0.383813
v -0.085752 -0.087414 0.407134
v -0.062924 -0.103676 0.412657
v -0.092957 -0.097397 0.399722
v -0.069560 -0.112596 0.402499
v -0.045799 -0.120024 0.396666
v -0.039980 -0.108656 0.410088
v -0.022957 -0.122802 0.390684
v -0.018252 -0.107504 0.405677
v -0.017902 -0.091862 0.416401
v 0.001225 -0.101751 0.397640
v -0.001957 -0.083436 0.404593
v 0.016583 -0.090368 0.378637
v 0.011139 -0.072715 0.382832
v 0.024821 -0.076351 0.347083
v 0.018618 -0.057685 0.352319
v 0.003219 -0.043352 0.356269
v 0.018626 -0.042615 0.316043
v 0.003282 -0.027214 0.321759
v -0.020331 -0.017167 0.326149
v -0.020170 -0.033308 0.357920
v -0.046095 -0.012329 0.328122
v -0.045363 -0.028739 0.359426
v -0.067956 -0.011296 0.328313
v -0.066206 -0.028216 0.360980
v -0.061589 -0.045722 0.387835
v -0.083238 -0.032132 0.360853
v -0.085688 -0.013707 0.326965
v -0.098894 -0.022106 0.323436
v -0.097054 -0.039439 0.358320
v -0.109273 -0.034236 0.318853
v -0.107770 -0.050006 0.353353
v -0.115326 -0.051327 0.312593
v -0.114112 -0.064845 0.346593
v -0.106535 -0.079787 0.377580
v -0.115152 -0.082195 0.340680
v -0.116686 -0.071022 0.306343
v -0.113547 -0.092194 0.300849
v -0.111681 -0.102799 0.335013
v -0.103441 -0.111001 0.296031
v -0.098110 -0.122637 0.329942
v -0.085164 -0.122943 0.292514
v -0.075352 -0.135561 0.325082
v -0.070306 -0.142710 0.349026
v -0.063147 -0.139962 0.368492
v -0.049895 -0.141867 0.320993
v -0.045004 -0.152096 0.343595
v -0.039033 -0.150535 0.362413
v -0.007651 -0.138966 0.369770
v -0.030253 -0.138623 0.376356
v -0.053809 -0.131001 0.382666
v -0.002638 -0.119176 0.382829
v 0.007876 -0.131102 0.355409
v 0.012658 -0.110175 0.367377
v 0.013762 -0.115480 0.332280
v 0.022356 -0.097452 0.341120
v 0.019958 -0.100770 0.299707
v 0.026756 -0.083077 0.305574
v 0.026448 -0.062443 0.310730
v 0.026614 -0.074198 0.269065
v 0.025365 -0.053114 0.273835
v 0.017275 -0.031014 0.280014
v 0.023755 -0.045480 0.240964
v 0.014612 -0.022829 0.244907
v -0.002133 -0.003455 0.249561
v 0.000805 -0.013128 0.286207
v -0.026115 0.007269 0.252808
v -0.022943 -0.002286 0.290497
v -0.049218 0.010113 0.253316
v -0.047710 0.001867 0.292051
v -0.067890 0.010267 0.252567
v -0.068055 0.002129 0.291518
v -0.084212 0.007006 0.250930
v -0.085034 -0.000574 0.289693
v -0.095969 -0.002580 0.248469
v -0.097802 -0.009780 0.286299
v -0.105774 -0.015193 0.245637
v -0.107409 -0.022819 0.282232
v -0.113373 -0.032265 0.242498
v -0.114522 -0.039761 0.277344
v -0.115796 -0.052468 0.239045
v -0.116797 -0.060866 0.271908
v -0.113771 -0.072086 0.236559
v -0.114257 -0.080860 0.266677
v -0.106353 -0.089638 0.236120
v -0.105730 -0.098481 0.261707
v -0.091442 -0.104137 0.237731
v -0.090738 -0.111528 0.259386
v -0.069571 -0.113896 0.241031
v -0.067394 -0.118712 0.259620
v -0.059856 -0.127351 0.289737
v -0.038855 -0.119285 0.260642
v -0.034668 -0.125811 0.288943
v -0.011365 -0.115030 0.261669
v -0.011890 -0.121065 0.290506
v 0.009271 -0.106599 0.262538
v 0.007538 -0.113442 0.294009
v 0.022022 -0.092858 0.264882
v 0.008580 -0.101144 0.238134
v 0.021494 -0.086344 0.236798
v 0.025698 -0.067430 0.238205
v 0.018593 -0.082713 0.217008
v 0.023618 -0.064058 0.212052
v 0.021316 -0.039963 0.208225
v 0.020359 -0.066210 0.198285
v 0.018630 -0.041490 0.187828
v 0.009263 -0.015791 0.180085
v 0.011382 -0.016270 0.209244
v -0.008899 0.004632 0.178675
v -0.006383 0.002442 0.212670
v -0.033757 0.015431 0.179574
v -0.029618 0.012992 0.214737
v -0.055501 0.017212 0.180329
v -0.051463 0.016054 0.215072
v -0.072045 0.014987 0.180403
v -0.068954 0.015075 0.214850
v -0.084408 0.008555 0.180085
v -0.083570 0.010072 0.213623
v -0.094346 -0.001876 0.179715
v -0.094853 0.000676 0.211897
v -0.103231 -0.015084 0.180289
v -0.104504 -0.012162 0.210362
v -0.111512 -0.032837 0.184095
v -0.112437 -0.029761 0.209383
v -0.113842 -0.052988 0.191592
v -0.114553 -0.050195 0.210066
v -0.110020 -0.072381 0.201010
v -0.111794 -0.070127 0.214409
v -0.102763 -0.088648 0.208859
v -0.104247 -0.087419 0.219564
v -0.089778 -0.101494 0.216800
v -0.090498 -0.101191 0.225332
v -0.069641 -0.112133 0.222717
v -0.069545 -0.111557 0.230742
v -0.042484 -0.116441 0.225558
v -0.041570 -0.115375 0.234500
v -0.040617 -0.116667 0.244598
v -0.014595 -0.111925 0.231314
v -0.012643 -0.112122 0.242285
v 0.005941 -0.099801 0.224100
v -0.016088 -0.114234 0.224260
v 0.004327 -0.101806 0.216364
v 0.016338 -0.084815 0.206803
v 0.006477 -0.107485 0.211119
v 0.017747 -0.089320 0.200149
v 0.020366 -0.070184 0.189589
v 0.022864 -0.050065 0.168202
v 0.017977 -0.045934 0.177105
v 0.007896 -0.020690 0.163342
v -0.010579 0.001653 0.156255
v -0.040269 0.011429 0.142781
v -0.038288 0.013399 0.155674
v -0.060973 0.014041 0.155608
v -0.077952 0.010311 0.156198
v -0.088064 0.003484 0.156999
v -0.098746 -0.008897 0.146627
v -0.096418 -0.005751 0.158699
v -0.106270 -0.023408 0.150085
v -0.104792 -0.019106 0.161840
v -0.116533 -0.042980 0.160115
v -0.112149 -0.038250 0.169549
v -0.121269 -0.063145 0.170730
v -0.113921 -0.057941 0.179221
v -0.120186 -0.083224 0.184032
v -0.111455 -0.077688 0.189650
v -0.113130 -0.100868 0.197952
v -0.104948 -0.094220 0.201181
v -0.098249 -0.113775 0.210754
v -0.092818 -0.107274 0.211256
v -0.075866 -0.125838 0.219180
v -0.071990 -0.118563 0.218587
v -0.045658 -0.133649 0.222303
v -0.043836 -0.124369 0.221475
v -0.014987 -0.129098 0.220002
v -0.015771 -0.120923 0.220039
v -0.047885 -0.143365 0.223531
v -0.014045 -0.139812 0.221194
v -0.051048 -0.156482 0.224578
v -0.013498 -0.156941 0.222292
v 0.022728 -0.151527 0.213536
v -0.014773 -0.182386 0.223932
v 0.025522 -0.183959 0.214359
v 0.063037 -0.186478 0.194826
v 0.056160 -0.146985 0.196951
v 0.096463 -0.191577 0.172544
v 0.090681 -0.150794 0.174994
v 0.126088 -0.198490 0.155235
v 0.122915 -0.154750 0.159164
v 0.111286 -0.113920 0.157483
v 0.095081 -0.079278 0.149540
v 0.149058 -0.161234 0.125628
v 0.138378 -0.119115 0.125477
v 0.122573 -0.081270 0.120748
v 0.101168 -0.048562 0.111752
v 0.074422 -0.049363 0.137897
v 0.156909 -0.126106 0.080125
v 0.142042 -0.086550 0.078492
v 0.121223 -0.052033 0.074577
v 0.096855 -0.025566 0.068553
v 0.077481 -0.024849 0.100205
v 0.150724 -0.091261 0.033816
v 0.131219 -0.055101 0.033477
v 0.108290 -0.028069 0.031971
v 0.091724 -0.013891 0.030490
v 0.080619 -0.013333 0.063938
v 0.133823 -0.056652 -0.008786
v 0.110687 -0.028638 -0.007250
v 0.094279 -0.013584 -0.005895
v 0.082502 -0.005407 -0.004977
v 0.080219 -0.004819 0.029348
v 0.104859 -0.029340 -0.045849
v 0.087195 -0.014565 -0.041584
v 0.076685 -0.005672 -0.038868
v 0.067578 -0.001595 -0.036653
v 0.072890 -0.000725 -0.004272
v 0.071938 -0.016350 -0.074549
v 0.056632 -0.008498 -0.070367
v 0.052616 -0.004270 -0.065157
v 0.047608 0.003205 -0.062485
v 0.060606 0.003517 -0.034927
v 0.022787 0.005224 -0.082875
v 0.022110 0.015653 -0.080325
v 0.046440 0.011600 -0.062695
v -0.005114 0.011839 -0.095417
v -0.002831 0.021722 -0.095642
v 0.001247 0.028693 -0.103291
v 0.025740 0.024433 -0.086222
v -0.025463 0.019386 -0.104624
v -0.023551 0.026618 -0.108456
v -0.021060 0.033363 -0.115349
v -0.018530 0.040260 -0.123320
v 0.005492 0.036148 -0.111451
v -0.043523 0.029733 -0.116192
v -0.042639 0.035273 -0.122882
v -0.041894 0.041578 -0.130754
v -0.040895 0.052291 -0.143579
v -0.015456 0.049297 -0.134453
v -0.064732 0.037447 -0.123115
v -0.065652 0.043659 -0.131014
v -0.067423 0.054655 -0.145697
v -0.069160 0.075691 -0.168913
v -0.038512 0.073153 -0.164901
v -0.090082 0.042118 -0.127741
v -0.095453 0.053187 -0.142893
v -0.102574 0.076794 -0.165420
v -0.108128 0.111746 -0.186556
v -0.069934 0.110505 -0.192077
v -0.123354 0.054677 -0.130698
v -0.135154 0.080877 -0.150581
v -0.144657 0.115395 -0.170206
v -0.150260 0.154334 -0.184360
v -0.111860 0.150668 -0.203685
v -0.162849 0.086297 -0.126936
v -0.174248 0.122412 -0.141486
v -0.181340 0.161264 -0.153446
v -0.183478 0.203274 -0.160464
v -0.151403 0.196576 -0.192421
v -0.194826 0.128101 -0.105746
v -0.202730 0.167520 -0.114464
v -0.203921 0.209360 -0.120679
v -0.217827 0.169926 -0.073706
v -0.218435 0.212372 -0.079418
v -0.226798 0.170210 -0.031005
v -0.228992 0.212866 -0.034732
v -0.225315 0.255119 -0.038018
v -0.216204 0.296027 -0.040583
v -0.231484 0.212020 0.012612
v -0.229251 0.253474 0.011409
v -0.221714 0.292940 0.009418
v -0.208601 0.328199 0.007248
v -0.202505 0.331645 -0.041214
v -0.186866 0.363068 -0.038972
v -0.169937 0.372096 -0.079236
v -0.192673 0.360030 0.005203
v -0.170716 0.389237 0.003163
v -0.164641 0.390706 -0.036650
v -0.186853 0.361757 0.049501
v -0.166270 0.388837 0.042449
v -0.138367 0.406433 0.039130
v -0.142231 0.407974 0.001524
v -0.170399 0.368844 0.087635
v -0.152958 0.390962 0.075520
v -0.130112 0.405330 0.067736
v -0.106558 0.412818 0.065846
v -0.110610 0.416280 0.038170
v -0.141011 0.394665 0.094142
v -0.123405 0.405865 0.084542
v -0.103664 0.412657 0.081621
v -0.120054 0.414086 0.096580
v -0.101758 0.420883 0.093522
v -0.084733 0.424414 0.093606
v -0.071298 0.423233 0.098998
v -0.099262 0.446269 0.102266
v -0.080355 0.448469 0.104149
v -0.067716 0.442532 0.114234
v -0.062082 0.430140 0.130068
v -0.062916 0.413732 0.118940
v -0.078785 0.472329 0.129857
v -0.066446 0.462596 0.137505
v -0.061836 0.447598 0.150690
v -0.061912 0.426867 0.172586
v -0.061155 0.410244 0.156525
v -0.062011 0.387672 0.191094
v -0.060475 0.374939 0.179908
v -0.058685 0.396978 0.147444
v -0.056407 0.365095 0.170442
v -0.052998 0.386195 0.139505
v -0.045384 0.358993 0.165223
v -0.040162 0.382090 0.135670
v -0.028311 0.356697 0.163990
v -0.022344 0.381807 0.134073
v -0.021293 0.402759 0.102353
v 0.008396 0.377033 0.128411
v 0.012097 0.396495 0.094350
v 0.013226 0.409736 0.058401
v -0.022144 0.418410 0.067762
v 0.012806 0.416442 0.021606
v -0.023246 0.425617 0.027817
v 0.010899 0.416596 -0.016788
v -0.025717 0.426338 -0.014530
v -0.057037 0.427446 -0.010759
v -0.028746 0.419344 -0.058292
v -0.084564 0.424718 -0.005576
v -0.109879 0.416299 -0.043308
v -0.113052 0.418227 -0.001375
v -0.137346 0.407524 -0.037248
v -0.104908 0.415183 -0.069410
v -0.127832 0.407949 -0.066707
v -0.151095 0.395164 -0.070347
v -0.120445 0.414331 -0.084548
v -0.138838 0.401435 -0.090611
v -0.152658 0.382257 -0.103348
v -0.138213 0.420580 -0.103013
v -0.147835 0.396230 -0.117662
v -0.138639 0.451380 -0.121197
v -0.151746 0.422132 -0.136698
v -0.155499 0.388742 -0.157186
v -0.156195 0.363613 -0.179368
v -0.150771 0.348165 -0.202319
v -0.131489 0.337894 -0.218631
v -0.127918 0.316319 -0.194317
v -0.107503 0.334596 -0.226870
v -0.136696 0.282134 -0.188952
v -0.111589 0.237135 -0.211398
v -0.146965 0.239154 -0.193234
v -0.113148 0.193305 -0.211830
v -0.071864 0.241775 -0.213029
v -0.070856 0.193407 -0.214356
v -0.070239 0.150752 -0.208216
v -0.029227 0.193135 -0.210699
v -0.030135 0.149908 -0.203854
v -0.034124 0.108869 -0.187697
v 0.006910 0.146068 -0.191713
v -0.000959 0.104048 -0.177091
v -0.009909 0.069022 -0.154630
v 0.030275 0.097399 -0.160869
v 0.017822 0.063064 -0.139273
v 0.010078 0.045284 -0.121289
v 0.031106 0.031425 -0.094507
v 0.052256 0.029100 -0.069702
v 0.048071 0.020536 -0.065616
v 0.066296 0.028450 -0.036533
v 0.061015 0.020123 -0.035405
v 0.058406 0.011607 -0.034638
v 0.066154 0.019910 -0.002685
v 0.062957 0.011854 -0.003114
v 0.065096 0.003871 -0.003566
v 0.060428 0.012771 0.028327
v 0.062694 0.004796 0.027829
v 0.070243 -0.000289 0.028393
v 0.053042 0.005980 0.056232
v 0.060199 -0.000137 0.057996
v 0.069855 -0.004809 0.060927
v 0.043006 -0.000440 0.082092
v 0.051166 -0.007173 0.086808
v 0.061997 -0.012945 0.092803
v 0.027502 -0.005724 0.107067
v 0.036388 -0.014596 0.113956
v 0.052410 -0.027496 0.122480
v 0.047357 -0.050826 0.153482
v 0.030455 -0.051856 0.161662
v 0.020997 0.001828 0.100286
v -0.000048 0.005680 0.110594
v -0.004940 0.013997 0.104174
v -0.024886 0.019940 0.116856
v -0.022630 0.012826 0.119045
v 0.015499 0.009810 0.092946
v 0.015904 0.021170 0.094561
v -0.003761 0.024582 0.108733
v 0.037272 0.007865 0.078903
v 0.035211 0.017428 0.079006
v 0.038057 0.025141 0.084568
v 0.019946 0.027170 0.102785
v 0.050547 0.014990 0.056843
v 0.053215 0.024058 0.060802
v 0.058644 0.030112 0.066453
v 0.044388 0.031186 0.092335
v 0.063967 0.021011 0.030069
v 0.069089 0.027782 0.032194
v 0.071851 0.027250 -0.002069
v 0.079376 0.034837 -0.001237
v 0.091102 0.042268 -0.000067
v 0.111009 0.047563 0.001520
v 0.140050 0.059491 -0.032167
v 0.144291 0.057114 0.003771
v 0.148967 0.062052 0.038809
v 0.152926 0.076311 0.070453
v 0.180401 0.075992 0.003588
v 0.184070 0.081136 0.033404
v 0.187722 0.091358 0.059600
v 0.188212 0.111098 0.083104
v 0.153502 0.100079 0.095856
v 0.214237 0.104093 0.023019
v 0.216856 0.115213 0.044878
v 0.216472 0.131288 0.064875
v 0.213134 0.152409 0.079361
v 0.186002 0.137957 0.097689
v 0.230144 0.148376 0.024654
v 0.229435 0.162640 0.041619
v 0.226055 0.178113 0.055237
v 0.229798 0.192687 0.020321
v 0.231909 0.179732 0.003997
v 0.231285 0.202625 -0.013395
v 0.235953 0.214322 0.004218
v 0.227486 0.218501 -0.027205
v 0.232943 0.229579 -0.006947
v 0.227474 0.188134 -0.031996
v 0.220008 0.206024 -0.046281
v 0.231485 0.165223 -0.014887
v 0.226907 0.150471 -0.035407
v 0.230116 0.135741 0.004625
v 0.224147 0.126178 -0.017691
v 0.215388 0.138851 -0.055475
v 0.193902 0.130691 -0.077629
v 0.161788 0.127506 -0.093866
v 0.155684 0.158790 -0.100002
v 0.154213 0.191634 -0.095608
v 0.128395 0.128451 -0.101995
v 0.126122 0.163032 -0.104640
v 0.129014 0.196970 -0.097606
v 0.160259 0.221688 -0.079981
v 0.109942 0.166836 -0.110954
v 0.116256 0.202215 -0.105320
v 0.100202 0.170566 -0.128437
v 0.102345 0.210713 -0.124429
v 0.076830 0.178144 -0.154218
v 0.079445 0.220799 -0.150694
v 0.077566 0.259661 -0.140493
v 0.074574 0.290623 -0.126957
v 0.046575 0.230307 -0.177235
v 0.044728 0.270241 -0.168818
v 0.042784 0.303845 -0.155236
v 0.042914 0.333047 -0.136514
v 0.073067 0.314706 -0.111720
v 0.004653 0.279131 -0.189066
v 0.001427 0.314663 -0.175070
v 0.003097 0.345340 -0.153714
v 0.004623 0.373114 -0.125072
v 0.043544 0.357425 -0.111209
v -0.030408 0.349635 -0.159630
v -0.026925 0.376435 -0.130279
v -0.026655 0.401129 -0.097133
v 0.006414 0.394960 -0.091482
v -0.049060 0.350869 -0.160624
v -0.043552 0.376313 -0.132061
v -0.061606 0.356005 -0.166261
v -0.056386 0.381071 -0.138239
v -0.064204 0.366747 -0.181386
v -0.061216 0.392374 -0.148913
v -0.063407 0.414479 -0.116366
v -0.070579 0.428410 -0.095602
v -0.063062 0.404060 -0.162759
v -0.063735 0.427142 -0.130775
v -0.065405 0.442077 -0.111210
v -0.075683 0.451132 -0.097883
v -0.082538 0.431987 -0.086179
v -0.095601 0.450686 -0.092495
v -0.100398 0.427156 -0.083812
v -0.119048 0.440104 -0.093419
v -0.089594 0.474585 -0.114971
v -0.114949 0.468786 -0.113774
v -0.084754 0.486805 -0.148722
v -0.107284 0.486924 -0.146666
v -0.083702 0.484460 -0.187130
v -0.103792 0.487593 -0.185973
v -0.086664 0.464938 -0.224772
v -0.106231 0.468693 -0.225311
v -0.089470 0.431008 -0.248486
v -0.107306 0.435679 -0.251031
v -0.088672 0.394850 -0.253369
v -0.107151 0.397754 -0.258248
v -0.086513 0.363475 -0.243302
v -0.108193 0.362547 -0.247732
v -0.083701 0.336903 -0.224067
v -0.072822 0.369138 -0.227565
v -0.070314 0.346366 -0.208412
v -0.067442 0.381541 -0.199343
v 0.008551 0.409443 -0.054841
v 0.046755 0.387736 -0.049626
v 0.044674 0.375738 -0.081408
v 0.078148 0.355668 -0.043063
v 0.074940 0.347580 -0.069208
v 0.073103 0.333588 -0.092415
v 0.093882 0.321224 -0.059934
v 0.093845 0.311531 -0.075671
v 0.080395 0.359859 -0.015725
v 0.049322 0.394140 -0.016958
v 0.050280 0.395061 0.016845
v 0.081391 0.359334 0.012673
v 0.079306 0.357411 0.043578
v 0.097315 0.326483 0.041955
v 0.048414 0.389137 0.050340
v 0.046500 0.378497 0.084193
v 0.075145 0.351518 0.074610
v 0.071676 0.338187 0.102435
v 0.093128 0.324101 0.068179
v 0.043878 0.362204 0.117383
v 0.040253 0.339402 0.146475
v 0.069722 0.319292 0.126179
v 0.002669 0.351884 0.159666
v 0.035650 0.310147 0.169301
v 0.032532 0.276167 0.186193
v 0.066588 0.265520 0.164044
v 0.067904 0.294879 0.146402
v 0.094872 0.254252 0.139179
v 0.064683 0.228083 0.176092
v 0.092173 0.219676 0.151210
v 0.115139 0.211662 0.128030
v 0.087790 0.178661 0.155803
v 0.109769 0.173175 0.133953
v 0.125687 0.170126 0.120352
v 0.131759 0.207220 0.112142
v 0.151175 0.167574 0.115266
v 0.154394 0.202240 0.105591
v 0.162120 0.233606 0.083795
v 0.178339 0.248094 0.048366
v 0.198049 0.238402 0.048034
v 0.209067 0.245087 0.023452
v 0.191439 0.249697 0.017875
v 0.122128 0.132638 0.118634
v 0.151597 0.131884 0.111585
v 0.102987 0.133593 0.132028
v 0.081686 0.135068 0.154092
v 0.062179 0.184398 0.180069
v 0.056527 0.138921 0.175712
v 0.047428 0.095872 0.161239
v 0.025304 0.143835 0.193642
v 0.018254 0.101589 0.179013
v 0.010715 0.066024 0.157157
v 0.036822 0.060882 0.137835
v 0.005463 0.046394 0.138424
v 0.029852 0.043203 0.121747
v 0.002296 0.037055 0.127399
v 0.024946 0.033785 0.111979
v -0.000808 0.030552 0.117912
v -0.022271 0.040180 0.137554
v -0.023432 0.033540 0.129191
v -0.024673 0.027163 0.121410
v -0.047571 0.035007 0.133573
v -0.047196 0.029867 0.127290
v -0.046818 0.023623 0.122203
v -0.069791 0.030904 0.126016
v -0.068096 0.025019 0.120426
v -0.067396 0.018107 0.120300
v -0.046113 0.016742 0.122340
v -0.044675 0.012140 0.127883
v -0.040774 0.010411 0.134813
v -0.087388 0.024979 0.114317
v -0.086411 0.017100 0.113841
v -0.104335 0.023771 0.103205
v -0.101938 0.014848 0.101573
v -0.118308 0.023644 0.085732
v -0.115701 0.014568 0.084856
v -0.119877 0.006866 0.088234
v -0.125592 0.012865 0.062152
v -0.131132 0.005082 0.064306
v -0.138909 -0.001642 0.067605
v -0.126065 -0.000029 0.093119
v -0.147376 -0.009558 0.071435
v -0.132461 -0.006912 0.098615
v -0.156142 -0.020514 0.075423
v -0.140120 -0.015442 0.104683
v -0.118853 -0.012937 0.123835
v -0.150958 -0.029915 0.112449
v -0.128516 -0.025875 0.132640
v -0.114401 -0.025417 0.141537
v -0.104454 -0.011786 0.134886
v -0.141477 -0.046026 0.146576
v -0.126360 -0.044518 0.154191
v -0.149306 -0.070425 0.161085
v -0.133373 -0.065968 0.167247
v -0.132525 -0.087359 0.181766
v -0.122278 -0.106280 0.196576
v -0.105587 -0.121414 0.211330
v -0.086435 -0.147206 0.221671
v -0.080324 -0.134620 0.220315
v -0.097231 -0.172167 0.223423
v -0.056648 -0.179086 0.226266
v -0.107389 -0.206398 0.220023
v -0.063821 -0.211048 0.224259
v -0.019612 -0.214953 0.221776
v -0.070008 -0.243837 0.213750
v -0.027226 -0.246550 0.212015
v 0.013279 -0.251141 0.203367
v 0.021904 -0.219144 0.210773
v 0.050251 -0.257599 0.185103
v 0.060849 -0.224497 0.191232
v 0.078378 -0.264957 0.158882
v 0.092396 -0.231319 0.165442
v 0.101563 -0.277808 0.136032
v 0.119621 -0.242588 0.145924
v 0.114770 -0.293781 0.105183
v 0.137372 -0.253574 0.112515
v 0.149677 -0.207490 0.121052
v 0.148744 -0.265842 0.069188
v 0.163590 -0.218515 0.074740
v 0.165582 -0.170138 0.078927
v 0.170026 -0.224742 0.029283
v 0.172015 -0.176218 0.031883
v 0.165752 -0.131263 0.033289
v 0.174035 -0.176102 -0.012476
v 0.167590 -0.132040 -0.011395
v 0.152646 -0.092562 -0.010058
v 0.160741 -0.127970 -0.059607
v 0.146551 -0.090762 -0.055768
v 0.127589 -0.056939 -0.051042
v 0.128201 -0.087495 -0.100481
v 0.110346 -0.056344 -0.091853
v 0.088961 -0.031164 -0.081765
v 0.084579 -0.056773 -0.124234
v 0.063624 -0.034787 -0.111616
v 0.052772 -0.060206 -0.144355
v 0.037595 -0.036800 -0.132406
v 0.032822 -0.059564 -0.159244
v 0.023062 -0.036969 -0.144933
v 0.011337 -0.019258 -0.132003
v 0.005436 -0.017151 -0.143041
v -0.002883 -0.005266 -0.138112
v 0.000310 -0.007471 -0.126847
v 0.015841 -0.035573 -0.154137
v 0.013490 -0.032370 -0.167030
v 0.006016 -0.013006 -0.159030
v 0.022957 -0.058599 -0.167855
v 0.018325 -0.056248 -0.178207
v 0.021799 -0.054765 -0.191173
v 0.018750 -0.031021 -0.186772
v 0.018944 -0.078001 -0.187812
v 0.020235 -0.076171 -0.198152
v 0.023533 -0.078200 -0.217152
v 0.025837 -0.058903 -0.217070
v 0.013417 -0.095403 -0.197830
v 0.012879 -0.092981 -0.205504
v 0.014486 -0.094631 -0.219221
v 0.015366 -0.102739 -0.244310
v 0.025293 -0.088384 -0.247004
v -0.004556 -0.107031 -0.214185
v -0.003859 -0.107659 -0.224044
v -0.004405 -0.112759 -0.243802
v -0.008107 -0.120533 -0.273314
v 0.011078 -0.113232 -0.277006
v -0.032980 -0.115176 -0.228451
v -0.032972 -0.118940 -0.244410
v -0.033037 -0.124834 -0.272620
v -0.030164 -0.141887 -0.303951
v -0.065628 -0.118456 -0.244482
v -0.062025 -0.125397 -0.275131
v -0.055479 -0.139939 -0.309473
v -0.051276 -0.148950 -0.335550
v -0.028551 -0.155549 -0.330817
v -0.088814 -0.119856 -0.278585
v -0.080653 -0.132362 -0.314877
v -0.073794 -0.138692 -0.342697
v -0.065844 -0.133975 -0.363680
v -0.045073 -0.145372 -0.356922
v -0.100584 -0.117606 -0.319860
v -0.107009 -0.105557 -0.282392
v -0.114291 -0.084507 -0.287215
v -0.111513 -0.096716 -0.323954
v -0.115193 -0.060721 -0.293354
v -0.113536 -0.073928 -0.329557
v -0.111384 -0.039655 -0.299662
v -0.109923 -0.054126 -0.335769
v -0.099875 -0.068734 -0.367825
v -0.085571 -0.085591 -0.389569
v -0.099890 -0.039207 -0.341346
v -0.089667 -0.057311 -0.371577
v -0.076311 -0.075697 -0.394050
v -0.070482 -0.102057 -0.396531
v -0.077198 -0.048632 -0.373409
v -0.065230 -0.067110 -0.395484
v -0.062206 -0.043723 -0.372220
v -0.051989 -0.060210 -0.393099
v -0.085349 -0.029734 -0.344757
v -0.068719 -0.025249 -0.345381
v -0.049693 -0.025497 -0.343523
v -0.070799 -0.008657 -0.310826
v -0.051140 -0.009389 -0.310767
v -0.027790 -0.012217 -0.309767
v -0.025775 -0.028534 -0.341305
v -0.003395 -0.019308 -0.306653
v -0.001732 -0.035720 -0.339816
v 0.014153 -0.030896 -0.301569
v 0.015211 -0.047430 -0.337423
v 0.010182 -0.064289 -0.368201
v -0.002503 -0.076385 -0.391694
v 0.025663 -0.062822 -0.332857
v 0.019435 -0.078695 -0.365732
v 0.004482 -0.091598 -0.390591
v -0.013707 -0.099875 -0.399547
v -0.016624 -0.083719 -0.406173
v 0.019406 -0.097316 -0.359932
v 0.004283 -0.108724 -0.379196
v -0.013895 -0.115271 -0.386651
v -0.033098 -0.116985 -0.390447
v 0.000152 -0.129127 -0.363786
v -0.017414 -0.133504 -0.369754
v -0.037461 -0.131839 -0.374120
v -0.023748 -0.150088 -0.352307
v -0.058115 -0.123715 -0.380311
v -0.053058 -0.111885 -0.394189
v 0.012551 -0.118390 -0.349034
v 0.028172 -0.082154 -0.328964
v 0.022235 -0.102768 -0.323794
v 0.029383 -0.066629 -0.291716
v 0.028399 -0.085050 -0.287926
v 0.023347 -0.101430 -0.282348
v 0.028319 -0.070653 -0.250995
v 0.027567 -0.053066 -0.255088
v 0.023675 -0.039083 -0.219992
v 0.022155 -0.033367 -0.260274
v 0.016775 -0.021768 -0.223921
v 0.010706 -0.013492 -0.187501
v 0.005586 -0.007481 -0.227703
v 0.001746 -0.002037 -0.189800
v -0.001402 -0.000948 -0.158675
v -0.010916 0.007558 -0.192332
v -0.011532 0.006987 -0.160169
v -0.011455 0.004958 -0.136987
v -0.026562 0.012417 -0.161186
v -0.025852 0.011218 -0.138270
v -0.025312 0.011250 -0.127442
v -0.010168 0.003077 -0.126474
v -0.025273 0.010499 -0.120587
v -0.043823 0.014517 -0.128067
v -0.043995 0.013802 -0.121424
v -0.044537 0.013476 -0.114640
v -0.025590 0.010175 -0.113655
v -0.025971 0.012829 -0.107069
v -0.044844 0.017440 -0.109747
v -0.044365 0.024016 -0.111175
v -0.063419 0.014754 -0.114536
v -0.063405 0.019487 -0.109930
v -0.063723 0.026465 -0.112159
v -0.064131 0.031870 -0.117040
v -0.081551 0.018275 -0.107738
v -0.083012 0.025423 -0.108612
v -0.084830 0.031362 -0.113094
v -0.087219 0.036794 -0.119850
v -0.099868 0.023749 -0.098775
v -0.104711 0.029523 -0.104630
v -0.109490 0.034252 -0.111178
v -0.114443 0.040561 -0.117765
v -0.121078 0.029796 -0.088720
v -0.127664 0.034877 -0.093551
v -0.134416 0.041569 -0.099137
v -0.147143 0.057321 -0.110820
v -0.142451 0.033647 -0.072001
v -0.150548 0.041670 -0.076464
v -0.164749 0.059420 -0.085276
v -0.182579 0.090187 -0.096431
v -0.163142 0.040100 -0.050145
v -0.178214 0.058581 -0.055441
v -0.196477 0.090245 -0.062128
v -0.209839 0.128985 -0.067782
v -0.185662 0.057954 -0.021539
v -0.204331 0.089366 -0.024512
v -0.218432 0.128249 -0.027664
v -0.205009 0.089275 0.013839
v -0.220388 0.127625 0.013824
v -0.228900 0.169615 0.013351
v -0.214268 0.127447 0.054754
v -0.223435 0.168406 0.057110
v -0.225638 0.210591 0.059360
v -0.210320 0.166702 0.099345
v -0.212176 0.207388 0.103927
v -0.191863 0.162286 0.141628
v -0.193942 0.201013 0.147572
v -0.166387 0.154223 0.180756
v -0.168353 0.193231 0.188821
v -0.164533 0.231304 0.192017
v -0.155251 0.265997 0.191563
v -0.132608 0.188804 0.216440
v -0.131199 0.227848 0.218138
v -0.125362 0.263841 0.212384
v -0.118745 0.293212 0.206754
v -0.141570 0.296508 0.191327
v -0.090691 0.230013 0.227698
v -0.090501 0.189005 0.228010
v -0.047402 0.191396 0.224399
v -0.048660 0.236491 0.223259
v -0.007677 0.191511 0.212108
v -0.007559 0.236661 0.210779
v 0.029714 0.188697 0.198675
v 0.031296 0.233936 0.196377
v -0.010192 0.148116 0.207020
v -0.048448 0.149322 0.216894
v -0.049672 0.109027 0.201858
v -0.014275 0.106949 0.193113
v -0.049352 0.074958 0.177795
v -0.018586 0.072285 0.170050
v -0.048619 0.052802 0.155055
v -0.020966 0.050718 0.149538
v -0.047989 0.041447 0.141523
v -0.077125 0.052500 0.155155
v -0.073606 0.041604 0.140098
v -0.071632 0.035585 0.132225
v -0.098462 0.039395 0.134180
v -0.094352 0.033947 0.126914
v -0.090741 0.029737 0.120472
v -0.115733 0.033862 0.113784
v -0.110120 0.028852 0.108373
v -0.132039 0.035212 0.093568
v -0.124915 0.029497 0.089271
v -0.145466 0.033263 0.069495
v -0.137024 0.027422 0.065920
v -0.129310 0.021789 0.062886
v -0.146074 0.024418 0.040031
v -0.136875 0.019706 0.037760
v -0.132382 0.011389 0.036954
v -0.141892 0.018135 0.011400
v -0.137528 0.011243 0.011113
v -0.142164 0.003645 0.011429
v -0.138222 0.003714 0.038264
v -0.150739 -0.003828 0.011877
v -0.147288 -0.003331 0.040351
v -0.160814 -0.013800 0.012217
v -0.156501 -0.012590 0.042255
v -0.172805 -0.028236 0.012095
v -0.167525 -0.025450 0.044458
v -0.190579 -0.051218 0.011458
v -0.183734 -0.046365 0.047567
v -0.170586 -0.039215 0.081891
v -0.201798 -0.078784 0.050885
v -0.187340 -0.067440 0.090627
v -0.164791 -0.054824 0.125204
v -0.173829 -0.083240 0.139154
v -0.209016 -0.085384 0.009501
v -0.190694 -0.052701 -0.026052
v -0.207766 -0.087761 -0.031590
v -0.181507 -0.051309 -0.064009
v -0.196257 -0.084722 -0.074798
v -0.206727 -0.121177 -0.084258
v -0.173678 -0.078387 -0.120677
v -0.179612 -0.111125 -0.136284
v -0.186749 -0.146455 -0.143451
v -0.213035 -0.158421 -0.091893
v -0.189753 -0.184984 -0.148049
v -0.212622 -0.195876 -0.103451
v -0.186814 -0.225462 -0.148273
v -0.207416 -0.233422 -0.111623
v -0.216511 -0.245207 -0.086645
v -0.220552 -0.252122 -0.075563
v -0.236822 -0.222957 -0.053194
v -0.242686 -0.196811 -0.028530
v -0.254312 -0.226487 -0.054828
v -0.262206 -0.201524 -0.030124
v -0.242718 -0.189812 0.001841
v -0.282293 -0.244869 -0.048630
v -0.289688 -0.225047 -0.020185
v -0.287328 -0.271653 -0.021907
v -0.293971 -0.254660 0.005400
v -0.278671 -0.293362 0.007042
v -0.284262 -0.277978 0.033444
v -0.258455 -0.310783 0.036405
v -0.262819 -0.295544 0.061304
v -0.231671 -0.319357 0.058708
v -0.234207 -0.298196 0.077278
v -0.232355 -0.269126 0.080144
v -0.234304 -0.238249 0.074316
v -0.213182 -0.292461 0.081459
v -0.218358 -0.262493 0.084757
v -0.224915 -0.230525 0.081513
v -0.238590 -0.210312 0.058375
v -0.213792 -0.256416 0.099570
v -0.219978 -0.220931 0.097934
v -0.203257 -0.246579 0.128241
v -0.206120 -0.289666 0.095221
v -0.195456 -0.285368 0.119016
v -0.175459 -0.278838 0.149425
v -0.181472 -0.238987 0.162409
v -0.148868 -0.275743 0.175787
v -0.151568 -0.238835 0.190489
v -0.113943 -0.274953 0.193974
v -0.112729 -0.241505 0.207704
v -0.074281 -0.273351 0.200415
v -0.110238 -0.305959 0.179152
v -0.075730 -0.304305 0.186107
v -0.042054 -0.305817 0.187765
v -0.035305 -0.275466 0.200848
v -0.011154 -0.308639 0.181877
v 0.001438 -0.279905 0.193650
v 0.014663 -0.313313 0.168012
v 0.033348 -0.286533 0.177105
v 0.033589 -0.319859 0.148040
v 0.057357 -0.294843 0.153852
v 0.045711 -0.327708 0.123052
v 0.072922 -0.305339 0.127772
v 0.083380 -0.325768 0.098997
v 0.122822 -0.307694 0.063976
v 0.127652 -0.313176 0.021970
v 0.154191 -0.271552 0.025691
v 0.129785 -0.309897 -0.021023
v 0.155636 -0.269190 -0.017261
v 0.171851 -0.223241 -0.014073
v 0.150938 -0.257905 -0.062669
v 0.166955 -0.214339 -0.062317
v 0.169130 -0.169812 -0.061742
v 0.150973 -0.202740 -0.109184
v 0.151201 -0.161047 -0.109383
v 0.142048 -0.122244 -0.106468
v 0.124079 -0.154076 -0.144014
v 0.113787 -0.118644 -0.140102
v 0.101059 -0.085857 -0.134092
v 0.126970 -0.193239 -0.143301
v 0.091112 -0.183902 -0.162212
v 0.119675 -0.232693 -0.138361
v 0.087838 -0.219641 -0.157971
v 0.052852 -0.210804 -0.187566
v 0.052535 -0.176183 -0.189917
v 0.011284 -0.204703 -0.207466
v 0.011870 -0.172494 -0.209222
v -0.032608 -0.198434 -0.214967
v -0.031130 -0.169179 -0.213944
v -0.030933 -0.149903 -0.211996
v -0.031515 -0.137987 -0.210588
v -0.073107 -0.160708 -0.212912
v -0.070270 -0.143126 -0.210670
v -0.068564 -0.133432 -0.208961
v -0.066577 -0.124121 -0.207979
v -0.032250 -0.127471 -0.209493
v -0.094213 -0.109932 -0.201994
v -0.090737 -0.104160 -0.205997
v -0.064855 -0.115557 -0.210644
v -0.109022 -0.093083 -0.187517
v -0.105966 -0.087120 -0.195272
v -0.105441 -0.083683 -0.205804
v -0.090130 -0.101501 -0.213133
v -0.117239 -0.068746 -0.169303
v -0.112883 -0.063914 -0.181470
v -0.112388 -0.060597 -0.197312
v -0.114342 -0.062024 -0.221989
v -0.107355 -0.084556 -0.222403
v -0.113377 -0.039144 -0.168415
v -0.112105 -0.036425 -0.192171
v -0.113972 -0.039049 -0.224025
v -0.115308 -0.048473 -0.258098
v -0.115368 -0.071311 -0.252873
v -0.105085 -0.016385 -0.191049
v -0.106723 -0.019847 -0.226650
v -0.109611 -0.027513 -0.262772
v -0.096065 -0.004842 -0.228875
v -0.099338 -0.011493 -0.266805
v -0.101226 -0.023199 -0.305065
v -0.086068 -0.000256 -0.270087
v -0.087395 -0.012666 -0.308990
v -0.069522 0.003970 -0.272453
v -0.083390 0.005653 -0.230995
v -0.067211 0.010741 -0.232690
v -0.049276 0.011766 -0.233457
v -0.050744 0.003779 -0.273389
v -0.028796 0.009995 -0.233180
v -0.028987 0.001517 -0.272861
v -0.009238 0.003995 -0.231166
v -0.006991 -0.005274 -0.270015
v 0.010437 -0.017033 -0.265475
v 0.024576 -0.046919 -0.296189
v -0.027408 0.013441 -0.194298
v -0.046797 0.015469 -0.194934
v -0.044835 0.015162 -0.161891
v -0.065037 0.013808 -0.194406
v -0.063831 0.013345 -0.161545
v -0.063613 0.013527 -0.138652
v -0.044009 0.014407 -0.138733
v -0.063617 0.014940 -0.127781
v -0.063533 0.014548 -0.121135
v -0.081862 0.012737 -0.112534
v -0.099731 0.006721 -0.102668
v -0.096971 0.014945 -0.097599
v -0.115161 0.005462 -0.087706
v -0.110784 0.013943 -0.082812
v -0.113975 0.023117 -0.084007
v -0.122058 0.013082 -0.063381
v -0.126095 0.022042 -0.064309
v -0.134355 0.028000 -0.067934
v -0.136149 0.019830 -0.041746
v -0.144585 0.024802 -0.044290
v -0.153785 0.030985 -0.047067
v -0.150356 0.023827 -0.016789
v -0.159644 0.030139 -0.017902
v -0.169551 0.039409 -0.019184
v -0.160179 0.029501 0.012816
v -0.170259 0.038790 0.013336
v -0.186571 0.057172 0.013909
v -0.164787 0.039906 0.044639
v -0.181045 0.057763 0.048555
v -0.200233 0.089233 0.052152
v -0.169659 0.059315 0.080802
v -0.187852 0.090418 0.088647
v -0.202018 0.127524 0.094753
v -0.170665 0.088710 0.122085
v -0.183907 0.124838 0.133345
v -0.147339 0.082020 0.150666
v -0.158421 0.117177 0.167362
v -0.116554 0.076875 0.169965
v -0.125250 0.110417 0.191589
v -0.130591 0.148460 0.207995
v -0.087237 0.108647 0.202304
v -0.089867 0.147598 0.220117
v -0.082498 0.075593 0.178175
v -0.106123 0.051997 0.148102
v -0.132289 0.054655 0.131337
v -0.121688 0.040285 0.119710
v -0.154157 0.057676 0.108964
v -0.139583 0.041978 0.098521
v -0.154360 0.041399 0.073494
v -0.155162 0.030626 0.042301
v -0.150717 0.023350 0.012117
v -0.141580 0.018775 -0.015828
v -0.131755 0.012151 -0.040769
v -0.137258 0.011470 -0.015393
v -0.136665 0.003755 -0.042939
v -0.142015 0.003808 -0.016071
v -0.145124 -0.003584 -0.046125
v -0.150540 -0.003479 -0.017195
v -0.154062 -0.012799 -0.049716
v -0.160443 -0.013423 -0.018747
v -0.165018 -0.026975 -0.054794
v -0.172418 -0.028070 -0.021266
v -0.143501 -0.011972 -0.079841
v -0.152459 -0.024639 -0.088107
v -0.164924 -0.047529 -0.102469
v -0.140867 -0.045032 -0.132030
v -0.124143 -0.045300 -0.144845
v -0.115901 -0.043727 -0.153191
v -0.104577 -0.019016 -0.161642
v -0.093614 -0.004950 -0.159959
v -0.094617 -0.001817 -0.191899
v -0.080984 0.007954 -0.160388
v -0.081691 0.008863 -0.193180
v -0.135270 -0.002910 -0.073018
v -0.127671 0.004708 -0.067484
v -0.108874 -0.092700 -0.247934
v -0.092236 -0.109561 -0.245032
v -0.091528 -0.102638 -0.224511
v -0.065964 -0.113766 -0.227596
v -0.065308 -0.112758 -0.218094
v -0.033312 -0.113965 -0.218983
v -0.032875 -0.118152 -0.211093
v -0.003661 -0.110957 -0.207101
v -0.076688 -0.192394 -0.214285
v -0.118695 -0.186691 -0.206440
v -0.078786 -0.229603 -0.207427
v -0.119573 -0.226899 -0.198698
v -0.155461 -0.224567 -0.179263
v -0.154946 -0.183137 -0.185062
v -0.117192 -0.263960 -0.186177
v -0.150488 -0.263667 -0.168518
v -0.177556 -0.264929 -0.142068
v -0.139923 -0.298888 -0.155135
v -0.163960 -0.301371 -0.133994
v -0.126967 -0.334567 -0.146727
v -0.143814 -0.339854 -0.128550
v -0.154065 -0.347395 -0.109128
v -0.135871 -0.376054 -0.132179
v -0.144043 -0.383172 -0.113912
v -0.147558 -0.391292 -0.094400
v -0.159536 -0.355406 -0.088329
v -0.144808 -0.400485 -0.073584
v -0.147926 -0.424432 -0.101210
v -0.143883 -0.434661 -0.081042
v -0.131279 -0.443406 -0.058762
v -0.133745 -0.409146 -0.051364
v -0.113164 -0.448117 -0.036254
v -0.116197 -0.414268 -0.030366
v -0.118054 -0.387819 -0.024912
v -0.120139 -0.372227 -0.016936
v -0.091948 -0.416272 -0.019784
v -0.092289 -0.391163 -0.018438
v -0.091761 -0.374620 -0.013442
v -0.090824 -0.364810 -0.001638
v -0.118533 -0.364974 -0.002997
v -0.064719 -0.395606 -0.016569
v -0.063504 -0.377799 -0.013584
v -0.062102 -0.367073 -0.002008
v -0.060830 -0.364683 0.012640
v -0.089044 -0.362427 0.012825
v -0.035747 -0.380847 -0.014319
v -0.034152 -0.368416 -0.002935
v -0.033054 -0.364118 0.011954
v -0.031901 -0.372404 0.025849
v -0.058883 -0.372922 0.026025
v -0.006414 -0.361617 0.011839
v -0.007088 -0.369443 0.027451
v -0.006273 -0.385734 0.033405
v -0.028811 -0.389879 0.030970
v 0.013995 -0.381424 0.042248
v 0.027986 -0.375574 0.063773
v 0.029264 -0.390758 0.070437
v 0.017159 -0.398471 0.047568
v -0.001228 -0.404931 0.035698
v 0.028502 -0.419186 0.050790
v 0.012171 -0.430118 0.036845
v 0.038274 -0.410011 0.075695
v 0.032520 -0.382321 0.101319
v 0.041690 -0.402262 0.106597
v 0.062081 -0.421500 0.111246
v 0.040817 -0.398031 0.135761
v 0.059298 -0.416911 0.143183
v 0.083961 -0.435484 0.148808
v 0.087852 -0.436767 0.114243
v 0.098253 -0.455414 0.152772
v 0.103763 -0.455369 0.117351
v 0.101829 -0.472744 0.154526
v 0.110038 -0.472521 0.119334
v 0.102037 -0.476268 0.083359
v 0.107793 -0.486681 0.120359
v 0.101433 -0.488754 0.085054
v 0.077302 -0.488999 0.052025
v 0.078904 -0.478204 0.051102
v 0.073727 -0.498755 0.056369
v 0.096120 -0.499649 0.088464
v 0.102121 -0.497753 0.121094
v 0.091886 -0.503988 0.121166
v 0.086364 -0.504836 0.093468
v 0.066667 -0.505001 0.065419
v 0.028545 -0.505417 0.057694
v 0.031474 -0.502008 0.042053
v -0.012229 -0.502487 0.046886
v -0.013712 -0.495679 0.030548
v -0.053985 -0.500542 0.049001
v -0.057897 -0.489399 0.032868
v -0.087963 -0.498363 0.065585
v -0.094683 -0.487183 0.049564
v -0.096486 -0.467867 0.040654
v -0.119632 -0.484252 0.077310
v -0.122939 -0.464523 0.065114
v -0.121697 -0.437267 0.056636
v -0.097702 -0.439281 0.038231
v -0.122911 -0.403013 0.050900
v -0.104244 -0.406126 0.038025
v -0.128274 -0.378039 0.041419
v -0.108783 -0.382408 0.034919
v -0.083148 -0.387390 0.032268
v -0.112900 -0.367259 0.026952
v -0.086855 -0.370182 0.026369
v -0.055236 -0.390893 0.030647
v -0.116524 -0.361333 0.012705
v -0.135619 -0.364281 0.029202
v -0.141806 -0.359504 0.014389
v -0.154336 -0.362059 0.038359
v -0.165310 -0.355096 0.021101
v -0.185087 -0.347024 0.034796
v -0.202984 -0.336224 0.013424
v -0.220856 -0.330046 0.034869
v -0.244206 -0.321897 0.010669
v -0.220776 -0.331980 -0.011430
v -0.198327 -0.334441 0.052286
v -0.207167 -0.317281 0.070146
v -0.261116 -0.309794 -0.018919
v -0.232097 -0.322175 -0.039391
v -0.267026 -0.292247 -0.048175
v -0.233175 -0.304568 -0.063580
v -0.143053 -0.373390 0.053875
v -0.136726 -0.398877 0.067605
v -0.137250 -0.432423 0.077876
v -0.146154 -0.425397 0.099270
v -0.145891 -0.452938 0.109333
v -0.147673 -0.445552 0.128042
v -0.148223 -0.417821 0.119699
v -0.137697 -0.459641 0.088455
v -0.132547 -0.479781 0.101023
v -0.139566 -0.473640 0.120104
v -0.126546 -0.487222 0.133015
v -0.131438 -0.480879 0.147442
v -0.143102 -0.466616 0.136728
v -0.119899 -0.492159 0.115762
v -0.101295 -0.499132 0.131676
v -0.106796 -0.496329 0.148476
v -0.109472 -0.496079 0.093386
v -0.111758 -0.490980 0.162667
v -0.073841 -0.501980 0.146433
v -0.077517 -0.500457 0.164091
v -0.081306 -0.497087 0.179663
v -0.082740 -0.488003 0.192201
v -0.042379 -0.502298 0.172627
v -0.043022 -0.499593 0.188998
v -0.042952 -0.491716 0.202046
v -0.041611 -0.477939 0.209504
v -0.081278 -0.473911 0.199587
v -0.005055 -0.501477 0.189310
v -0.002614 -0.495764 0.202497
v 0.000359 -0.484832 0.210366
v 0.034801 -0.500965 0.194483
v 0.040165 -0.493081 0.202942
v 0.044763 -0.482046 0.205951
v 0.049047 -0.470234 0.205355
v 0.074640 -0.497499 0.182898
v 0.079329 -0.486766 0.185422
v 0.082095 -0.474600 0.185833
v 0.100061 -0.486187 0.154406
v 0.095438 -0.497468 0.152910
v 0.066535 -0.503932 0.175792
v 0.085460 -0.504121 0.148878
v 0.056757 -0.506377 0.166575
v 0.073415 -0.506567 0.143654
v 0.028952 -0.504520 0.182469
v -0.007213 -0.503570 0.173066
v -0.040649 -0.503698 0.152469
v -0.009042 -0.504729 0.152869
v -0.009456 -0.506067 0.124055
v -0.009429 -0.506339 0.091940
v 0.020460 -0.508081 0.097408
v -0.010619 -0.504845 0.067605
v 0.024622 -0.507215 0.075963
v -0.143991 -0.439338 0.146223
v -0.131485 -0.434818 0.164395
v -0.129985 -0.407833 0.160449
v -0.143915 -0.411540 0.141035
v -0.142420 -0.379829 0.134581
v -0.128309 -0.374819 0.155358
v -0.131134 -0.340830 0.153990
v -0.150151 -0.345326 0.131827
v -0.107018 -0.405147 0.175802
v -0.106195 -0.371104 0.170364
v -0.106532 -0.337422 0.169190
v -0.140721 -0.308492 0.162371
v -0.076877 -0.366964 0.180153
v -0.075783 -0.334929 0.176497
v -0.047380 -0.362535 0.182878
v -0.046128 -0.333716 0.179356
v -0.021528 -0.359290 0.176492
v -0.019511 -0.333828 0.174144
v 0.000563 -0.357190 0.164818
v 0.003241 -0.335337 0.162469
v 0.018233 -0.356876 0.148020
v 0.020809 -0.338050 0.145243
v 0.027884 -0.358784 0.125280
v 0.031784 -0.342330 0.122523
v 0.028994 -0.365699 0.096344
v 0.031308 -0.377571 0.129920
v 0.021389 -0.377201 0.153598
v 0.030002 -0.399481 0.161235
v 0.003744 -0.380498 0.171589
v 0.013662 -0.405577 0.181223
v -0.164321 -0.314012 0.138098
v -0.108424 -0.433837 0.181770
v -0.062550 -0.420809 -0.016844
v -0.088366 -0.448862 -0.022222
v -0.057778 -0.451474 -0.016632
v -0.087684 -0.472895 -0.026051
v -0.058156 -0.473584 -0.017158
v -0.026526 -0.476561 -0.013687
v -0.060250 -0.490496 -0.021372
v -0.027932 -0.492471 -0.016858
v 0.006127 -0.496876 -0.017341
v 0.005154 -0.482884 -0.013599
v 0.044057 -0.500183 -0.028008
v 0.044706 -0.490554 -0.020796
v 0.077108 -0.501061 -0.053651
v 0.080305 -0.493338 -0.047225
v 0.080850 -0.483929 -0.044109
v 0.079613 -0.473167 -0.042905
v 0.100694 -0.494072 -0.080806
v 0.102736 -0.483609 -0.078475
v 0.101301 -0.471541 -0.077197
v 0.107735 -0.482384 -0.110351
v 0.106904 -0.468801 -0.109151
v 0.099192 -0.452793 -0.107675
v 0.083128 -0.435056 -0.105798
v 0.101383 -0.468488 -0.137687
v 0.095091 -0.451320 -0.136232
v 0.078705 -0.432646 -0.133880
v 0.052831 -0.415932 -0.130265
v 0.056155 -0.419807 -0.102994
v 0.044826 -0.417338 -0.154590
v 0.026725 -0.397306 -0.147544
v 0.035419 -0.395622 -0.125157
v 0.032043 -0.425828 -0.174088
v 0.012484 -0.403303 -0.165519
v 0.002264 -0.377868 -0.157105
v 0.017335 -0.374721 -0.141409
v 0.014591 -0.353617 -0.137666
v 0.025348 -0.354787 -0.117884
v 0.027182 -0.374187 -0.121147
v -0.001192 -0.353418 -0.152138
v 0.002774 -0.329765 -0.153831
v 0.019331 -0.333055 -0.137738
v -0.021407 -0.354920 -0.163054
v -0.019740 -0.327455 -0.163377
v -0.012865 -0.299168 -0.173855
v 0.013838 -0.304505 -0.161663
v -0.045724 -0.357888 -0.168998
v -0.046152 -0.327165 -0.168223
v -0.044335 -0.296043 -0.178722
v -0.040073 -0.264918 -0.194611
v -0.002259 -0.268923 -0.188276
v -0.075119 -0.328145 -0.165710
v -0.077764 -0.295043 -0.176817
v -0.079251 -0.263301 -0.193239
v -0.035709 -0.233017 -0.207480
v -0.110680 -0.296767 -0.170025
v -0.103341 -0.330409 -0.158341
v -0.073467 -0.362037 -0.167734
v -0.100224 -0.366488 -0.159991
v -0.121295 -0.370726 -0.148590
v -0.098958 -0.401834 -0.166579
v -0.120881 -0.405328 -0.153837
v -0.136275 -0.409444 -0.138102
v -0.121970 -0.433186 -0.158603
v -0.137005 -0.437576 -0.143041
v -0.145520 -0.444886 -0.126350
v -0.145832 -0.415687 -0.120210
v -0.147502 -0.453383 -0.108680
v -0.140053 -0.467114 -0.134368
v -0.139173 -0.476155 -0.117792
v -0.133127 -0.482629 -0.099102
v -0.142659 -0.461852 -0.088706
v -0.121821 -0.487315 -0.076975
v -0.129648 -0.468598 -0.066609
v -0.106619 -0.489161 -0.053414
v -0.112079 -0.472396 -0.043330
v -0.087627 -0.489437 -0.034151
v -0.106318 -0.498047 -0.087862
v -0.114790 -0.495574 -0.110229
v -0.089021 -0.501788 -0.120583
v -0.082926 -0.502828 -0.096215
v -0.058390 -0.504182 -0.127386
v -0.054423 -0.504905 -0.098396
v -0.026221 -0.505335 -0.129237
v -0.024204 -0.506071 -0.095817
v -0.024573 -0.505009 -0.067174
v 0.004194 -0.507510 -0.093503
v 0.006197 -0.506359 -0.065788
v 0.007096 -0.504792 -0.047248
v -0.025853 -0.503413 -0.048267
v 0.006965 -0.503010 -0.031106
v -0.027262 -0.500994 -0.030606
v 0.041520 -0.504103 -0.040927
v 0.071549 -0.504975 -0.062906
v 0.084785 -0.505856 -0.090931
v 0.094067 -0.502005 -0.085146
v 0.086298 -0.505652 -0.112982
v 0.097447 -0.501359 -0.112069
v 0.104501 -0.493096 -0.111280
v 0.092802 -0.501337 -0.136511
v 0.099340 -0.492742 -0.137990
v 0.101855 -0.482053 -0.138226
v 0.087918 -0.492378 -0.159544
v 0.090854 -0.482155 -0.160868
v 0.071683 -0.490594 -0.177856
v 0.074555 -0.479780 -0.179345
v 0.048942 -0.470951 -0.192238
v 0.046180 -0.483986 -0.191417
v 0.067414 -0.500113 -0.173606
v 0.043541 -0.495815 -0.187041
v 0.008099 -0.487470 -0.195570
v -0.031826 -0.479868 -0.196787
v 0.040296 -0.503223 -0.176064
v 0.007378 -0.498838 -0.185053
v -0.031239 -0.494555 -0.188271
v -0.069842 -0.490502 -0.183654
v -0.069368 -0.474735 -0.191011
v 0.006859 -0.503528 -0.169337
v -0.030085 -0.501626 -0.172576
v -0.067283 -0.499659 -0.168920
v -0.100839 -0.495255 -0.157565
v -0.028305 -0.503933 -0.153364
v -0.063076 -0.502669 -0.149913
v -0.095183 -0.499824 -0.140757
v -0.121543 -0.491162 -0.128588
v -0.125867 -0.483962 -0.143970
v 0.005364 -0.505382 -0.150220
v 0.003973 -0.506748 -0.126196
v 0.032529 -0.507067 -0.142413
v 0.030613 -0.508086 -0.120150
v 0.054682 -0.508234 -0.115849
v 0.073278 -0.507421 -0.114238
v 0.036441 -0.505772 -0.160613
v 0.082578 -0.500830 -0.156665
v -0.098376 -0.432205 -0.173445
v 0.006259 -0.238285 -0.199492
v 0.044889 -0.244540 -0.181601
v 0.030653 -0.275422 -0.172882
v 0.077059 -0.253917 -0.154785
v 0.057540 -0.284819 -0.150222
v 0.033440 -0.311552 -0.142416
v 0.074412 -0.294652 -0.122316
v 0.047471 -0.319846 -0.118138
v 0.030653 -0.337584 -0.116295
v 0.056996 -0.329947 -0.092276
v 0.038327 -0.343319 -0.091479
v 0.029681 -0.359197 -0.093601
v 0.039885 -0.352085 -0.064098
v 0.029906 -0.365734 -0.066858
v 0.029745 -0.383139 -0.069669
v 0.031257 -0.376687 -0.096201
v 0.035819 -0.405959 -0.072600
v 0.037826 -0.398367 -0.099525
v 0.023570 -0.391105 -0.044727
v 0.029895 -0.415912 -0.046311
v 0.060623 -0.342469 -0.062596
v 0.095122 -0.328285 -0.064408
v 0.096249 -0.339676 -0.024311
v 0.088265 -0.312080 -0.098435
v 0.116943 -0.281394 -0.102226
v 0.126644 -0.297187 -0.063863
v 0.100289 -0.267141 -0.130669
v 0.139037 -0.244151 -0.105848
v -0.241140 -0.192346 0.034132
v -0.135656 0.320159 0.202553
v -0.150137 0.329824 0.185210
v -0.115281 0.315743 0.214558
v -0.095280 0.316221 0.218873
v -0.093168 0.332798 0.237241
v -0.114617 0.333552 0.236005
v -0.136606 0.338705 0.226049
v -0.152733 0.349773 0.208432
v -0.110861 0.357258 0.255665
v -0.132586 0.363216 0.248371
v -0.149975 0.374990 0.232372
v -0.154747 0.392245 0.209297
v -0.156904 0.364388 0.185113
v -0.155698 0.382266 0.157881
v -0.151905 0.364352 0.142637
v -0.155103 0.344353 0.163065
v -0.156093 0.412540 0.182554
v -0.150875 0.404115 0.133526
v -0.149858 0.443060 0.204470
v -0.132443 0.465208 0.217805
v -0.111241 0.475766 0.223571
v -0.104346 0.488922 0.192086
v -0.098530 0.488536 0.159582
v -0.091766 0.478271 0.224219
v -0.085930 0.488396 0.191932
v -0.081242 0.485910 0.161147
v -0.097459 0.473935 0.127180
v -0.120985 0.439445 0.104679
v -0.135031 0.402918 0.105355
v -0.140186 0.424891 0.114815
v -0.143653 0.385039 0.121744
v -0.153902 0.377235 0.110293
v -0.096731 0.453588 0.252146
v -0.080764 0.449648 0.247400
v -0.100048 0.419920 0.267771
v -0.084580 0.418577 0.263375
v -0.104700 0.386646 0.267781
v -0.087756 0.385887 0.263509
v -0.090061 0.355831 0.254052
v -0.074814 0.360602 0.241488
v -0.077473 0.339503 0.226906
v -0.069351 0.352841 0.207447
v -0.069809 0.370517 0.220366
v -0.078239 0.324607 0.213263
v -0.068384 0.342026 0.196061
v 0.008685 0.235772 -0.196961
v -0.031935 0.239155 -0.209717
v 0.010589 0.190393 -0.197971
v 0.046368 0.185243 -0.178956
v 0.040956 0.139553 -0.174443
v 0.070552 0.133272 -0.152288
v 0.094646 0.129730 -0.127563
v 0.108665 0.129527 -0.108381
v 0.133856 0.096207 -0.089651
v 0.136949 0.072954 -0.065099
v 0.210152 0.097837 -0.001504
vn 0.3108 0.9428 -0.1205
vn 0.6595 0.6668 0.3472
vn 0.2289 0.8461 0.4814
vn -0.0852 0.9929 -0.0831
vn 0.2841 0.8730 -0.3963
vn 0.7886 0.5939 -0.1595
vn 0.0463 0.9720 -0.2303
vn 0.5197 0.3824 0.7640
vn 0.4483 0.2596 0.8554
vn 0.4787 0.6633 0.5753
vn 0.3244 0.7595 0.5638
vn 0.6804 0.4993 0.5364
vn 0.7052 0.3977 0.5870
vn 0.7534 0.2922 0.5891
vn 0.8281 0.2131 0.5184
vn 0.8004 -0.1516 0.5800
vn 0.7533 -0.1548 0.6392
vn 0.6829 0.5921 0.4279
vn 0.8333 -0.1028 -0.5432
vn 0.9353 0.2510 -0.2494
vn 1.0000 -0.0063 -0.0001
vn 0.8604 -0.1820 -0.4761
vn 0.5509 0.1934 -0.8119
vn 0.6669 0.5885 -0.4571
vn 0.6013 0.1174 -0.7904
vn 0.3574 -0.9312 0.0717
vn 0.1974 -0.9765 -0.0864
vn 0.2991 -0.9226 0.2437
vn 0.2518 -0.9673 0.0292
vn 0.6908 -0.7129 -0.1204
vn 0.4426 -0.7309 -0.5195
vn 0.4590 -0.8145 0.3548
vn 0.7698 -0.5988 0.2210
vn 0.4951 -0.8680 0.0394
vn 0.4821 -0.8482 0.2195
vn 0.6987 0.3615 -0.6174
vn 0.6354 0.5066 -0.5827
vn 0.2794 0.5137 -0.8112
vn 0.1915 0.5265 -0.8283
vn 0.7385 0.2064 -0.6418
vn 0.8065 0.1960 -0.5578
vn 0.4795 0.6351 -0.6056
vn 0.4663 0.4585 -0.7565
vn 0.7656 0.2228 -0.6035
vn 0.8649 0.5018 -0.0136
vn 0.8610 0.4224 0.2833
vn 0.6334 0.7692 -0.0842
vn 0.5159 0.7972 0.3135
vn 0.1700 0.8054 -0.5679
vn 0.1820 0.8160 -0.5487
vn 0.1590 0.9773 0.1403
vn 0.1800 0.9667 -0.1817
vn 0.2578 0.9257 -0.2769
vn 0.4292 0.9032 -0.0032
vn 0.6426 0.7529 0.1424
vn 0.7881 0.5930 0.1653
vn 0.7696 0.6180 -0.1604
vn 0.8031 0.5935 -0.0540
vn 0.8086 0.5880 0.0191
vn 0.7052 0.7090 -0.0078
vn 0.7221 0.6916 -0.0170
vn 0.5810 -0.4502 0.6781
vn 0.8744 -0.3884 0.2908
vn 0.5621 -0.8269 0.0157
vn 0.3368 -0.9323 -0.1318
vn 0.1476 -0.8668 0.4763
vn 0.2317 -0.4177 0.8785
vn -0.7174 0.6685 -0.1961
vn -0.4402 0.8711 -0.2180
vn -0.4360 0.7153 -0.5461
vn -0.7780 0.5018 -0.3779
vn -0.9552 0.2537 -0.1525
vn -0.8493 0.5278 0.0091
vn -0.5548 0.8224 0.1256
vn -0.7197 -0.5762 0.3873
vn -0.8600 -0.4676 0.2044
vn -0.6456 -0.7518 0.1341
vn -0.4951 -0.7591 0.4226
vn -0.7312 -0.4412 0.5203
vn -0.9410 -0.1662 0.2949
vn -0.3520 -0.7235 0.5939
vn 0.7083 -0.6890 0.1538
vn 0.3155 -0.9411 0.1215
vn 0.4678 -0.7752 -0.4245
vn 0.8449 -0.5113 -0.1574
vn 0.6915 -0.6516 0.3118
vn 0.2659 -0.8273 0.4949
vn 0.9016 -0.4299 0.0476
vn 0.1893 0.1445 -0.9712
vn 0.5069 -0.3822 -0.7726
vn 0.8563 -0.0222 -0.5159
vn 0.4401 0.3873 -0.8101
vn 0.1924 0.4861 -0.8524
vn 0.1820 0.3208 -0.9295
vn -0.2206 0.0647 -0.9732
vn -0.1252 -0.4786 -0.8690
vn -0.6423 -0.0770 -0.7625
vn -0.4999 -0.1309 -0.8561
vn -0.5018 -0.5441 -0.6724
vn -0.7248 -0.3465 -0.5954
vn -0.6595 0.0833 -0.7470
vn -0.4565 0.1282 -0.8804
vn -0.8288 -0.0819 -0.5535
vn 0.9802 0.1981 -0.0028
vn 0.9780 0.1865 0.0940
vn 0.9980 0.0569 -0.0286
vn 0.9859 0.1369 -0.0966
vn 0.8130 0.5787 0.0642
vn 0.7284 0.5827 0.3604
vn 0.8551 0.4849 -0.1834
vn 0.9766 0.0202 -0.2143
vn 0.9818 0.0038 -0.1901
vn 0.8642 -0.0412 -0.5015
vn 0.8366 0.1438 -0.5286
vn 0.8497 0.3466 -0.3973
vn 0.9818 0.0679 -0.1772
vn 0.9929 0.0157 -0.1176
vn 0.6191 0.7796 -0.0945
vn 0.5508 0.7505 -0.3652
vn 0.9294 0.3219 -0.1807
vn 0.7035 0.7077 0.0659
vn 0.3698 0.8517 -0.3713
vn 0.4009 0.9087 -0.1165
vn 0.2646 0.9614 -0.0756
vn 0.2945 0.9083 -0.2970
vn 0.6031 0.7253 -0.3321
vn 0.5804 0.6232 -0.5241
vn 0.5424 0.5707 -0.6165
vn 0.3421 0.7327 -0.5883
vn 0.3922 0.9196 -0.0236
vn 0.3380 0.8947 -0.2920
vn 0.5353 0.8356 -0.1232
vn 0.3642 0.9050 0.2198
vn 0.4171 0.8951 0.1574
vn 0.6720 0.5918 -0.4451
vn 0.6844 0.6585 -0.3132
vn 0.8939 0.4292 -0.1296
vn 0.9524 0.2852 0.1078
vn 0.9456 0.2296 0.2307
vn 0.9922 0.0497 0.1142
vn 0.9786 0.2039 0.0269
vn 0.7387 0.6597 0.1384
vn 0.6778 0.6058 0.4166
vn 0.8169 0.5702 -0.0871
vn 0.9784 0.0015 0.2068
vn 0.9840 0.0098 0.1776
vn 0.9234 0.1578 0.3498
vn 0.8931 0.0436 0.4477
vn 0.8697 -0.1007 0.4832
vn 0.9764 -0.0262 0.2144
vn 0.9872 0.0077 0.1593
vn 0.3912 -0.8557 -0.3387
vn 0.3741 -0.7697 -0.5174
vn 0.7598 -0.5887 -0.2759
vn 0.6947 -0.7189 0.0220
vn 0.0355 -0.9787 -0.2021
vn 0.0139 -0.8606 -0.5091
vn 0.2603 -0.8957 0.3606
vn -0.1722 -0.1967 -0.9652
vn -0.1671 -0.4999 -0.8498
vn -0.4102 -0.1324 -0.9023
vn -0.2927 0.1847 -0.9382
vn -0.0318 0.4703 -0.8820
vn 0.0942 -0.0799 -0.9923
vn 0.1273 -0.5635 -0.8162
vn -0.7623 -0.4251 -0.4880
vn -0.7414 -0.2128 -0.6365
vn -0.4448 -0.5780 -0.6841
vn -0.5473 -0.6767 -0.4924
vn -0.8927 -0.3501 -0.2838
vn -0.9210 -0.0086 -0.3895
vn -0.6962 -0.6859 -0.2117
vn -0.8005 0.0223 -0.5989
vn -0.4793 -0.0073 -0.8776
vn -0.5133 -0.3778 -0.7706
vn -0.8624 -0.1684 -0.4774
vn -0.9822 0.0427 -0.1830
vn -0.8666 0.2386 -0.4382
vn -0.5154 0.4081 -0.7535
vn 0.5911 0.4492 -0.6700
vn 0.6169 0.2024 -0.7605
vn 0.3634 0.3434 -0.8660
vn 0.4407 0.5572 -0.7038
vn 0.5613 0.6986 -0.4437
vn 0.7306 0.4837 -0.4820
vn 0.8298 0.1715 -0.5311
vn -0.0024 0.3052 -0.9523
vn -0.0888 0.1004 -0.9910
vn -0.2591 0.1281 -0.9573
vn -0.2344 0.2356 -0.9432
vn 0.1271 0.2567 -0.9581
vn 0.0677 -0.0377 -0.9970
vn -0.2183 0.2164 -0.9516
vn 0.0225 0.2791 -0.9600
vn 0.2366 0.4349 -0.8688
vn 0.2294 0.4479 -0.8641
vn 0.3076 0.3341 -0.8910
vn 0.4984 0.2804 -0.8203
vn 0.4896 0.1875 -0.8516
vn 0.2744 0.1469 -0.9503
vn 0.2850 0.1534 -0.9462
vn 0.4989 0.3019 -0.8124
vn 0.5142 0.1644 -0.8418
vn 0.3441 -0.0060 -0.9389
vn 0.6164 0.1319 -0.7763
vn 0.5477 0.3947 -0.7377
vn 0.4847 0.4015 -0.7771
vn 0.7087 0.2956 -0.6407
vn 0.2357 0.7818 -0.5772
vn 0.1323 0.7734 -0.6199
vn 0.1045 0.8201 -0.5625
vn 0.2279 0.8051 -0.5476
vn 0.3977 0.7373 -0.5461
vn 0.3536 0.7037 -0.6162
vn 0.2292 0.6347 -0.7380
vn -0.5294 0.3707 -0.7631
vn -0.2875 0.2882 -0.9134
vn -0.3221 0.1587 -0.9333
vn -0.6072 0.2103 -0.7662
vn -0.5772 0.4803 -0.6604
vn -0.4889 0.4808 -0.7279
vn -0.4621 0.3723 -0.8049
vn -0.3177 0.2408 -0.9171
vn -0.5971 0.7143 -0.3651
vn -0.6029 0.6358 -0.4820
vn -0.5560 0.6629 -0.5015
vn -0.5293 0.7221 -0.4455
vn -0.5211 0.7451 -0.4164
vn -0.4165 0.8735 -0.2521
vn -0.4854 0.8593 -0.1611
vn -0.5156 0.8529 -0.0822
vn -0.7346 0.6642 -0.1388
vn -0.5231 0.7467 -0.4109
vn -0.8016 0.5550 -0.2224
vn -0.8225 0.5584 -0.1080
vn -0.9266 0.3713 0.0591
vn -0.6642 0.7241 0.1856
vn -0.5458 0.8230 -0.1572
vn -0.8664 0.4224 -0.2663
vn -0.9866 0.1531 -0.0574
vn -0.5395 0.6857 -0.4886
vn -0.1477 0.2778 -0.9492
vn -0.3415 0.1421 -0.9291
vn -0.3211 -0.2084 -0.9238
vn -0.4573 -0.1002 -0.8836
vn -0.7331 -0.5043 -0.4564
vn -0.6744 -0.7093 -0.2051
vn -0.4886 -0.7831 -0.3847
vn -0.5170 -0.5241 -0.6767
vn -0.8167 -0.2921 -0.4978
vn -0.8044 -0.3114 -0.5060
vn -0.7416 -0.4313 -0.5139
vn -0.6252 -0.2472 -0.7403
vn 0.6750 0.0634 -0.7350
vn 0.4716 0.1642 -0.8664
vn 0.4939 0.4037 -0.7701
vn 0.7696 0.1811 -0.6122
vn 0.7607 -0.0818 -0.6440
vn 0.5201 -0.0614 -0.8519
vn 0.9054 0.0001 -0.4245
vn 0.9241 0.3369 -0.1803
vn 0.9876 -0.0562 0.1464
vn 0.8251 0.4752 0.3057
vn 0.4385 0.8908 0.1186
vn 0.4931 0.7569 0.4289
vn -0.5357 -0.8290 0.1608
vn -0.2716 -0.9525 0.1380
vn -0.3920 -0.9192 0.0367
vn -0.4493 -0.8899 -0.0790
vn -0.8540 -0.5187 0.0409
vn -0.7396 -0.5046 0.4453
vn 0.5363 0.6522 0.5357
vn 0.5705 0.6153 0.5439
vn 0.4609 0.4251 0.7790
vn 0.6125 0.4563 0.6454
vn 0.6059 0.7161 0.3465
vn 0.6122 0.7198 0.3272
vn 0.7844 0.5068 0.3575
vn 0.2080 0.1713 0.9630
vn 0.3690 0.2429 0.8971
vn 0.5053 0.2938 0.8114
vn 0.1107 0.1134 0.9874
vn 0.3571 0.0366 0.9333
vn 0.2368 0.0062 0.9715
vn 0.0652 -0.0510 0.9966
vn 0.0515 0.0491 0.9975
vn 0.5927 0.0514 0.8038
vn 0.0116 0.0730 0.9973
vn 0.0234 -0.9985 0.0485
vn -0.0092 -0.9978 0.0658
vn -0.0189 -0.9997 0.0127
vn 0.0264 -0.9996 0.0090
vn 0.1000 -0.9947 0.0233
vn 0.0779 -0.9932 0.0868
vn 0.0177 -0.9936 0.1119
vn 0.0857 -0.9928 -0.0837
vn 0.0917 -0.9946 -0.0485
vn 0.0148 -0.9989 -0.0454
vn 0.0317 -0.9944 -0.1011
vn 0.2232 -0.9577 -0.1818
vn 0.2531 -0.9626 -0.0971
vn 0.1372 -0.9520 -0.2736
vn -0.1132 -0.9876 0.1090
vn -0.1245 -0.9903 0.0625
vn -0.0529 -0.9973 0.0500
vn -0.0668 -0.9919 0.1080
vn -0.1470 -0.9252 0.3500
vn -0.2691 -0.9133 0.3058
vn -0.3286 -0.9249 0.1913
vn -0.7014 0.6538 0.2839
vn -0.8449 0.5349 -0.0074
vn -0.9696 0.0739 0.2334
vn -0.6756 0.4295 0.5993
vn -0.3513 0.8753 0.3322
vn -0.4139 0.9060 -0.0885
vn -0.2625 0.6247 0.7354
vn -0.9580 0.2169 0.1878
vn -0.9517 0.0985 0.2908
vn -0.8976 0.1424 0.4171
vn -0.9029 0.2488 0.3505
vn -0.9311 0.3107 0.1912
vn -0.9061 0.1790 0.3833
vn -0.9401 0.2978 0.1658
vn -0.9629 0.2696 0.0126
vn -0.9703 0.2420 -0.0026
vn -0.8881 0.3398 0.3094
vn -0.9156 0.4007 -0.0329
vn -0.9621 0.1755 -0.2089
vn -0.9543 0.2562 -0.1537
vn -0.9468 0.0293 -0.3205
vn -0.8485 0.1657 -0.5026
vn -0.8847 0.3603 -0.2959
vn -0.8348 0.3119 -0.4537
vn -0.9029 0.2986 -0.3092
vn -0.8553 0.4175 -0.3068
vn -0.8307 0.4160 -0.3700
vn -0.9416 0.1431 -0.3048
vn -0.8669 -0.1114 -0.4858
vn -0.7434 0.2214 -0.6311
vn -0.9750 0.1919 -0.1117
vn -0.8855 0.1681 -0.4332
vn -0.9423 0.1547 -0.2968
vn -0.7677 0.1454 -0.6241
vn 0.6056 -0.6855 -0.4042
vn 0.7085 -0.6762 -0.2021
vn 0.4899 -0.8485 -0.1999
vn 0.4580 -0.7644 -0.4537
vn 0.6435 -0.5043 -0.5758
vn 0.8460 -0.4125 -0.3378
vn 0.4220 -0.5577 -0.7147
vn 0.5144 -0.7108 -0.4797
vn 0.4506 -0.6674 -0.5929
vn 0.5263 -0.5028 -0.6857
vn 0.6016 -0.4934 -0.6282
vn 0.3710 -0.7657 -0.5254
vn 0.2941 -0.9245 -0.2425
vn 0.4556 -0.8587 -0.2347
vn 0.4675 -0.4885 -0.7367
vn 0.5750 -0.7095 -0.4073
vn 0.4164 -0.7181 -0.5575
vn 0.6416 -0.7345 -0.2210
vn 0.0325 0.0703 -0.9970
vn 0.1651 0.1586 -0.9734
vn 0.3085 0.1502 -0.9393
vn 0.2550 -0.0354 -0.9663
vn -0.0033 -0.1636 -0.9865
vn -0.1929 -0.1357 -0.9718
vn -0.1458 0.0020 -0.9893
vn 0.2183 -0.4219 -0.8799
vn -0.0078 0.0369 -0.9993
vn 0.1197 0.0571 -0.9912
vn -0.1356 -0.0277 -0.9904
vn 0.0467 0.9669 0.2507
vn -0.0320 0.9934 0.1097
vn -0.1626 0.9802 0.1126
vn -0.1395 0.9828 0.1210
vn -0.0139 0.9500 -0.3118
vn 0.3684 0.9164 -0.1566
vn 0.6341 0.7416 0.2189
vn 0.1955 0.8676 0.4573
vn -0.5400 0.1759 0.8231
vn -0.2256 0.2647 0.9376
vn -0.8107 -0.1578 0.5638
vn -0.4171 -0.1462 0.8970
vn 0.4246 0.7925 -0.4378
vn 0.3867 0.7934 -0.4701
vn 0.4557 0.7649 -0.4553
vn 0.5220 0.7888 -0.3244
vn 0.5153 0.8500 -0.1090
vn 0.4475 0.8423 -0.3003
vn 0.4393 0.6987 -0.5647
vn 0.4540 0.7047 -0.5452
vn 0.8195 0.3213 0.4746
vn 0.8463 0.2534 0.4685
vn 0.9684 0.0068 0.2492
vn 0.9662 0.1632 0.1994
vn 0.7776 0.6260 0.0591
vn 0.5504 0.7315 0.4024
vn 0.5783 0.6064 0.5457
vn 0.6070 0.2275 0.7614
vn 0.6974 0.0305 0.7160
vn 0.8616 0.1788 0.4750
vn 0.6711 0.4305 0.6036
vn 0.4337 0.6200 0.6538
vn 0.4072 0.2933 0.8650
vn 0.4484 0.0109 0.8938
vn 0.9621 0.1180 0.2460
vn 0.1873 0.3053 0.9336
vn 0.2964 0.3062 0.9046
vn 0.3003 0.4663 0.8321
vn 0.2227 0.4963 0.8391
vn 0.4599 0.4110 0.7871
vn 0.3762 0.1639 0.9119
vn 0.0101 0.0005 0.9999
vn -0.0691 0.2357 0.9694
vn 0.7508 0.4280 0.5031
vn 0.7622 0.2718 0.5875
vn 0.5626 0.5247 0.6389
vn 0.5675 0.5748 -0.5895
vn 0.6382 0.6718 -0.3760
vn 0.8198 0.4099 -0.3999
vn 0.6232 0.3354 -0.7065
vn 0.5219 0.5514 -0.6508
vn 0.6021 0.7102 -0.3649
vn 0.3935 0.3363 -0.8556
vn -0.8812 0.2955 0.3690
vn -0.8533 0.3301 0.4036
vn -0.8202 0.4677 0.3294
vn -0.8485 0.4248 0.3156
vn -0.8080 0.2446 0.5360
vn -0.8176 0.1887 0.5440
vn -0.8992 0.3932 0.1921
vn -0.9366 0.2815 0.2089
vn -0.9293 0.1270 0.3467
vn -0.8651 0.1043 0.4907
vn -0.9689 0.1347 0.2075
vn -0.7433 -0.1503 0.6518
vn -0.7958 -0.4063 0.4491
vn -0.5809 -0.5677 0.5833
vn -0.5887 -0.1830 0.7874
vn -0.7598 0.0219 0.6498
vn -0.9068 -0.1599 0.3900
vn -0.5345 0.0953 0.8398
vn -0.8110 -0.5264 0.2553
vn -0.7580 -0.6457 -0.0918
vn -0.9392 -0.2651 -0.2182
vn -0.9810 -0.1634 0.1050
vn -0.7535 -0.4855 0.4433
vn -0.7493 -0.5234 0.4058
vn -0.6626 -0.7105 0.2371
vn -0.5541 -0.8319 0.0293
vn -0.0248 -0.9987 0.0454
vn -0.0109 -0.9993 0.0359
vn 0.0232 -0.9992 0.0340
vn -0.0087 -0.9987 0.0494
vn -0.0423 -0.9962 0.0761
vn -0.0433 -0.9977 0.0516
vn -0.0420 -0.9986 0.0325
vn 0.0438 -0.9990 -0.0081
vn 0.0144 -0.9991 -0.0409
vn 0.0649 -0.9922 -0.1069
vn 0.1275 -0.9912 -0.0367
vn 0.1402 -0.9899 0.0197
vn 0.0401 -0.9990 0.0221
vn -0.0005 -1.0000 0.0068
vn -0.0707 -0.9974 -0.0122
vn -0.1348 -0.9882 -0.0727
vn -0.0670 -0.9938 -0.0889
vn -0.0451 -0.9988 -0.0205
vn -0.0415 -0.9987 0.0306
vn -0.0876 -0.9956 0.0323
vn -0.2090 -0.9778 -0.0106
vn 0.4043 0.5288 0.7463
vn 0.5657 0.6133 0.5513
vn 0.5113 0.7075 0.4878
vn 0.3502 0.5786 0.7366
vn 0.2071 0.4177 0.8847
vn 0.3976 0.3237 0.8586
vn 0.6824 0.3309 0.6517
vn 0.4728 0.3290 0.8175
vn 0.4473 0.3168 0.8364
vn 0.4119 0.4516 0.7914
vn 0.4866 0.4630 0.7408
vn 0.6754 0.3899 0.6259
vn 0.5789 0.2815 0.7653
vn 0.4262 0.1638 0.8897
vn 0.3471 0.2075 0.9146
vn 0.5115 0.8021 0.3082
vn 0.5165 0.6943 0.5011
vn 0.3663 0.7159 0.5944
vn 0.4138 0.7449 0.5234
vn 0.4111 0.7849 0.4637
vn 0.3553 0.8217 0.4456
vn 0.5678 0.8178 -0.0934
vn 0.7583 0.6288 0.1721
vn 0.4675 -0.7625 0.4473
vn 0.5378 -0.5007 0.6782
vn 0.5817 -0.4909 0.6486
vn 0.5186 -0.6622 0.5410
vn 0.4845 -0.7476 0.4542
vn 0.5614 -0.7685 0.3071
vn 0.3333 -0.7942 0.5081
vn 0.3634 -0.5176 0.7746
vn 0.4072 -0.8978 0.1680
vn 0.2910 -0.9377 0.1897
vn 0.6041 -0.7821 0.1528
vn -0.0373 0.2872 0.9571
vn -0.0134 0.2839 0.9588
vn -0.2668 0.2154 0.9394
vn -0.2790 0.2230 0.9340
vn -0.3176 0.1183 0.9408
vn -0.1297 0.1029 0.9862
vn 0.0461 -0.0180 0.9988
vn 0.1097 0.2459 0.9631
vn 0.1972 0.4213 0.8852
vn 0.2706 0.3584 0.8935
vn -0.6255 0.2352 0.7439
vn -0.3157 0.2305 0.9205
vn -0.3190 0.5891 0.7424
vn -0.6775 0.4604 0.5736
vn -0.7949 0.0026 0.6067
vn -0.4342 -0.1498 0.8882
vn -0.9309 0.1898 0.3120
vn -0.7365 0.1763 0.6531
vn -0.5296 0.3263 0.7830
vn -0.5790 0.3984 0.7114
vn -0.7848 0.3023 0.5410
vn -0.4886 0.1021 0.8665
vn -0.3645 0.2511 0.8967
vn -0.7624 -0.0151 0.6469
vn -0.5484 -0.0796 0.8324
vn -0.8855 -0.0204 0.4642
vn -0.4722 0.8315 0.2925
vn -0.4002 0.7641 0.5060
vn -0.5508 0.6885 0.4718
vn -0.5130 0.7426 0.4306
vn -0.5141 0.7187 0.4681
vn -0.6261 0.7070 0.3290
vn -0.6950 0.7146 0.0795
vn -0.4617 0.8870 0.0030
vn -0.1315 0.9828 0.1298
vn -0.1409 0.8579 0.4942
vn -0.1237 0.9872 -0.1008
vn 0.2648 0.7468 0.6100
vn 0.2728 0.7885 0.5512
vn 0.1162 0.8149 0.5679
vn 0.1469 0.7209 0.6772
vn 0.4186 0.6025 0.6795
vn 0.4974 0.6702 0.5509
vn 0.2637 0.4694 0.8427
vn -0.1699 0.2108 0.9627
vn 0.0508 0.2876 0.9564
vn -0.0422 0.6397 0.7674
vn -0.2781 0.4829 0.8303
vn -0.2100 -0.1859 0.9599
vn 0.1006 -0.2996 0.9488
vn -0.4580 0.2499 0.8531
vn -0.3320 0.6863 0.6471
vn -0.5604 0.5380 0.6296
vn -0.7715 0.3262 0.5463
vn -0.5944 -0.0119 0.8041
vn -0.2476 -0.4881 0.8369
vn -0.6876 -0.2757 0.6717
vn -0.2853 -0.6548 0.6998
vn -0.0154 -0.7509 0.6602
vn 0.0555 -0.6682 0.7419
vn 0.2145 -0.7048 0.6762
vn 0.3435 -0.6040 0.7192
vn 0.4035 -0.1080 0.9086
vn 0.6790 -0.3823 0.6268
vn 0.6484 0.1658 0.7430
vn 0.9077 -0.1175 0.4027
vn 0.7805 0.3528 0.5162
vn 0.9809 0.0602 0.1852
vn 0.8346 0.4524 0.3143
vn 0.5478 0.7200 0.4260
vn 0.8507 0.4958 0.1747
vn 0.5847 0.7528 0.3023
vn 0.3075 0.8710 0.3833
vn 0.2932 0.8291 0.4760
vn 0.1149 0.9061 0.4072
vn 0.1218 0.8615 0.4929
vn -0.0689 0.9106 0.4074
vn -0.0719 0.8562 0.5116
vn -0.0793 0.7850 0.6143
vn -0.3528 0.7839 0.5108
vn -0.3746 0.8475 0.3762
vn -0.6765 0.6780 0.2876
vn -0.6239 0.6376 0.4519
vn -0.8706 0.4580 0.1799
vn -0.8427 0.4201 0.3368
vn -0.9774 0.1959 0.0789
vn -0.9670 0.1572 0.2003
vn -0.9059 0.0743 0.4170
vn -0.9911 -0.0815 0.1050
vn -0.9992 -0.0378 0.0110
vn -0.9491 -0.3102 -0.0547
vn -0.9238 -0.3816 0.0328
vn -0.7483 -0.6475 -0.1440
vn -0.7025 -0.7086 -0.0659
vn -0.4164 -0.8779 -0.2362
vn -0.4128 -0.8853 -0.2142
vn -0.4327 -0.9010 0.0324
vn -0.3123 -0.8475 0.4292
vn -0.1986 -0.9068 -0.3719
vn -0.2482 -0.9648 -0.0867
vn -0.1235 -0.8978 0.4227
vn 0.4763 -0.6527 0.5892
vn 0.0747 -0.7275 0.6821
vn -0.1281 -0.7667 0.6291
vn 0.5785 -0.5791 0.5744
vn 0.8393 -0.4877 0.2403
vn 0.8700 -0.3902 0.3014
vn 0.9078 -0.4180 -0.0332
vn 0.9607 -0.2652 0.0825
vn 0.8818 -0.4646 -0.0811
vn 0.9852 -0.1712 -0.0014
vn 0.9844 0.1626 0.0669
vn 0.9946 -0.0972 -0.0362
vn 0.9785 0.2056 0.0153
vn 0.8568 0.5063 0.0977
vn 0.9728 0.2309 -0.0176
vn 0.8523 0.5216 0.0393
vn 0.5989 0.7932 0.1104
vn 0.6002 0.7730 0.2055
vn 0.2850 0.9444 0.1639
vn 0.3021 0.9129 0.2745
vn 0.0657 0.9821 0.1768
vn 0.0921 0.9537 0.2865
vn -0.1190 0.9795 0.1623
vn -0.0828 0.9582 0.2737
vn -0.4390 0.8902 0.1217
vn -0.4007 0.8862 0.2326
vn -0.7198 0.6904 0.0718
vn -0.7091 0.6878 0.1552
vn -0.8628 0.5039 0.0395
vn -0.8720 0.4812 0.0901
vn -0.9643 0.2647 0.0055
vn -0.9707 0.2377 0.0339
vn -0.9993 0.0059 -0.0380
vn -0.9998 -0.0077 -0.0171
vn -0.9633 -0.2508 -0.0956
vn -0.9609 -0.2655 -0.0786
vn -0.8115 -0.5588 -0.1708
vn -0.7917 -0.5871 -0.1689
vn -0.5233 -0.8206 -0.2295
vn -0.4753 -0.8476 -0.2360
vn -0.2145 -0.9523 -0.2173
vn -0.1505 -0.9587 -0.2414
vn -0.1256 -0.9393 -0.3191
vn 0.0783 -0.9739 -0.2131
vn 0.0848 -0.9218 -0.3782
vn 0.2849 -0.9395 -0.1904
vn 0.3167 -0.8730 -0.3709
vn 0.5806 -0.7976 -0.1634
vn 0.6435 -0.7281 -0.2363
vn 0.8774 -0.4692 -0.1001
vn 0.6029 -0.7774 -0.1793
vn 0.8809 -0.4480 -0.1525
vn 0.9946 -0.0714 -0.0755
vn 0.8915 -0.4316 -0.1378
vn 0.9868 -0.0902 -0.1346
vn 0.9703 0.2253 -0.0883
vn 0.9958 -0.0644 -0.0651
vn 0.9722 0.1996 -0.1225
vn 0.8540 0.5057 -0.1220
vn 0.8445 0.5349 -0.0239
vn 0.5848 0.8065 -0.0875
vn 0.5845 0.8107 0.0347
vn 0.2463 0.9677 -0.0528
vn 0.2706 0.9597 0.0762
vn -0.0222 0.9989 -0.0421
vn 0.0331 0.9957 0.0870
vn -0.2850 0.9576 -0.0433
vn -0.1911 0.9791 0.0691
vn -0.5788 0.8144 -0.0418
vn -0.5001 0.8655 0.0295
vn -0.7677 0.6390 -0.0481
vn -0.7346 0.6785 -0.0095
vn -0.8737 0.4832 -0.0571
vn -0.8606 0.5083 -0.0317
vn -0.9643 0.2605 -0.0481
vn -0.9620 0.2700 -0.0397
vn -0.9999 -0.0114 0.0014
vn -0.9987 -0.0156 -0.0482
vn -0.9709 -0.2266 0.0772
vn -0.9584 -0.2748 -0.0777
vn -0.8777 -0.4289 0.2139
vn -0.8167 -0.5675 -0.1045
vn -0.6653 -0.6446 0.3765
vn -0.5674 -0.8164 -0.1070
vn -0.3639 -0.7759 0.5153
vn -0.2789 -0.9576 -0.0720
vn -0.0329 -0.8201 0.5713
vn 0.0040 -1.0000 -0.0024
vn 0.0401 -0.9863 -0.1598
vn 0.3288 -0.9443 0.0157
vn 0.2934 -0.9444 -0.1486
vn 0.6586 -0.7491 -0.0718
vn 0.3662 -0.7648 0.5301
vn 0.7416 -0.5723 0.3500
vn 0.9416 -0.3184 0.1095
vn 0.6139 -0.1238 0.7796
vn 0.8396 0.0161 0.5430
vn 0.9456 0.1488 0.2893
vn 0.7478 0.5151 0.4189
vn 0.9518 0.3005 0.0610
vn 0.8536 0.5099 -0.1061
vn 0.5922 0.7866 -0.1749
vn 0.2062 0.9655 -0.1593
vn 0.2143 0.9633 -0.1616
vn -0.0846 0.9869 -0.1371
vn -0.3778 0.9211 -0.0944
vn -0.6545 0.7554 -0.0306
vn -0.7856 0.6059 0.1255
vn -0.8028 0.5960 -0.0196
vn -0.7903 0.5585 0.2519
vn -0.8848 0.4658 -0.0070
vn -0.7180 0.5194 0.4634
vn -0.9403 0.3263 0.0968
vn -0.5960 0.4472 0.6669
vn -0.9418 0.1725 0.2885
vn -0.5031 0.4150 0.7580
vn -0.8707 0.0942 0.4828
vn -0.4443 0.3729 0.8145
vn -0.7396 0.0242 0.6726
vn -0.3276 0.2770 0.9033
vn -0.5204 -0.0639 0.8515
vn -0.1509 0.1746 0.9730
vn -0.2538 -0.1324 0.9581
vn -0.0048 0.1082 0.9941
vn -0.0263 -0.1850 0.9824
vn 0.1860 0.0948 0.9780
vn 0.2772 -0.2080 0.9380
vn 0.0002 0.1076 0.9942
vn 0.1601 0.1188 0.9799
vn 0.0020 0.0826 0.9966
vn 0.1516 0.0755 0.9855
vn 0.3457 0.1257 0.9299
vn 0.1472 -0.0207 0.9889
vn 0.3479 -0.0349 0.9369
vn 0.5083 -0.0469 0.8599
vn 0.4901 0.1691 0.8551
vn 0.5180 -0.0896 0.8507
vn 0.4877 0.1258 0.8639
vn 0.6587 -0.1346 0.7403
vn 0.6413 0.0990 0.7609
vn 0.5822 0.3046 0.7538
vn 0.5174 0.4753 0.7116
vn 0.8811 0.0918 0.4640
vn 0.8325 0.3041 0.4631
vn 0.7465 0.4829 0.4577
vn 0.6176 0.6522 0.4395
vn 0.4338 0.6445 0.6297
vn 0.9336 0.2721 0.2329
vn 0.8658 0.4417 0.2351
vn 0.7579 0.6078 0.2371
vn 0.6227 0.7464 0.2351
vn 0.4885 0.7689 0.4124
vn 0.9055 0.4155 0.0863
vn 0.8173 0.5692 0.0896
vn 0.6978 0.7097 0.0965
vn 0.6138 0.7823 0.1057
vn 0.5348 0.8094 0.2426
vn 0.8283 0.5585 -0.0437
vn 0.7142 0.6985 -0.0453
vn 0.6267 0.7780 -0.0436
vn 0.5151 0.8562 -0.0386
vn 0.5119 0.8537 0.0954
vn 0.6703 0.7104 -0.2144
vn 0.5686 0.7938 -0.2158
vn 0.4699 0.8582 -0.2067
vn 0.4853 0.8487 -0.2102
vn 0.4745 0.8795 -0.0358
vn 0.4533 0.8055 -0.3817
vn 0.4012 0.8259 -0.3961
vn 0.4890 0.7630 -0.4228
vn 0.7034 0.4462 -0.5533
vn 0.7943 0.5479 -0.2625
vn 0.5441 0.3918 -0.7419
vn 0.5118 -0.2565 -0.8199
vn 0.7842 -0.1100 -0.6107
vn 0.4702 0.2579 -0.8440
vn 0.3597 -0.4548 -0.8147
vn 0.2207 -0.7595 -0.6120
vn 0.3725 -0.6912 -0.6193
vn 0.3453 -0.1007 -0.9331
vn 0.2233 -0.6272 -0.7462
vn 0.1641 -0.7637 -0.6244
vn 0.1604 -0.7742 -0.6123
vn 0.2247 -0.7669 -0.6011
vn 0.0551 -0.7008 -0.7113
vn 0.0437 -0.7704 -0.6361
vn 0.0462 -0.7831 -0.6202
vn 0.0643 -0.7539 -0.6538
vn 0.1704 -0.7514 -0.6375
vn -0.0634 -0.7795 -0.6232
vn -0.0421 -0.7965 -0.6032
vn -0.0284 -0.7594 -0.6500
vn -0.0260 -0.6346 -0.7724
vn 0.1069 -0.6388 -0.7619
vn -0.1173 -0.8049 -0.5818
vn -0.1755 -0.7527 -0.6346
vn -0.2404 -0.6231 -0.7443
vn -0.2718 -0.4645 -0.8428
vn -0.0194 -0.4628 -0.8863
vn -0.4160 -0.7118 -0.5659
vn -0.4966 -0.5834 -0.6427
vn -0.5518 -0.4335 -0.7125
vn -0.5848 -0.2638 -0.7671
vn -0.2774 -0.2846 -0.9176
vn -0.6900 -0.5229 -0.5005
vn -0.7617 -0.3717 -0.5308
vn -0.7986 -0.2168 -0.5615
vn -0.8043 -0.0352 -0.5931
vn -0.5903 -0.0650 -0.8046
vn -0.8651 -0.3171 -0.3887
vn -0.9035 -0.1716 -0.3928
vn -0.9146 -0.0114 -0.4042
vn -0.9509 -0.1432 -0.2745
vn -0.9595 0.0037 -0.2816
vn -0.9827 -0.1313 -0.1303
vn -0.9898 0.0065 -0.1425
vn -0.9773 0.1394 -0.1597
vn -0.9456 0.2779 -0.1690
vn -0.9994 0.0014 0.0332
vn -0.9908 0.1324 0.0290
vn -0.9610 0.2752 0.0262
vn -0.9188 0.3942 0.0204
vn -0.9012 0.4012 -0.1638
vn -0.8289 0.5398 -0.1468
vn -0.7810 0.5724 -0.2496
vn -0.8515 0.5242 0.0099
vn -0.6823 0.7310 0.0054
vn -0.6606 0.7418 -0.1154
vn -0.8266 0.5371 0.1680
vn -0.6584 0.7399 0.1380
vn -0.4265 0.8974 0.1134
vn -0.4420 0.8970 0.0069
vn -0.7646 0.5842 0.2722
vn -0.6092 0.7668 0.2024
vn -0.4049 0.9040 0.1375
vn -0.2586 0.9592 0.1144
vn -0.2719 0.9564 0.1070
vn -0.6621 0.7435 0.0944
vn -0.4694 0.8767 -0.1053
vn -0.2566 0.9400 -0.2248
vn -0.5060 0.5574 -0.6583
vn -0.1796 0.5887 -0.7881
vn 0.1980 0.5552 -0.8078
vn 0.7266 0.4272 -0.5381
vn -0.1121 0.5250 -0.8437
vn 0.3447 0.5283 -0.7760
vn 0.8294 0.3143 -0.4619
vn 0.9848 0.1010 -0.1412
vn 0.9524 0.2786 -0.1236
vn 0.4206 0.7555 -0.5023
vn 0.8561 0.4414 -0.2688
vn 0.9898 0.1353 -0.0445
vn 0.9970 0.0387 0.0671
vn 0.9981 0.0541 0.0303
vn 0.9881 -0.0108 0.1536
vn 0.9762 0.0290 0.2149
vn 0.9723 0.2074 0.1080
vn 0.8092 0.3330 0.4840
vn 0.7175 0.5793 0.3867
vn 0.3599 0.6324 0.6859
vn 0.2536 0.7793 0.5731
vn 0.1828 0.6711 0.7185
vn 0.1665 0.7874 0.5935
vn 0.1756 0.8665 0.4673
vn 0.3547 0.7506 0.5575
vn 0.3911 0.8246 0.4087
vn 0.4019 0.8820 0.2459
vn 0.1706 0.9431 0.2853
vn 0.3881 0.9187 0.0731
vn 0.1523 0.9840 0.0921
vn 0.3786 0.9197 -0.1043
vn 0.1459 0.9861 -0.0789
vn -0.0294 0.9983 -0.0502
vn 0.1556 0.9465 -0.2827
vn -0.1593 0.9870 -0.0218
vn -0.2718 0.9599 -0.0682
vn -0.2754 0.9613 -0.0018
vn -0.4269 0.9004 -0.0837
vn -0.2772 0.9418 0.1900
vn -0.4391 0.8984 0.0028
vn -0.6330 0.7604 -0.1452
vn -0.5073 0.6807 0.5285
vn -0.7649 0.6223 0.1661
vn -0.8532 0.4947 -0.1654
vn -0.7911 0.3247 0.5184
vn -0.9634 0.2166 0.1581
vn -0.7775 0.4641 0.4244
vn -0.9632 0.1703 0.2080
vn -0.9964 0.0261 0.0808
vn -0.9938 -0.0989 -0.0515
vn -0.8744 -0.3544 -0.3314
vn -0.5301 -0.5949 -0.6042
vn -0.5885 -0.3431 -0.7321
vn -0.0858 -0.6737 -0.7340
vn -0.5559 0.1291 -0.8211
vn -0.2462 0.1183 -0.9620
vn -0.5640 0.1203 -0.8169
vn -0.2684 -0.0782 -0.9601
vn 0.0258 0.1459 -0.9890
vn 0.0118 -0.0671 -0.9977
vn -0.0032 -0.2695 -0.9630
vn 0.1979 -0.0587 -0.9785
vn 0.1851 -0.2594 -0.9479
vn 0.1532 -0.4586 -0.8753
vn 0.3395 -0.2588 -0.9043
vn 0.2763 -0.4655 -0.8408
vn 0.2125 -0.6466 -0.7326
vn 0.4009 -0.4842 -0.7777
vn 0.3177 -0.6614 -0.6795
vn 0.2575 -0.7439 -0.6166
vn 0.3829 -0.7372 -0.5567
vn 0.6118 -0.6667 -0.4258
vn 0.6696 -0.5356 -0.5146
vn 0.7465 -0.6235 -0.2324
vn 0.8595 -0.4434 -0.2542
vn 0.9591 -0.0459 -0.2794
vn 0.8729 -0.4868 -0.0335
vn 0.9981 -0.0498 -0.0358
vn 0.7932 0.6076 -0.0404
vn 0.9749 -0.0785 0.2085
vn 0.7957 0.5872 0.1488
vn 0.4811 0.8724 0.0863
vn 0.7716 0.5142 0.3745
vn 0.4958 0.8279 0.2624
vn 0.4575 0.8551 0.2441
vn 0.4824 0.7626 0.4310
vn 0.3981 0.8359 0.3779
vn 0.4119 0.8221 0.3931
vn 0.3907 0.7955 0.4632
vn 0.3671 0.7848 0.4992
vn 0.3695 0.7510 0.5472
vn 0.3624 0.6212 0.6949
vn 0.4746 0.6056 0.6388
vn 0.4271 0.7491 0.5065
vn 0.4316 0.7353 0.5225
vn 0.5330 0.1881 0.8249
vn 0.3527 -0.0943 0.9310
vn 0.3549 0.6427 0.6790
vn 0.5491 0.3392 0.7638
vn 0.4502 -0.5157 0.7290
vn 0.3351 -0.6365 0.6947
vn 0.6632 0.4311 0.6118
vn 0.6817 -0.2987 0.6679
vn 0.4653 -0.7608 0.4524
vn 0.2813 -0.8279 0.4852
vn 0.8813 -0.1351 0.4529
vn 0.6809 -0.6341 0.3665
vn 0.5812 -0.7597 0.2917
vn 0.4449 -0.8007 0.4012
vn 0.8167 -0.5435 0.1938
vn 0.6975 -0.6972 0.1654
vn 0.7567 -0.6527 -0.0364
vn 0.6321 -0.7739 -0.0390
vn 0.3998 -0.9161 -0.0319
vn 0.2691 -0.9629 -0.0198
vn 0.3595 -0.9023 -0.2379
vn 0.3749 -0.9270 -0.0109
vn 0.3967 -0.8965 0.1971
vn 0.4027 -0.7781 0.4820
vn 0.5268 -0.8500 0.0001
vn 0.5569 -0.8120 0.1745
vn 0.5778 -0.7109 0.4010
vn 0.5627 -0.5083 0.6519
vn 0.3689 -0.5412 0.7556
vn 0.7923 -0.5998 0.1121
vn 0.8312 -0.4836 0.2743
vn 0.8274 -0.3331 0.4522
vn 0.7762 -0.1504 0.6123
vn 0.5134 -0.2454 0.8223
vn 0.9808 -0.1571 0.1159
vn 0.9760 -0.0785 0.2032
vn 0.9462 0.0113 0.3235
vn 0.9940 -0.0557 0.0945
vn 0.9995 -0.0320 -0.0047
vn 0.9842 -0.0128 -0.1765
vn 0.9995 -0.0097 -0.0289
vn 0.8809 0.2126 -0.4229
vn 0.9156 0.3304 -0.2293
vn 0.9603 0.0457 -0.2753
vn 0.8266 0.2467 -0.5059
vn 0.9915 -0.0488 -0.1207
vn 0.9469 -0.1403 -0.2892
vn 0.9654 -0.2608 -0.0021
vn 0.9257 -0.3488 -0.1465
vn 0.8263 -0.2308 -0.5138
vn 0.5958 -0.2823 -0.7519
vn 0.3499 -0.2667 -0.8980
vn 0.2772 0.0016 -0.9608
vn 0.2420 0.2696 -0.9321
vn 0.2674 -0.2138 -0.9396
vn 0.2872 0.0239 -0.9576
vn 0.3687 0.2459 -0.8964
vn 0.2682 0.5359 -0.8005
vn 0.6612 -0.0235 -0.7498
vn 0.7129 0.1127 -0.6922
vn 0.7842 -0.0577 -0.6178
vn 0.7922 0.0758 -0.6055
vn 0.6752 -0.0524 -0.7358
vn 0.7045 0.1070 -0.7016
vn 0.7144 0.2623 -0.6487
vn 0.7237 0.3696 -0.5829
vn 0.5652 0.1194 -0.8163
vn 0.5804 0.2731 -0.7672
vn 0.5880 0.3937 -0.7066
vn 0.5928 0.5096 -0.6236
vn 0.7414 0.4433 -0.5039
vn 0.3650 0.2977 -0.8821
vn 0.3475 0.4497 -0.8228
vn 0.3430 0.6006 -0.7222
vn 0.3418 0.7262 -0.5965
vn 0.5962 0.6216 -0.5081
vn 0.1664 0.6541 -0.7379
vn 0.1455 0.7599 -0.6335
vn 0.1609 0.8532 -0.4962
vn 0.3625 0.8173 -0.4480
vn 0.3505 0.6169 -0.7047
vn 0.2954 0.7315 -0.6146
vn 0.8440 0.2824 -0.4559
vn 0.7994 0.4536 -0.3940
vn 0.9851 -0.0138 -0.1712
vn 0.9862 0.1186 -0.1156
vn 0.9807 0.1731 0.0907
vn 0.8544 0.2312 0.4653
vn 0.9964 0.0330 -0.0776
vn 0.9976 0.0510 0.0460
vn 0.9431 0.1685 0.2865
vn 0.5713 0.4611 0.6790
vn 0.4008 0.4096 0.8195
vn -0.0047 0.5471 0.8371
vn -0.0965 0.5671 0.8180
vn -0.4321 0.4537 0.7794
vn 0.1415 0.8186 0.5566
vn -0.3789 0.7266 0.5732
vn 0.3105 0.9366 0.1620
vn -0.2303 0.9494 0.2137
vn 0.4127 0.8765 -0.2480
vn -0.1247 0.9670 -0.2222
vn 0.4357 0.6638 -0.6079
vn -0.0877 0.7790 -0.6208
vn 0.4459 0.3212 -0.8355
vn -0.0395 0.4191 -0.9071
vn 0.4684 -0.0728 -0.8805
vn -0.0259 -0.0513 -0.9983
vn 0.4917 -0.3751 -0.7858
vn -0.0671 -0.4489 -0.8911
vn 0.5145 -0.5626 -0.6471
vn 0.9000 -0.1463 -0.4105
vn 0.9119 -0.2469 -0.3277
vn 0.9859 -0.0002 -0.1676
vn 0.3775 0.8834 -0.2777
vn 0.6121 0.7494 -0.2525
vn 0.6027 0.7008 -0.3817
vn 0.7851 0.5827 -0.2102
vn 0.7661 0.5591 -0.3171
vn 0.7545 0.5106 -0.4124
vn 0.7069 0.6410 -0.2990
vn 0.6449 0.6142 -0.4548
vn 0.8038 0.5882 -0.0888
vn 0.6248 0.7732 -0.1088
vn 0.6323 0.7726 0.0572
vn 0.8126 0.5816 0.0385
vn 0.7970 0.5828 0.1585
vn 0.7829 0.6145 0.0969
vn 0.6268 0.7516 0.2055
vn 0.6124 0.7149 0.3375
vn 0.7737 0.5683 0.2799
vn 0.7567 0.5218 0.3939
vn 0.7347 0.6285 0.2552
vn 0.5908 0.6484 0.4802
vn 0.5635 0.5392 0.6259
vn 0.7312 0.4596 0.5040
vn 0.3249 0.6273 0.7078
vn 0.5237 0.4151 0.7439
vn 0.4804 0.2830 0.8301
vn 0.6452 0.2763 0.7124
vn 0.6880 0.3885 0.6130
vn 0.7188 0.2705 0.6404
vn 0.6124 0.1146 0.7822
vn 0.7077 0.1004 0.6993
vn 0.7235 0.1123 0.6811
vn 0.6853 -0.0624 0.7255
vn 0.6730 -0.0551 0.7376
vn 0.4616 0.0054 0.8871
vn 0.5427 0.2524 0.8011
vn 0.2921 0.0467 0.9552
vn 0.2964 0.3528 0.8875
vn 0.3243 0.6722 0.6656
vn 0.3550 0.8614 0.3634
vn 0.3857 0.8155 0.4315
vn 0.2866 0.9276 0.2394
vn 0.3198 0.9362 0.1460
vn 0.4022 -0.2388 0.8839
vn 0.3174 -0.2479 0.9153
vn 0.6165 -0.2484 0.7471
vn 0.6471 -0.2579 0.7174
vn 0.5844 -0.0552 0.8095
vn 0.5380 -0.2555 0.8033
vn 0.4742 -0.4764 0.7404
vn 0.3893 -0.2459 0.8877
vn 0.3420 -0.4582 0.8204
vn 0.2825 -0.6312 0.7224
vn 0.4150 -0.6430 0.6436
vn 0.2386 -0.7326 0.6375
vn 0.3689 -0.7325 0.5721
vn 0.2070 -0.7950 0.5702
vn 0.3123 -0.8046 0.5050
vn 0.1970 -0.8286 0.5241
vn 0.1081 -0.7776 0.6194
vn 0.1175 -0.7973 0.5921
vn 0.1914 -0.6842 0.7038
vn 0.0054 -0.7847 0.6199
vn 0.0075 -0.7179 0.6961
vn 0.0373 -0.3119 0.9494
vn -0.0971 -0.7708 0.6296
vn -0.1762 -0.4247 0.8880
vn -0.1943 0.3837 0.9028
vn 0.0899 0.4813 0.8719
vn 0.1232 0.8792 0.4603
vn 0.2184 0.9697 0.1092
vn -0.3477 -0.5306 0.7730
vn -0.4777 0.2967 0.8269
vn -0.5396 -0.5886 0.6020
vn -0.6928 0.2141 0.6886
vn -0.6639 -0.6046 0.4401
vn -0.8434 0.1514 0.5156
vn -0.6351 0.6798 0.3668
vn -0.9332 0.1265 0.3364
vn -0.6867 0.6954 0.2116
vn -0.6186 0.7617 0.1927
vn -0.5609 0.7585 0.3318
vn -0.6695 0.7128 0.2091
vn -0.5719 0.7415 0.3510
vn -0.7197 0.6595 0.2172
vn -0.6086 0.7011 0.3715
vn -0.4995 0.6972 0.5142
vn -0.6639 0.6433 0.3813
vn -0.4988 0.6749 0.5438
vn -0.5323 0.6520 0.5399
vn -0.6132 0.6611 0.4324
vn -0.5423 0.6022 0.5859
vn -0.4459 0.6070 0.6578
vn -0.5861 0.4893 0.6458
vn -0.4047 0.5271 0.7472
vn -0.3872 0.4760 0.7896
vn -0.3728 0.4308 0.8218
vn -0.2904 0.3271 0.8993
vn -0.1495 0.1439 0.9782
vn -0.1346 0.1859 0.9733
vn -0.2055 0.0357 0.9780
vn -0.0096 0.0035 0.9999
vn -0.2650 -0.1539 0.9519
vn -0.0397 -0.1839 0.9821
vn 0.1275 -0.1976 0.9720
vn -0.0673 -0.3415 0.9375
vn 0.0887 -0.3429 0.9352
vn 0.2719 -0.3526 0.8954
vn 0.3214 -0.2079 0.9239
vn 0.4631 -0.3928 0.7945
vn 0.4998 -0.2320 0.8345
vn 0.5107 -0.4549 0.7296
vn 0.5201 -0.2853 0.8051
vn 0.5546 -0.5313 0.6405
vn 0.6311 -0.3542 0.6901
vn 0.6606 -0.5959 0.4567
vn 0.8014 -0.4020 0.4429
vn 0.8754 -0.1621 0.4555
vn 0.8677 -0.4276 0.2535
vn 0.9522 -0.1857 0.2426
vn 0.9704 0.0646 0.2327
vn 0.9762 -0.1946 0.0956
vn 0.9946 0.0466 0.0930
vn 0.9645 0.2486 0.0887
vn 0.9982 0.0517 -0.0305
vn 0.9667 0.2536 -0.0330
vn 0.9091 0.4147 -0.0391
vn 0.9347 0.2843 -0.2133
vn 0.8750 0.4352 -0.2122
vn 0.7887 0.5763 -0.2141
vn 0.7748 0.4586 -0.4351
vn 0.6803 0.6081 -0.4092
vn 0.5555 0.7334 -0.3919
vn 0.5096 0.6004 -0.6163
vn 0.4303 0.7281 -0.5336
vn 0.4608 0.5584 -0.6898
vn 0.4390 0.6975 -0.5664
vn 0.5599 0.5213 -0.6440
vn 0.5789 0.6461 -0.4975
vn 0.6106 0.7103 -0.3502
vn 0.8085 0.5831 -0.0789
vn 0.7547 0.6559 0.0181
vn 0.6630 0.7242 -0.1897
vn 0.8170 0.5130 -0.2635
vn 0.9465 0.3155 0.0683
vn 0.8720 0.4746 0.1200
vn 0.7789 0.4063 -0.4778
vn 0.9875 0.1523 -0.0402
vn 0.9827 0.0042 0.1854
vn 0.9552 0.2477 0.1617
vn 0.9740 -0.0116 -0.2261
vn 0.9620 -0.2441 0.1225
vn 0.9389 -0.3006 0.1678
vn 0.9929 -0.0068 0.1187
vn 0.8404 -0.2600 -0.4755
vn 0.8180 -0.5748 -0.0208
vn 0.7170 -0.6689 0.1960
vn 0.6522 -0.7293 0.2070
vn 0.9185 -0.3725 0.1324
vn 0.4765 -0.8670 -0.1457
vn 0.3796 -0.9063 0.1860
vn 0.3278 -0.9169 0.2278
vn 0.2988 -0.8897 0.3451
vn 0.6366 -0.7349 0.2340
vn 0.0944 -0.9788 0.1819
vn 0.0906 -0.9693 0.2284
vn 0.0556 -0.9384 0.3409
vn -0.0411 -0.8914 0.4514
vn -0.1632 -0.9560 0.2438
vn -0.1650 -0.9432 0.2885
vn -0.2501 -0.9152 0.3160
vn -0.3036 -0.9528 0.0077
vn -0.0850 -0.9917 0.0960
vn -0.4777 -0.8529 0.2106
vn -0.4826 -0.8623 0.1535
vn -0.4786 -0.8700 -0.1182
vn -0.3505 -0.8110 -0.4684
vn -0.1815 -0.8716 -0.4553
vn -0.7717 -0.6359 0.0101
vn -0.8204 -0.5619 0.1057
vn -0.9801 -0.1982 0.0114
vn -0.9562 -0.2809 -0.0824
vn -0.9965 0.0674 -0.0486
vn -0.9866 0.0207 -0.1620
vn -0.9320 0.3397 -0.1265
vn -0.9117 0.2988 -0.2820
vn -0.8131 0.2574 -0.5221
vn -0.6657 0.0306 -0.7456
vn -0.7097 0.5715 -0.4119
vn -0.6215 0.4868 -0.6139
vn -0.5352 0.2769 -0.7981
vn -0.4263 -0.4021 -0.8103
vn -0.3723 0.6684 -0.6439
vn -0.3396 0.5050 -0.7935
vn -0.0889 0.7855 -0.6124
vn -0.0793 0.6903 -0.7192
vn -0.4166 0.7635 -0.4935
vn -0.1008 0.8558 -0.5073
vn 0.0986 0.8654 -0.4912
vn -0.1196 0.9198 -0.3738
vn 0.0785 0.9197 -0.3847
vn 0.2148 0.8994 -0.3808
vn 0.2213 0.8482 -0.4812
vn 0.4466 0.8309 -0.3320
vn 0.4285 0.7859 -0.4458
vn 0.7241 0.6505 -0.2292
vn 0.7070 0.6112 -0.3557
vn 0.6579 0.5440 -0.5208
vn 0.5790 0.4131 -0.7029
vn 0.9306 0.2915 -0.2214
vn 0.8914 0.1447 -0.4295
vn 0.7223 -0.1143 -0.6821
vn 0.4283 -0.4080 -0.8063
vn 0.4035 0.1709 -0.8989
vn 0.9168 -0.2570 -0.3057
vn 0.6872 -0.4659 -0.5575
vn 0.3402 -0.6352 -0.6934
vn 0.0689 -0.7012 -0.7096
vn 0.6124 -0.5846 -0.5323
vn 0.2307 -0.7107 -0.6646
vn -0.0186 -0.7519 -0.6590
vn 0.0532 -0.8834 -0.4656
vn -0.2093 -0.7364 -0.6433
vn -0.1559 -0.6615 -0.7336
vn 0.8789 -0.4147 -0.2356
vn 0.9897 -0.0830 -0.1162
vn 0.9449 -0.3226 -0.0551
vn 0.9977 0.0635 -0.0252
vn 0.9805 -0.1962 0.0125
vn 0.8896 -0.4500 0.0786
vn 0.9960 -0.0635 0.0635
vn 0.9865 0.1628 0.0153
vn 0.9697 0.2364 0.0616
vn 0.9028 0.4267 -0.0541
vn 0.8726 0.4884 -0.0019
vn 0.8650 0.4947 0.0837
vn 0.7071 0.7042 -0.0644
vn 0.7109 0.7031 0.0156
vn 0.7418 0.6624 0.1045
vn 0.4729 0.8809 -0.0209
vn 0.5034 0.8621 0.0579
vn 0.5624 0.8252 0.0519
vn 0.2473 0.9684 0.0328
vn 0.2844 0.9582 0.0310
vn 0.3138 0.9479 0.0542
vn 0.5804 0.8142 -0.0129
vn 0.3159 0.9473 0.0528
vn 0.0915 0.9955 0.0263
vn 0.1067 0.9921 0.0661
vn 0.1378 0.9496 -0.2817
vn 0.3228 0.9242 -0.2040
vn 0.3671 0.6213 -0.6922
vn 0.1591 0.3960 -0.9044
vn 0.0983 -0.4050 -0.9090
vn -0.0593 0.9016 -0.4285
vn -0.0624 0.2437 -0.9678
vn -0.0768 -0.4802 -0.8738
vn -0.0761 -0.7130 -0.6970
vn -0.3745 0.2188 -0.9010
vn -0.2601 -0.4916 -0.8311
vn -0.1480 -0.7462 -0.6491
vn -0.1051 -0.8044 -0.5847
vn -0.4877 -0.5537 -0.6750
vn -0.3018 -0.8101 -0.5027
vn -0.2815 -0.8285 -0.4841
vn -0.3366 -0.7874 -0.5164
vn -0.4222 -0.8272 -0.3708
vn -0.4383 -0.8158 -0.3773
vn -0.5087 -0.7537 -0.4163
vn -0.5905 -0.6660 -0.4558
vn -0.4958 -0.7996 -0.3389
vn -0.5916 -0.7224 -0.3580
vn -0.6893 -0.6243 -0.3675
vn -0.7968 -0.4675 -0.3829
vn -0.6676 -0.7012 -0.2500
vn -0.7587 -0.5973 -0.2600
vn -0.8558 -0.4416 -0.2694
vn -0.9180 -0.2886 -0.2719
vn -0.8036 -0.5859 -0.1046
vn -0.8940 -0.4336 -0.1128
vn -0.9524 -0.2793 -0.1224
vn -0.8994 -0.4345 0.0480
vn -0.9584 -0.2823 0.0435
vn -0.9906 -0.1313 0.0381
vn -0.9337 -0.2913 0.2080
vn -0.9682 -0.1414 0.2062
vn -0.9789 -0.0100 0.2040
vn -0.9289 -0.1604 0.3338
vn -0.9412 -0.0294 0.3366
vn -0.8732 -0.1987 0.4449
vn -0.8866 -0.0494 0.4598
vn -0.7302 -0.2604 0.6317
vn -0.7433 -0.0812 0.6640
vn -0.7172 0.0917 0.6908
vn -0.6589 0.2243 0.7181
vn -0.4480 -0.1064 0.8877
vn -0.4314 0.0856 0.8981
vn -0.4055 0.2209 0.8870
vn -0.4034 0.0176 0.9148
vn -0.6689 0.0816 0.7388
vn -0.0720 0.1041 0.9920
vn -0.0859 -0.0958 0.9917
vn 0.1876 -0.0696 0.9798
vn 0.1849 0.1352 0.9734
vn 0.3107 -0.0541 0.9490
vn 0.3111 0.1276 0.9418
vn 0.4195 -0.0509 0.9063
vn 0.4455 0.1210 0.8871
vn 0.2829 -0.2401 0.9286
vn 0.1580 -0.2624 0.9519
vn 0.1106 -0.4665 0.8776
vn 0.2358 -0.4488 0.8619
vn 0.0704 -0.6394 0.7656
vn 0.1723 -0.6272 0.7596
vn 0.0409 -0.7404 0.6709
vn 0.1229 -0.7286 0.6739
vn 0.0177 -0.7795 0.6261
vn -0.0734 -0.7499 0.6575
vn -0.0586 -0.7952 0.6035
vn -0.0654 -0.8053 0.5893
vn -0.2244 -0.8005 0.5558
vn -0.1852 -0.8309 0.5247
vn -0.1920 -0.8242 0.5327
vn -0.3880 -0.8266 0.4077
vn -0.3672 -0.8360 0.4078
vn -0.4849 -0.8088 0.3327
vn -0.4693 -0.8205 0.3265
vn -0.5228 -0.7985 0.2986
vn -0.4749 -0.8334 0.2827
vn -0.6908 -0.6463 0.3241
vn -0.4872 -0.8533 0.1856
vn -0.6798 -0.7021 0.2121
vn -0.9705 0.0807 0.2270
vn -0.6867 -0.7237 0.0684
vn -0.9958 0.0223 0.0892
vn -0.7417 0.6686 0.0537
vn -0.7067 0.6955 0.1298
vn -0.6739 0.7379 0.0383
vn -0.6513 0.7514 0.1063
vn -0.7369 0.6750 0.0368
vn -0.7186 0.6858 0.1150
vn -0.7802 0.6248 0.0322
vn -0.7623 0.6359 0.1204
vn -0.8423 0.5383 0.0286
vn -0.8188 0.5595 0.1284
vn -0.7722 0.5912 0.2329
vn -0.8939 0.4229 0.1486
vn -0.8433 0.4637 0.2719
vn -0.7372 0.5312 0.4175
vn -0.7851 0.4046 0.4690
vn -0.9168 0.3987 0.0214
vn -0.8427 0.5284 -0.1031
vn -0.9131 0.3862 -0.1305
vn -0.8172 0.5248 -0.2382
vn -0.8753 0.3911 -0.2845
vn -0.9074 0.2788 -0.3145
vn -0.7849 0.4141 -0.4609
vn -0.7936 0.3091 -0.5241
vn -0.8137 0.2037 -0.5445
vn -0.9269 0.1645 -0.3375
vn -0.8162 0.0404 -0.5763
vn -0.9218 0.0346 -0.3862
vn -0.7795 -0.1531 -0.6074
vn -0.8804 -0.1364 -0.4542
vn -0.9062 -0.1268 -0.4033
vn -0.7859 -0.0291 -0.6176
vn -0.3857 0.4657 -0.7964
vn -0.4803 0.7313 -0.4843
vn -0.2775 0.5109 -0.8136
vn -0.4012 0.7712 -0.4943
vn -0.5655 0.8222 -0.0655
vn -0.7668 0.1485 -0.6245
vn -0.8765 0.3690 -0.3092
vn -0.9185 -0.3144 -0.2399
vn -0.9928 -0.1190 -0.0098
vn -0.8146 -0.5800 0.0081
vn -0.8887 -0.3942 0.2343
vn -0.6183 -0.7540 0.2217
vn -0.6361 -0.5303 0.5605
vn -0.3798 -0.7842 0.4907
vn -0.3094 -0.4483 0.8386
vn -0.2622 -0.0430 0.9641
vn -0.3900 0.2389 0.8893
vn -0.5560 -0.3688 0.7449
vn -0.7001 -0.1184 0.7042
vn -0.8405 0.0279 0.5411
vn -0.5429 0.4996 0.6750
vn -0.8962 -0.1944 0.3987
vn -0.9341 -0.0584 0.3521
vn -0.8497 -0.1992 0.4882
vn -0.8311 -0.3382 0.4414
vn -0.7976 -0.3496 0.4916
vn -0.6948 -0.3611 0.6220
vn -0.7403 -0.2153 0.6369
vn -0.5301 -0.3810 0.7575
vn -0.5499 -0.2601 0.7937
vn -0.2845 -0.3988 0.8718
vn -0.2853 -0.3143 0.9054
vn -0.0868 -0.3980 0.9133
vn -0.3001 -0.3804 0.8748
vn -0.1112 -0.3596 0.9264
vn 0.0432 -0.3629 0.9308
vn 0.0541 -0.3981 0.9158
vn 0.2518 -0.4129 0.8753
vn 0.2377 -0.4310 0.8705
vn 0.4381 -0.4923 0.7521
vn 0.4197 -0.4981 0.7588
vn 0.5545 -0.5869 0.5901
vn 0.5020 -0.5795 0.6420
vn 0.5340 -0.6908 0.4875
vn 0.4768 -0.6589 0.5818
vn 0.4722 -0.7601 0.4464
vn 0.7303 -0.6348 0.2523
vn 0.7526 -0.6542 0.0747
vn 0.8937 -0.4394 0.0901
vn 0.7615 -0.6373 -0.1183
vn 0.8965 -0.4338 -0.0901
vn 0.9795 -0.1947 -0.0528
vn 0.8673 -0.4111 -0.2806
vn 0.9531 -0.1785 -0.2442
vn 0.9721 0.0790 -0.2208
vn 0.8693 -0.1386 -0.4745
vn 0.8760 0.1191 -0.4674
vn 0.8333 0.3145 -0.4546
vn 0.6467 0.1406 -0.7497
vn 0.6117 0.3101 -0.7277
vn 0.5741 0.4369 -0.6925
vn 0.6509 -0.0923 -0.7535
vn 0.5224 -0.0405 -0.8517
vn 0.6173 -0.3116 -0.7224
vn 0.5232 -0.2185 -0.8237
vn 0.5041 -0.1695 -0.8468
vn 0.5097 0.0113 -0.8603
vn 0.2788 -0.1431 -0.9496
vn 0.2840 0.0370 -0.9581
vn 0.0602 -0.1018 -0.9930
vn 0.0600 0.0597 -0.9964
vn 0.0562 0.1216 -0.9910
vn 0.0521 0.1176 -0.9917
vn -0.0767 0.0934 -0.9927
vn -0.0691 0.1621 -0.9844
vn -0.0927 0.1399 -0.9858
vn -0.1474 -0.0664 -0.9868
vn 0.0594 -0.0403 -0.9974
vn -0.4855 -0.0390 -0.8734
vn -0.6329 -0.5158 -0.5774
vn -0.2400 -0.6274 -0.7408
vn -0.7354 0.0955 -0.6708
vn -0.9002 -0.2611 -0.3485
vn -0.8943 -0.4466 -0.0287
vn -0.6199 -0.7812 -0.0737
vn -0.8102 0.2545 -0.5281
vn -0.9823 -0.0268 -0.1853
vn -0.9927 -0.1203 0.0019
vn -0.9879 -0.1320 0.0808
vn -0.8662 -0.4757 0.1533
vn -0.9668 0.2460 -0.0695
vn -0.9805 0.1958 0.0133
vn -0.9837 0.1783 0.0242
vn -0.9915 0.1294 -0.0110
vn -0.9882 -0.1428 0.0552
vn -0.8759 0.4818 0.0258
vn -0.8910 0.4538 -0.0140
vn -0.9140 0.4018 -0.0568
vn -0.7377 0.6738 -0.0421
vn -0.7531 0.6486 -0.1103
vn -0.7503 0.6193 -0.2315
vn -0.4711 0.8637 -0.1793
vn -0.4523 0.8298 -0.3269
vn -0.1437 0.9613 -0.2352
vn -0.4752 0.8763 -0.0790
vn -0.1734 0.9779 -0.1169
vn 0.0208 0.9897 -0.1420
vn 0.0495 0.9635 -0.2630
vn 0.2055 0.9673 -0.1487
vn 0.2076 0.9407 -0.2681
vn 0.4648 0.8771 -0.1210
vn 0.4535 0.8614 -0.2290
vn 0.7156 0.6835 -0.1442
vn 0.9227 0.3692 -0.1111
vn 0.2205 0.9747 -0.0374
vn 0.0128 0.9992 -0.0384
vn 0.0313 0.9993 0.0202
vn -0.1892 0.9816 -0.0263
vn -0.1880 0.9821 0.0133
vn -0.1734 0.9839 -0.0430
vn 0.0640 0.9979 -0.0079
vn -0.1425 0.9892 -0.0357
vn -0.1009 0.9941 -0.0396
vn -0.3714 0.7756 -0.5104
vn -0.5366 0.6745 -0.5070
vn -0.6411 0.1879 -0.7441
vn -0.5864 0.6842 -0.4336
vn -0.7890 0.1530 -0.5950
vn -0.6154 -0.6072 -0.5026
vn -0.8871 0.1119 -0.4479
vn -0.6475 -0.6528 -0.3932
vn -0.4462 -0.8353 -0.3213
vn -0.6620 -0.7026 -0.2607
vn -0.4808 -0.8494 -0.2175
vn -0.5666 -0.7903 -0.2332
vn -0.5198 -0.8506 -0.0793
vn -0.6138 -0.7848 -0.0861
vn -0.7114 -0.6961 -0.0963
vn -0.6156 -0.7862 0.0540
vn -0.7108 -0.7012 0.0558
vn -0.8059 -0.5897 0.0523
vn -0.6736 -0.7092 0.2081
vn -0.7706 -0.6015 0.2109
vn -0.8715 -0.4429 0.2107
vn -0.7168 -0.6186 0.3218
vn -0.8220 -0.4593 0.3367
vn -0.8894 -0.3107 0.3354
vn -0.7544 -0.4978 0.4278
vn -0.8268 -0.3526 0.4383
vn -0.6109 -0.5665 0.5531
vn -0.6850 -0.4212 0.5944
vn -0.3603 -0.6295 0.6884
vn -0.4179 -0.4837 0.7690
vn -0.4465 -0.3038 0.8416
vn -0.1113 -0.4951 0.8617
vn -0.1023 -0.2981 0.9490
vn -0.1007 -0.6473 0.7555
vn -0.2890 -0.7397 0.6077
vn -0.5137 -0.7000 0.4961
vn -0.4386 -0.7803 0.4458
vn -0.6453 -0.6530 0.3965
vn -0.5429 -0.7593 0.3588
vn -0.6081 -0.7324 0.3062
vn -0.5803 -0.7893 0.2009
vn -0.5169 -0.8546 0.0503
vn -0.6854 -0.7218 -0.0957
vn -0.9524 0.0477 -0.3012
vn -0.9936 0.0107 -0.1123
vn -0.7121 0.6749 -0.1933
vn -0.7488 0.6587 -0.0732
vn -0.6463 0.7447 -0.1664
vn -0.6726 0.7374 -0.0620
vn -0.7070 0.6840 -0.1798
vn -0.7347 0.6749 -0.0687
vn -0.7573 0.6221 -0.1986
vn -0.7794 0.6214 -0.0807
vn -0.6384 0.7064 -0.3056
vn -0.6874 0.6428 -0.3380
vn -0.7433 0.5452 -0.3876
vn -0.5796 0.5904 -0.5617
vn -0.5513 0.5737 -0.6058
vn -0.8251 0.4286 -0.3682
vn -0.8676 0.4972 0.0005
vn -0.7512 0.6599 0.0110
vn -0.7347 0.6781 0.0215
vn -0.5035 0.8639 0.0114
vn -0.4822 0.8760 -0.0026
vn -0.5983 0.7512 -0.2789
vn -0.6572 0.6913 -0.3001
vn -0.8541 -0.4939 0.1631
vn -0.5174 -0.8208 0.2420
vn -0.5665 -0.7982 0.2051
vn -0.2028 -0.9581 0.2025
vn -0.2471 -0.9619 -0.1174
vn 0.1042 -0.9810 -0.1636
vn 0.1013 -0.5854 -0.8044
vn 0.5000 -0.4734 -0.7252
vn -0.1055 -0.0725 -0.9918
vn -0.3533 -0.0466 -0.9344
vn -0.1193 -0.2743 -0.9542
vn -0.3466 -0.2408 -0.9066
vn -0.5950 -0.1914 -0.7806
vn -0.6231 0.0048 -0.7821
vn -0.3099 -0.3919 -0.8662
vn -0.5442 -0.3569 -0.7592
vn -0.7139 -0.3268 -0.6193
vn -0.5055 -0.4075 -0.7605
vn -0.6650 -0.4117 -0.6231
vn -0.5528 -0.2255 -0.8022
vn -0.7305 -0.2871 -0.6196
vn -0.8155 -0.3500 -0.4610
vn -0.8203 -0.0123 -0.5718
vn -0.9383 -0.0629 -0.3399
vn -0.9886 -0.1364 -0.0633
vn -0.8466 -0.4491 -0.2856
vn -0.9502 -0.2040 0.2356
vn -0.9996 -0.0129 0.0270
vn -0.9459 -0.1106 0.3049
vn -0.8380 -0.1803 0.5150
vn -0.8290 -0.2288 0.5104
vn -0.6460 -0.1932 0.7385
vn -0.5884 -0.1910 0.7857
vn -0.4654 -0.3701 0.8040
vn -0.2979 -0.7434 0.5988
vn -0.2623 -0.0982 0.9600
vn -0.1783 -0.1987 0.9637
vn -0.1089 -0.5798 0.8075
vn -0.0613 -0.9128 0.4038
vn -0.1222 -0.9443 0.3056
vn -0.0405 -0.1032 0.9938
vn -0.0432 -0.4790 0.8768
vn -0.0481 -0.8871 0.4590
vn -0.0430 -0.9843 -0.1714
vn -0.0671 -0.9868 -0.1473
vn 0.0625 -0.4257 0.9027
vn 0.0468 -0.8646 0.5002
vn 0.0534 -0.9897 -0.1331
vn 0.0665 -0.6131 -0.7872
vn -0.0356 -0.6055 -0.7951
vn 0.1304 -0.9873 -0.0905
vn 0.2063 -0.6707 -0.7125
vn 0.2820 -0.2056 -0.9371
vn 0.0785 -0.1354 -0.9877
vn 0.6515 -0.2866 -0.7024
vn 0.9408 -0.2322 -0.2470
vn 0.9261 0.1935 -0.3239
vn 0.7003 0.0989 -0.7069
vn 0.3483 0.0593 -0.9355
vn 0.6168 0.4023 -0.6765
vn 0.3549 0.2532 -0.9000
vn 0.7792 0.5154 -0.3566
vn 0.9584 0.2735 -0.0816
vn 0.8202 0.5567 -0.1321
vn 0.6278 0.7650 -0.1436
vn 0.7889 0.5950 0.1534
vn 0.6178 0.7700 0.1593
vn 0.6660 0.7127 0.2203
vn 0.6705 0.7333 -0.1126
vn 0.8480 0.4259 0.3155
vn 0.8796 0.4729 -0.0514
vn 0.9259 0.0470 0.3748
vn 0.9960 0.0893 0.0004
vn 0.9143 0.0503 -0.4020
vn 0.9582 -0.2848 0.0268
vn 0.8766 -0.3131 -0.3653
vn 0.6148 -0.2515 -0.7475
vn 0.6419 0.0483 -0.7652
vn 0.4784 -0.6495 -0.5910
vn 0.6628 -0.7020 -0.2605
vn 0.7474 -0.6634 0.0363
vn 0.3770 -0.9258 0.0263
vn 0.3244 -0.9385 -0.1180
vn 0.2191 -0.9315 -0.2903
vn -0.0013 -0.9846 -0.1750
vn 0.0953 -0.8557 -0.5086
vn -0.0541 -0.9636 -0.2617
vn -0.0459 -0.6875 -0.7247
vn -0.1469 -0.9337 -0.3266
vn -0.2275 -0.5840 -0.7792
vn -0.2983 -0.9127 -0.2793
vn -0.4810 -0.6152 -0.6246
vn -0.4955 -0.2361 -0.8359
vn -0.6727 -0.6277 -0.3918
vn -0.7566 -0.2918 -0.5852
vn -0.7229 -0.1488 -0.6747
vn -0.4360 -0.0929 -0.8951
vn -0.6591 -0.2599 -0.7057
vn -0.3831 -0.1493 -0.9116
vn -0.4864 -0.5694 -0.6627
vn -0.2749 -0.3776 -0.8842
vn -0.1121 -0.2086 -0.9715
vn -0.1556 -0.7702 -0.6185
vn -0.0934 -0.6646 -0.7414
vn -0.0268 -0.1362 -0.9903
vn -0.0846 -0.9926 -0.0874
vn -0.2673 -0.8723 -0.4094
vn -0.1854 -0.9804 -0.0661
vn -0.4254 -0.8844 -0.1921
vn -0.3497 -0.9359 -0.0426
vn -0.4717 -0.8806 0.0450
vn -0.3983 -0.9162 0.0436
vn -0.3855 -0.9054 0.1777
vn -0.4878 -0.8726 0.0258
vn -0.3962 -0.9144 -0.0833
vn -0.5049 -0.8246 0.2552
vn -0.5106 -0.6584 0.5530
vn -0.6378 -0.7494 -0.1779
vn -0.4191 -0.8293 -0.3697
vn -0.6872 -0.5190 -0.5083
vn -0.3745 -0.5882 -0.7168
vn -0.6663 -0.6475 -0.3698
vn -0.8331 -0.2893 -0.4714
vn -0.8772 -0.1375 -0.4601
vn -0.9714 -0.0798 -0.2236
vn -0.9626 -0.2085 -0.1733
vn -0.9928 -0.0971 0.0704
vn -0.9986 0.0096 0.0528
vn -0.8834 -0.2777 -0.3775
vn -0.7755 -0.5953 -0.2105
vn -0.8537 -0.5172 -0.0611
vn -0.6119 -0.7887 0.0600
vn -0.7196 -0.6588 0.2195
vn -0.9194 -0.3712 0.1303
vn -0.5220 -0.8522 -0.0362
vn -0.2697 -0.9617 0.0488
vn -0.3499 -0.9283 0.1258
vn -0.4264 -0.8920 -0.1502
vn -0.4766 -0.8227 0.3100
vn -0.1051 -0.9923 0.0658
vn -0.1536 -0.9790 0.1342
vn -0.2579 -0.8944 0.3654
vn -0.3548 -0.6221 0.6980
vn -0.0628 -0.9912 0.1165
vn -0.1082 -0.9312 0.3482
vn -0.1594 -0.6803 0.7154
vn -0.1679 -0.2584 0.9513
vn -0.3684 -0.2063 0.9065
vn -0.0523 -0.9576 0.2832
vn -0.0400 -0.7665 0.6410
vn -0.0026 -0.3906 0.9206
vn 0.0767 -0.8614 0.5022
vn 0.2088 -0.5503 0.8085
vn 0.3071 -0.1880 0.9329
vn 0.3588 0.0887 0.9292
vn 0.4954 -0.6392 0.5882
vn 0.6496 -0.2845 0.7051
vn 0.7013 0.0022 0.7129
vn 0.8827 -0.2816 0.3763
vn 0.6983 -0.6475 0.3051
vn 0.2333 -0.9174 0.3223
vn 0.3455 -0.9254 0.1557
vn 0.0573 -0.9909 0.1217
vn 0.1122 -0.9919 0.0595
vn -0.0126 -0.9785 0.2058
vn -0.0462 -0.9942 0.0974
vn -0.0473 -0.9971 0.0590
vn -0.0414 -0.9976 0.0547
vn -0.0437 -0.9986 0.0284
vn -0.0463 -0.9986 -0.0248
vn -0.0353 -0.9992 -0.0159
vn -0.0448 -0.9953 -0.0862
vn -0.0254 -0.9971 -0.0718
vn -0.9262 0.0192 0.3765
vn -0.7275 0.1175 0.6760
vn -0.7106 0.1465 0.6882
vn -0.9213 0.0938 0.3775
vn -0.8953 -0.0323 0.4442
vn -0.6921 0.0514 0.7200
vn -0.6161 -0.2100 0.7592
vn -0.7789 -0.3201 0.5393
vn -0.4769 0.1773 0.8609
vn -0.4453 0.1032 0.8894
vn -0.3742 -0.1479 0.9155
vn -0.5315 -0.3978 0.7478
vn -0.2260 0.1553 0.9617
vn -0.1631 -0.1053 0.9810
vn 0.0249 0.1960 0.9803
vn 0.0494 -0.1068 0.9931
vn 0.3193 0.1982 0.9267
vn 0.3116 -0.1559 0.9373
vn 0.5690 0.1678 0.8051
vn 0.5436 -0.2228 0.8092
vn 0.8122 0.1137 0.5722
vn 0.7352 -0.3156 0.5998
vn 0.9673 -0.0001 0.2535
vn 0.7993 -0.4637 0.3822
vn 0.9929 -0.1116 0.0405
vn 0.9249 0.3356 0.1785
vn 0.7565 0.3772 0.5342
vn 0.6334 0.5884 0.5025
vn 0.5175 0.3868 0.7633
vn 0.4228 0.5278 0.7366
vn -0.6785 -0.4358 0.5913
vn -0.4965 0.1789 0.8494
vn -0.0668 -0.0183 0.9976
vn -0.3402 -0.1265 0.9318
vn -0.1200 -0.0219 0.9925
vn -0.4261 -0.2653 0.8649
vn -0.1981 -0.1434 0.9696
vn -0.0569 -0.0839 0.9949
vn -0.2390 -0.5685 0.7872
vn -0.0990 -0.5718 0.8144
vn 0.0262 -0.6634 0.7478
vn 0.0684 -0.1394 0.9879
vn 0.2381 -0.7684 0.5940
vn 0.3439 -0.3063 0.8876
vn 0.4318 -0.8106 0.3956
vn 0.6532 -0.4331 0.6211
vn 0.7127 -0.0723 0.6977
vn 0.6941 0.2063 0.6897
vn 0.8347 -0.4682 0.2900
vn 0.9323 -0.1009 0.3472
vn 0.9068 0.2179 0.3609
vn 0.9953 -0.0935 -0.0252
vn 0.9710 0.2390 0.0048
vn 0.8384 0.5429 0.0489
vn 0.6374 0.7639 0.1008
vn 0.9326 0.2108 -0.2929
vn 0.8181 0.5241 -0.2368
vn 0.6317 0.7584 -0.1607
vn 0.6303 0.7643 -0.1360
vn 0.6422 0.7574 0.1178
vn 0.5314 0.7179 -0.4498
vn 0.6592 0.5634 -0.4980
vn 0.8208 0.5366 -0.1958
vn 0.3759 0.6042 -0.7026
vn 0.4487 0.5235 -0.7243
vn 0.5420 0.3450 -0.7663
vn 0.7597 0.3248 -0.5633
vn 0.7894 0.0074 -0.6139
vn 0.9303 -0.0752 -0.3589
vn 0.9236 0.2662 -0.2757
vn 0.5696 0.0600 -0.8198
vn 0.4961 -0.2943 -0.8169
vn 0.6863 -0.3743 -0.6236
vn 0.3296 0.1157 -0.9370
vn 0.2747 -0.2177 -0.9366
vn 0.2067 -0.4294 -0.8792
vn 0.3944 -0.4882 -0.7786
vn 0.0534 0.1324 -0.9897
vn 0.0506 -0.1639 -0.9852
vn 0.0249 -0.4002 -0.9161
vn 0.0305 -0.4176 -0.9081
vn 0.2104 -0.4317 -0.8771
vn -0.1526 -0.1543 -0.9762
vn -0.1183 -0.3984 -0.9095
vn -0.1127 -0.4106 -0.9048
vn 0.0500 -0.2962 -0.9538
vn -0.2875 -0.4079 -0.8666
vn -0.3313 -0.1808 -0.9260
vn -0.1880 0.1105 -0.9759
vn -0.3836 0.0788 -0.9201
vn -0.6154 0.0350 -0.7874
vn -0.4130 0.1747 -0.8938
vn -0.6305 0.1396 -0.7635
vn -0.8283 0.1131 -0.5487
vn -0.6375 0.1472 -0.7563
vn -0.8313 0.0784 -0.5503
vn -0.9608 -0.0418 -0.2739
vn -0.9607 0.0680 -0.2691
vn -0.9829 -0.1837 0.0106
vn -0.8935 -0.3266 -0.3081
vn -0.8394 -0.5395 -0.0655
vn -0.7399 -0.6610 0.1250
vn -0.9140 -0.3068 0.2656
vn -0.6536 -0.7063 0.2719
vn -0.8130 -0.3700 0.4496
vn -0.5782 -0.6870 0.4402
vn -0.6735 -0.3607 0.6452
vn -0.4351 -0.6248 0.6484
vn -0.3615 -0.9281 0.0885
vn -0.4231 -0.9061 0.0029
vn -0.1737 -0.9842 -0.0357
vn -0.1384 -0.9903 0.0110
vn -0.0629 -0.9973 -0.0386
vn -0.0548 -0.9985 0.0032
vn -0.0406 -0.9984 -0.0394
vn -0.0422 -0.9991 0.0074
vn -0.0421 -0.9973 0.0595
vn -0.0432 -0.9990 0.0124
vn -0.0368 -0.9971 0.0668
vn -0.0288 -0.9940 0.1054
vn -0.0459 -0.9933 0.1059
vn -0.0191 -0.9612 0.2753
vn -0.0763 -0.9408 0.3301
vn 0.0781 -0.9707 0.2271
vn 0.1851 -0.9667 0.1768
vn 0.2528 -0.9650 0.0700
vn 0.5520 -0.8153 0.1745
vn 0.2602 -0.9652 -0.0254
vn 0.5969 -0.8015 -0.0354
vn 0.8909 -0.4525 -0.0383
vn 0.5786 -0.7881 -0.2103
vn 0.8484 -0.4360 -0.3002
vn 0.9420 -0.1069 -0.3182
vn 0.7367 -0.4276 -0.5238
vn 0.8215 -0.1353 -0.5540
vn 0.5302 -0.3756 -0.7601
vn 0.5935 -0.0933 -0.7994
vn 0.3205 0.0821 -0.9437
vn 0.2738 -0.2288 -0.9342
vn 0.3694 -0.7256 -0.5806
vn 0.1751 -0.6196 -0.7651
vn 0.0202 -0.4577 -0.8889
vn -0.1137 -0.2950 -0.9487
vn 0.0423 -0.9182 -0.3938
vn -0.0237 -0.8405 -0.5412
vn -0.0999 -0.7424 -0.6624
vn -0.2719 -0.6443 -0.7148
vn -0.2940 -0.1908 -0.9366
vn -0.0411 -0.9792 -0.1989
vn -0.0664 -0.9604 -0.2706
vn -0.1703 -0.9267 -0.3349
vn -0.3902 -0.8487 -0.3570
vn -0.0435 -0.9951 -0.0890
vn -0.0891 -0.9906 -0.1035
vn -0.2496 -0.9610 -0.1193
vn -0.5386 -0.8344 -0.1169
vn -0.6751 -0.6550 -0.3393
vn -0.0404 -0.9961 -0.0783
vn -0.0425 -0.9983 -0.0386
vn -0.0260 -0.9977 -0.0630
vn -0.0228 -0.9993 -0.0305
vn 0.0203 -0.9996 -0.0210
vn 0.0942 -0.9953 -0.0208
vn -0.0176 -0.9904 -0.1368
vn 0.5147 -0.7668 -0.3835
vn -0.4333 0.1906 -0.8809
vn 0.2482 -0.3184 -0.9149
vn 0.4544 -0.3374 -0.8244
vn 0.3910 -0.4702 -0.7912
vn 0.5224 -0.3965 -0.7549
vn 0.5024 -0.5490 -0.6680
vn 0.5358 -0.5728 -0.6203
vn 0.4926 -0.6224 -0.6082
vn 0.5400 -0.6625 -0.5192
vn 0.7588 -0.4787 -0.4417
vn 0.4556 -0.7685 -0.4493
vn 0.7132 -0.6226 -0.3221
vn 0.9695 -0.1897 -0.1554
vn 0.6433 -0.7384 -0.2025
vn 0.9524 -0.3045 0.0154
vn 0.9790 0.1111 0.1707
vn 0.9826 0.1844 -0.0203
vn 0.8573 0.4401 0.2672
vn 0.8753 0.4795 0.0629
vn 0.8994 0.0694 0.4316
vn 0.7746 0.3956 0.4935
vn 0.3941 -0.8628 -0.3165
vn 0.5164 -0.7838 -0.3448
vn 0.5148 -0.8456 -0.1410
vn 0.4897 -0.6964 -0.5246
vn 0.6557 -0.5531 -0.5140
vn 0.7413 -0.5909 -0.3183
vn 0.5508 -0.4935 -0.6731
vn 0.7899 -0.3810 -0.4805
vn -0.6184 0.7172 0.3212
vn -0.6845 -0.3938 0.6135
vn -0.9127 -0.1572 0.3771
vn -0.3337 -0.5278 0.7810
vn 0.1811 -0.5380 0.8233
vn 0.2771 -0.6614 0.6970
vn -0.2564 -0.6668 0.6998
vn -0.6231 -0.5502 0.5560
vn -0.9108 -0.2947 0.2892
vn -0.1655 -0.4859 0.8582
vn -0.5728 -0.3928 0.7195
vn -0.8891 -0.1687 0.4254
vn -0.9891 0.0220 0.1453
vn -0.9969 -0.0696 0.0365
vn -0.9904 0.0005 -0.1381
vn -0.9712 0.2352 0.0384
vn -0.9773 0.1064 0.1834
vn -0.9939 0.1103 0.0013
vn -0.9466 0.0611 -0.3166
vn -0.9240 0.3471 0.1606
vn -0.6619 0.6548 0.3648
vn -0.2917 0.8247 0.4845
vn -0.1773 0.9720 0.1540
vn -0.0720 0.9711 -0.2275
vn 0.1754 0.8407 0.5124
vn 0.2851 0.9445 0.1633
vn 0.3872 0.9026 -0.1879
vn -0.0716 0.8112 -0.5804
vn -0.4448 0.4439 -0.7778
vn -0.8183 0.4278 -0.3839
vn -0.7846 0.2527 -0.5661
vn -0.9460 0.3064 -0.1058
vn -0.7622 0.5943 0.2567
vn 0.0986 0.5935 0.7988
vn 0.6180 0.4355 0.6545
vn 0.0654 0.2172 0.9739
vn 0.5510 0.1435 0.8221
vn -0.0208 -0.1927 0.9810
vn 0.4687 -0.1802 0.8648
vn 0.3702 -0.4617 0.8061
vn 0.8470 -0.2720 0.4567
vn 0.8006 -0.4176 0.4298
vn 0.9565 -0.1604 0.2436
vn 0.9725 -0.1019 0.2095
vn 0.6988 -0.2705 0.6622
vn 0.8554 0.0586 0.5146
vn 0.3825 0.1296 -0.9148
vn 0.1897 0.1432 -0.9713
vn 0.3803 -0.0572 -0.9231
vn 0.5381 -0.0547 -0.8411
vn 0.4815 -0.2596 -0.8371
vn 0.6134 -0.2599 -0.7458
vn 0.7229 -0.2363 -0.6493
vn 0.5680 -0.2095 -0.7959
vn 0.3031 -0.5213 -0.7977
vn 0.3401 -0.7794 -0.5263
vn 0.7475 -0.6636 -0.0303
vt 0.684388 0.895919
vt 0.681657 0.900717
vt 0.674840 0.897225
vt 0.673249 0.884292
vt 0.275955 0.705712
vt 0.269489 0.710476
vt 0.259828 0.694280
vt 0.263501 0.693083
vt 0.257778 0.678372
vt 0.272548 0.679740
vt 0.593302 0.788706
vt 0.589679 0.796351
vt 0.581463 0.797520
vt 0.580568 0.785871
vt 0.592209 0.770208
vt 0.608612 0.770547
vt 0.607084 0.789831
vt 0.601914 0.802853
vt 0.596734 0.803590
vt 0.622504 0.266393
vt 0.622504 0.283684
vt 0.617611 0.282443
vt 0.616251 0.271323
vt 0.577892 0.770786
vt 0.574328 0.284196
vt 0.571977 0.276894
vt 0.582094 0.275639
vt 0.581147 0.286871
vt 0.565399 0.285083
vt 0.564511 0.277176
vt 0.570787 0.294336
vt 0.539881 0.474984
vt 0.557418 0.490486
vt 0.553539 0.505244
vt 0.534156 0.491215
vt 0.289075 0.423024
vt 0.299565 0.415123
vt 0.307156 0.423235
vt 0.303867 0.433685
vt 0.541486 0.448659
vt 0.550309 0.453618
vt 0.549862 0.475489
vt 0.511552 0.478507
vt 0.516376 0.460128
vt 0.398037 0.746439
vt 0.382039 0.755442
vt 0.378829 0.743289
vt 0.391399 0.738747
vt 0.397372 0.735085
vt 0.404244 0.738453
vt 0.584487 0.308789
vt 0.590423 0.288774
vt 0.846081 0.255811
vt 0.852100 0.235278
vt 0.860724 0.236405
vt 0.856504 0.256297
vt 0.401813 0.761576
vt 0.386533 0.773290
vt 0.571212 0.271060
vt 0.578099 0.267097
vt 0.566457 0.270047
vt 0.524056 0.830368
vt 0.518955 0.825915
vt 0.525005 0.820494
vt 0.531304 0.829364
vt 0.388593 0.730553
vt 0.396936 0.728975
vt 0.405164 0.730598
vt 0.396306 0.716373
vt 0.396768 0.721800
vt 0.387708 0.722401
vt 0.389280 0.714880
vt 0.520162 0.814666
vt 0.521490 0.806976
vt 0.533450 0.808773
vt 0.515062 0.818269
vt 0.543563 0.823803
vt 0.396665 0.708007
vt 0.379673 0.708389
vt 0.383489 0.697470
vt 0.526006 0.794238
vt 0.538573 0.789313
vt 0.547565 0.801280
vt 0.555249 0.812445
vt 0.766169 0.843267
vt 0.780128 0.845091
vt 0.781884 0.854142
vt 0.772278 0.856246
vt 0.545182 0.513604
vt 0.529901 0.504775
vt 0.571993 0.506552
vt 0.572208 0.518228
vt 0.558014 0.518931
vt 0.884962 0.023035
vt 0.893488 0.018612
vt 0.891457 0.039139
vt 0.881289 0.039398
vt 0.488368 0.069881
vt 0.477694 0.082676
vt 0.463125 0.072469
vt 0.481332 0.058332
vt 0.495203 0.050378
vt 0.497594 0.068202
vt 0.451512 0.920070
vt 0.457603 0.917413
vt 0.465854 0.929657
vt 0.455186 0.931055
vt 0.142401 0.022503
vt 0.146925 0.016139
vt 0.152617 0.029059
vt 0.143563 0.032704
vt 0.445099 0.932213
vt 0.443966 0.917937
vt 0.872937 0.455755
vt 0.878254 0.459823
vt 0.870036 0.469953
vt 0.864962 0.460392
vt 0.136914 0.955072
vt 0.137032 0.938714
vt 0.146598 0.941373
vt 0.143656 0.960692
vt 0.857114 0.443327
vt 0.866605 0.440604
vt 0.841871 0.303930
vt 0.827664 0.297127
vt 0.828611 0.283000
vt 0.835691 0.282129
vt 0.265177 0.798058
vt 0.271968 0.778742
vt 0.287112 0.779626
vt 0.289024 0.800533
vt 0.096314 0.594528
vt 0.116490 0.591367
vt 0.116045 0.607371
vt 0.102410 0.609992
vt 0.356014 0.464974
vt 0.343544 0.466509
vt 0.343972 0.456541
vt 0.360054 0.457415
vt 0.359135 0.469423
vt 0.343126 0.474291
vt 0.367685 0.461753
vt 0.793855 0.210561
vt 0.805949 0.204659
vt 0.802260 0.219624
vt 0.786231 0.221515
vt 0.788774 0.203004
vt 0.805908 0.193904
vt 0.775377 0.217753
vt 0.780170 0.258319
vt 0.790091 0.263114
vt 0.781765 0.276861
vt 0.769561 0.263312
vt 0.766920 0.239679
vt 0.780415 0.240671
vt 0.797106 0.240648
vt 0.844123 0.209458
vt 0.857577 0.209559
vt 0.862139 0.221283
vt 0.853120 0.221683
vt 0.567723 0.822455
vt 0.556157 0.834446
vt 0.590423 0.262552
vt 0.590402 0.275246
vt 0.880647 0.219817
vt 0.873225 0.207202
vt 0.888596 0.202903
vt 0.893005 0.210574
vt 0.904155 0.207327
vt 0.900539 0.221549
vt 0.895860 0.237050
vt 0.875719 0.236743
vt 0.898908 0.197388
vt 0.602630 0.282158
vt 0.595071 0.287568
vt 0.592675 0.274961
vt 0.604500 0.274399
vt 0.609004 0.286460
vt 0.605042 0.293103
vt 0.613998 0.283405
vt 0.604595 0.308789
vt 0.592675 0.304166
vt 0.308038 0.915446
vt 0.304594 0.901863
vt 0.317598 0.904396
vt 0.317172 0.921322
vt 0.224709 0.561944
vt 0.218613 0.567218
vt 0.213676 0.549806
vt 0.222666 0.548816
vt 0.313447 0.931213
vt 0.302424 0.920158
vt 0.319589 0.872062
vt 0.317760 0.884587
vt 0.304382 0.881906
vt 0.311665 0.865022
vt 0.325376 0.854348
vt 0.329779 0.866576
vt 0.332449 0.885215
vt 0.803748 0.350924
vt 0.799861 0.364681
vt 0.791303 0.362127
vt 0.797579 0.345269
vt 0.068589 0.892880
vt 0.076469 0.887574
vt 0.080835 0.901876
vt 0.070374 0.906807
vt 0.467192 0.985956
vt 0.458881 0.988817
vt 0.459821 0.978456
vt 0.469853 0.977633
vt 0.993410 0.824316
vt 0.987352 0.823724
vt 0.990359 0.814034
vt 0.996250 0.818424
vt 0.200510 0.865162
vt 0.194399 0.868825
vt 0.193175 0.860856
vt 0.202592 0.857345
vt 0.996767 0.832545
vt 0.987344 0.835396
vt 0.969309 0.795031
vt 0.977862 0.796147
vt 0.973280 0.808388
vt 0.963149 0.804184
vt 0.421143 0.799800
vt 0.419730 0.790669
vt 0.431401 0.792944
vt 0.428180 0.804521
vt 0.951644 0.797826
vt 0.962627 0.788268
vt 0.140538 0.663650
vt 0.130149 0.668157
vt 0.130689 0.648010
vt 0.144007 0.648383
vt 0.445148 0.315731
vt 0.430393 0.308706
vt 0.440654 0.297233
vt 0.457517 0.309830
vt 0.467378 0.318075
vt 0.446857 0.321978
vt 0.769942 0.609897
vt 0.763097 0.613289
vt 0.758301 0.597581
vt 0.769710 0.598745
vt 0.783504 0.602905
vt 0.778543 0.615451
vt 0.772779 0.622206
vt 0.757029 0.544767
vt 0.741274 0.548413
vt 0.740982 0.525986
vt 0.752901 0.521306
vt 0.750245 0.573660
vt 0.740982 0.575137
vt 0.770218 0.511641
vt 0.775798 0.528269
vt 0.769955 0.553521
vt 0.759772 0.574538
vt 0.784765 0.540631
vt 0.124690 0.768134
vt 0.141534 0.762519
vt 0.143976 0.788123
vt 0.133803 0.790853
vt 0.121645 0.738740
vt 0.138947 0.732996
vt 0.129547 0.793219
vt 0.119781 0.779230
vt 0.107177 0.763936
vt 0.105220 0.743086
vt 0.107577 0.772251
vt 0.175564 0.846998
vt 0.177154 0.855007
vt 0.162280 0.855113
vt 0.165995 0.843042
vt 0.173188 0.831077
vt 0.184818 0.840945
vt 0.190435 0.850690
vt 0.090908 0.867579
vt 0.113947 0.853611
vt 0.124669 0.860009
vt 0.106618 0.875953
vt 0.063891 0.867209
vt 0.070417 0.858003
vt 0.093233 0.856693
vt 0.111065 0.849776
vt 0.030579 0.835593
vt 0.039501 0.844088
vt 0.029027 0.850966
vt 0.020017 0.844595
vt 0.451971 0.641441
vt 0.456576 0.633105
vt 0.466357 0.634798
vt 0.466285 0.639690
vt 0.466979 0.646765
vt 0.455554 0.650568
vt 0.013015 0.839396
vt 0.021737 0.831686
vt 0.445519 0.656007
vt 0.442220 0.649954
vt 0.483510 0.280279
vt 0.474112 0.269351
vt 0.491256 0.260294
vt 0.495477 0.280114
vt 0.472612 0.296144
vt 0.455140 0.283137
vt 0.484530 0.302525
vt 0.210423 0.643555
vt 0.219935 0.647489
vt 0.221316 0.660142
vt 0.202979 0.650087
vt 0.421772 0.504334
vt 0.414925 0.478300
vt 0.432372 0.483987
vt 0.435571 0.504141
vt 0.432974 0.523882
vt 0.423926 0.536338
vt 0.411853 0.518552
vt 0.437976 0.517148
vt 0.909328 0.262890
vt 0.898140 0.269072
vt 0.894914 0.254481
vt 0.910505 0.251759
vt 0.834820 0.570085
vt 0.845171 0.571694
vt 0.841476 0.584993
vt 0.828560 0.576074
vt 0.831117 0.559248
vt 0.844471 0.557360
vt 0.518271 0.287291
vt 0.518368 0.280756
vt 0.528335 0.287321
vt 0.523202 0.292640
vt 0.538832 0.300095
vt 0.530879 0.308789
vt 0.532587 0.275569
vt 0.538832 0.278113
vt 0.850110 0.192470
vt 0.866182 0.194424
vt 0.586877 0.816917
vt 0.592826 0.822459
vt 0.572897 0.837828
vt 0.664588 0.526505
vt 0.660578 0.513779
vt 0.680046 0.509239
vt 0.687781 0.517070
vt 0.404298 0.459509
vt 0.427957 0.466808
vt 0.396723 0.469610
vt 0.391168 0.454479
vt 0.742024 0.900047
vt 0.732180 0.891852
vt 0.740104 0.880202
vt 0.752284 0.898116
vt 0.737777 0.916879
vt 0.722534 0.908470
vt 0.750026 0.921396
vt 0.720747 0.861507
vt 0.746044 0.875170
vt 0.719096 0.873309
vt 0.733290 0.854866
vt 0.753028 0.871964
vt 0.699634 0.861939
vt 0.688645 0.848374
vt 0.703197 0.845995
vt 0.703088 0.874737
vt 0.717959 0.842890
vt 0.521133 0.598332
vt 0.535140 0.595296
vt 0.535653 0.605415
vt 0.519180 0.604788
vt 0.509016 0.602763
vt 0.515575 0.593825
vt 0.533226 0.587032
vt 0.241391 0.429874
vt 0.241063 0.424061
vt 0.250994 0.425229
vt 0.247497 0.432725
vt 0.236179 0.432668
vt 0.233674 0.425041
vt 0.242649 0.438749
vt 0.602743 0.595266
vt 0.605249 0.602245
vt 0.589256 0.601076
vt 0.591531 0.592117
vt 0.594844 0.583172
vt 0.609510 0.589308
vt 0.616910 0.597916
vt 0.050782 0.936347
vt 0.038182 0.943462
vt 0.036642 0.921328
vt 0.055348 0.919384
vt 0.060709 0.941558
vt 0.047830 0.956629
vt 0.930766 0.539586
vt 0.928705 0.522513
vt 0.941001 0.523347
vt 0.941543 0.542853
vt 0.098681 0.233904
vt 0.077672 0.215743
vt 0.093035 0.190454
vt 0.114790 0.200056
vt 0.080699 0.245395
vt 0.068066 0.227919
vt 0.123291 0.236429
vt 0.115906 0.266091
vt 0.093437 0.267247
vt 0.135091 0.206727
vt 0.081773 0.268811
vt 0.087061 0.296193
vt 0.113546 0.293232
vt 0.064505 0.312359
vt 0.059250 0.305402
vt 0.075011 0.289019
vt 0.384166 0.249542
vt 0.375361 0.225319
vt 0.399849 0.225291
vt 0.412158 0.241189
vt 0.404363 0.260394
vt 0.396618 0.274561
vt 0.374968 0.269331
vt 0.421398 0.250595
vt 0.347410 0.247864
vt 0.344883 0.224058
vt 0.345034 0.268182
vt 0.885752 0.583342
vt 0.892398 0.572623
vt 0.904176 0.583443
vt 0.890588 0.594923
vt 0.873398 0.586427
vt 0.876148 0.570719
vt 0.407417 0.867021
vt 0.420225 0.861837
vt 0.425306 0.879004
vt 0.409007 0.879597
vt 0.759984 0.317740
vt 0.738093 0.320942
vt 0.724486 0.298147
vt 0.741160 0.295224
vt 0.472399 0.851729
vt 0.456948 0.854833
vt 0.452880 0.831654
vt 0.464963 0.827372
vt 0.472399 0.881374
vt 0.460936 0.877966
vt 0.001126 0.430663
vt 0.010407 0.418602
vt 0.021068 0.431667
vt 0.015588 0.444932
vt 0.189923 0.477836
vt 0.193593 0.446989
vt 0.199953 0.446527
vt 0.202219 0.471647
vt 0.253034 0.944530
vt 0.254538 0.934817
vt 0.281084 0.921520
vt 0.284149 0.925995
vt 0.320584 0.387422
vt 0.316378 0.374988
vt 0.344382 0.379309
vt 0.348930 0.391839
vt 0.287384 0.371825
vt 0.287041 0.364003
vt 0.227356 0.947816
vt 0.235589 0.936430
vt 0.359912 0.406811
vt 0.339907 0.404588
vt 0.519415 0.671057
vt 0.497178 0.679222
vt 0.499110 0.663769
vt 0.515835 0.657949
vt 0.522965 0.654583
vt 0.526207 0.660996
vt 0.540965 0.667446
vt 0.540708 0.675393
vt 0.934244 0.504351
vt 0.945154 0.502485
vt 0.627125 0.298968
vt 0.616251 0.308789
vt 0.616251 0.292008
vt 0.626122 0.285937
vt 0.055729 0.902085
vt 0.041414 0.899113
vt 0.041337 0.757838
vt 0.051820 0.744956
vt 0.055821 0.761066
vt 0.046009 0.770210
vt 0.040227 0.778535
vt 0.036888 0.775715
vt 0.031759 0.773016
vt 0.034222 0.753489
vt 0.843242 0.494254
vt 0.854333 0.493487
vt 0.856914 0.502221
vt 0.840912 0.501768
vt 0.596783 0.873414
vt 0.593587 0.879983
vt 0.583324 0.877189
vt 0.590467 0.868387
vt 0.603550 0.861365
vt 0.607442 0.869629
vt 0.636949 0.851856
vt 0.644167 0.857503
vt 0.627232 0.866606
vt 0.623350 0.856626
vt 0.618569 0.841900
vt 0.638968 0.839025
vt 0.653528 0.841345
vt 0.593227 0.805158
vt 0.584609 0.809963
vt 0.525509 0.262937
vt 0.531259 0.261742
vt 0.521728 0.271198
vt 0.635954 0.666561
vt 0.636157 0.694579
vt 0.612624 0.694942
vt 0.609902 0.673720
vt 0.607002 0.661897
vt 0.623624 0.653234
vt 0.631109 0.640727
vt 0.646268 0.643621
vt 0.605469 0.803916
vt 0.619906 0.792192
vt 0.613644 0.808787
vt 0.283180 0.891166
vt 0.278262 0.876721
vt 0.290013 0.873563
vt 0.292100 0.894598
vt 0.271609 0.901515
vt 0.263025 0.885078
vt 0.277328 0.914421
vt 0.372687 0.099843
vt 0.394828 0.078991
vt 0.411654 0.090011
vt 0.398691 0.109953
vt 0.362816 0.069701
vt 0.384447 0.061807
vt 0.390598 0.138108
vt 0.366883 0.135623
vt 0.340818 0.103811
vt 0.338078 0.074135
vt 0.340680 0.135017
vt 0.543012 0.892438
vt 0.535558 0.889238
vt 0.545758 0.882236
vt 0.552415 0.888501
vt 0.543016 0.899569
vt 0.531994 0.897782
vt 0.556612 0.897729
vt 0.512647 0.969097
vt 0.497160 0.967120
vt 0.504583 0.948274
vt 0.517515 0.947300
vt 0.676930 0.467599
vt 0.690626 0.449436
vt 0.696319 0.459452
vt 0.687392 0.475657
vt 0.677226 0.487265
vt 0.668428 0.484053
vt 0.906381 0.893456
vt 0.913768 0.896798
vt 0.910086 0.909217
vt 0.901692 0.900677
vt 0.895933 0.886281
vt 0.904272 0.882980
vt 0.915849 0.883137
vt 0.277094 0.325794
vt 0.283770 0.331869
vt 0.276898 0.337684
vt 0.269796 0.327532
vt 0.924794 0.912755
vt 0.926255 0.919749
vt 0.916960 0.922123
vt 0.918300 0.912832
vt 0.922896 0.900117
vt 0.930739 0.904049
vt 0.357202 0.331794
vt 0.361819 0.341097
vt 0.340920 0.345748
vt 0.340877 0.334047
vt 0.922918 0.830695
vt 0.927050 0.846267
vt 0.914312 0.847380
vt 0.914267 0.827510
vt 0.919439 0.813349
vt 0.930739 0.823404
vt 0.939747 0.434000
vt 0.928708 0.443483
vt 0.920416 0.425160
vt 0.935661 0.417714
vt 0.948784 0.412782
vt 0.948733 0.436743
vt 0.936515 0.453801
vt 0.812872 0.729104
vt 0.812574 0.755268
vt 0.793104 0.748162
vt 0.792703 0.730174
vt 0.791813 0.722943
vt 0.805752 0.718410
vt 0.818331 0.708320
vt 0.824604 0.710286
vt 0.735631 0.715776
vt 0.752752 0.725827
vt 0.751857 0.735444
vt 0.738445 0.729867
vt 0.729278 0.726880
vt 0.725123 0.711910
vt 0.736538 0.710343
vt 0.753664 0.720218
vt 0.549322 0.085266
vt 0.580674 0.077812
vt 0.589275 0.091579
vt 0.562479 0.099791
vt 0.548945 0.105983
vt 0.536444 0.097487
vt 0.549622 0.064690
vt 0.575380 0.061733
vt 0.522956 0.083069
vt 0.525945 0.067651
vt 0.517843 0.091287
vt 0.951507 0.382228
vt 0.933284 0.365313
vt 0.939074 0.348399
vt 0.955270 0.358155
vt 0.966498 0.362242
vt 0.966600 0.385250
vt 0.966600 0.411945
vt 0.957619 0.411156
vt 0.938744 0.391674
vt 0.923671 0.377838
vt 0.455515 0.007670
vt 0.458121 0.001126
vt 0.478047 0.011468
vt 0.469108 0.017660
vt 0.443211 0.012347
vt 0.439794 0.001695
vt 0.453727 0.027376
vt 0.110007 0.155553
vt 0.133355 0.141376
vt 0.145472 0.153524
vt 0.131194 0.169552
vt 0.107403 0.129534
vt 0.127000 0.126678
vt 0.079555 0.157441
vt 0.082264 0.134692
vt 0.069640 0.185839
vt 0.215808 0.178170
vt 0.219799 0.184286
vt 0.214982 0.194902
vt 0.210519 0.190942
vt 0.206093 0.188176
vt 0.209462 0.177008
vt 0.212122 0.169678
vt 0.217427 0.170004
vt 0.715343 0.669698
vt 0.717576 0.681332
vt 0.713428 0.683009
vt 0.708913 0.673216
vt 0.979358 0.925717
vt 0.972746 0.921836
vt 0.970518 0.910627
vt 0.974417 0.912021
vt 0.894808 0.655637
vt 0.895430 0.665545
vt 0.882765 0.664143
vt 0.888004 0.650504
vt 0.905003 0.649139
vt 0.910348 0.662837
vt 0.897974 0.639405
vt 0.883396 0.630888
vt 0.890359 0.632725
vt 0.880653 0.644087
vt 0.874709 0.639384
vt 0.413136 0.934953
vt 0.418462 0.934968
vt 0.414798 0.947083
vt 0.409120 0.942207
vt 0.870466 0.635249
vt 0.884170 0.626835
vt 0.865550 0.656157
vt 0.860017 0.652484
vt 0.166581 0.001126
vt 0.176416 0.017063
vt 0.168889 0.020625
vt 0.159478 0.003975
vt 0.419112 0.922727
vt 0.426443 0.918962
vt 0.426146 0.934166
vt 0.435305 0.917413
vt 0.435546 0.933201
vt 0.435888 0.949282
vt 0.424293 0.948883
vt 0.434505 0.964108
vt 0.420835 0.962192
vt 0.409708 0.958299
vt 0.417378 0.973997
vt 0.407417 0.968168
vt 0.906736 0.632246
vt 0.915020 0.642719
vt 0.896315 0.627060
vt 0.748007 0.324474
vt 0.759619 0.324231
vt 0.755122 0.337424
vt 0.744796 0.339208
vt 0.922001 0.658549
vt 0.752801 0.358815
vt 0.741769 0.360248
vt 0.925501 0.679735
vt 0.912905 0.682281
vt 0.925184 0.702959
vt 0.912214 0.705114
vt 0.895835 0.704945
vt 0.896897 0.683423
vt 0.879644 0.703595
vt 0.881141 0.682236
vt 0.866755 0.701897
vt 0.868839 0.679783
vt 0.873229 0.660434
vt 0.859925 0.676668
vt 0.857193 0.699905
vt 0.193683 0.033806
vt 0.204612 0.055542
vt 0.197414 0.059034
vt 0.187050 0.036784
vt 0.183189 0.014863
vt 0.188393 0.062744
vt 0.178928 0.040815
vt 0.177039 0.066848
vt 0.168902 0.045323
vt 0.160915 0.024877
vt 0.152275 0.009121
vt 0.158184 0.048620
vt 0.164841 0.070325
vt 0.152454 0.072768
vt 0.146196 0.051146
vt 0.142610 0.074045
vt 0.136273 0.052146
vt 0.134144 0.035296
vt 0.127622 0.898175
vt 0.131534 0.917518
vt 0.118280 0.915561
vt 0.111439 0.896814
vt 0.108089 0.883761
vt 0.123844 0.885383
vt 0.470338 0.945633
vt 0.459675 0.946471
vt 0.094813 0.898338
vt 0.090966 0.884479
vt 0.471016 0.962873
vt 0.461384 0.963295
vt 0.446570 0.978870
vt 0.448696 0.964478
vt 0.448031 0.948415
vt 0.431699 0.976718
vt 0.773381 0.329038
vt 0.788278 0.332318
vt 0.784773 0.341980
vt 0.769491 0.339609
vt 0.780017 0.358891
vt 0.766565 0.357552
vt 0.777795 0.381109
vt 0.765425 0.381495
vt 0.752480 0.383220
vt 0.768270 0.404901
vt 0.755277 0.406989
vt 0.742321 0.408724
vt 0.740982 0.384932
vt 0.758246 0.428031
vt 0.745601 0.431239
vt 0.924871 0.724529
vt 0.924517 0.744152
vt 0.909902 0.748293
vt 0.910627 0.727365
vt 0.893252 0.748905
vt 0.893993 0.727555
vt 0.879194 0.747680
vt 0.878575 0.726216
vt 0.868436 0.746363
vt 0.866806 0.724686
vt 0.859913 0.744291
vt 0.857789 0.722870
vt 0.212819 0.078859
vt 0.217673 0.102925
vt 0.209978 0.105555
vt 0.205198 0.082194
vt 0.200748 0.108103
vt 0.195744 0.085470
vt 0.189153 0.110460
vt 0.184309 0.088855
vt 0.176470 0.112318
vt 0.171105 0.091897
vt 0.164845 0.113077
vt 0.159340 0.094280
vt 0.155328 0.111996
vt 0.149969 0.095868
vt 0.133749 0.937739
vt 0.134661 0.952703
vt 0.123193 0.947048
vt 0.122332 0.934442
vt 0.108420 0.943471
vt 0.106998 0.933489
vt 0.102127 0.917347
vt 0.089715 0.935661
vt 0.087164 0.920910
vt 0.073909 0.939875
vt 0.074308 0.924637
vt 0.062961 0.945328
vt 0.064053 0.928467
vt 0.062961 0.909241
vt 0.788002 0.381973
vt 0.790669 0.401898
vt 0.780531 0.403230
vt 0.792928 0.417454
vt 0.782958 0.421177
vt 0.771206 0.424544
vt 0.785562 0.433692
vt 0.775230 0.440694
vt 0.762517 0.448540
vt 0.779900 0.448371
vt 0.768190 0.460220
vt 0.756361 0.470973
vt 0.750014 0.453725
vt 0.924264 0.763321
vt 0.925501 0.777055
vt 0.910357 0.784349
vt 0.909324 0.767677
vt 0.893391 0.786016
vt 0.893250 0.768843
vt 0.933998 0.883584
vt 0.950094 0.889125
vt 0.949399 0.902612
vt 0.932992 0.897320
vt 0.879883 0.767905
vt 0.950554 0.912485
vt 0.933805 0.907945
vt 0.870026 0.765988
vt 0.225104 0.123659
vt 0.224654 0.145304
vt 0.218779 0.146768
vt 0.219744 0.125988
vt 0.862859 0.763173
vt 0.210851 0.147870
vt 0.212238 0.128114
vt 0.201396 0.148189
vt 0.202892 0.129836
vt 0.189258 0.146315
vt 0.190917 0.130882
vt 0.176592 0.141399
vt 0.178130 0.130143
vt 0.165356 0.134597
vt 0.166412 0.126587
vt 0.156574 0.128449
vt 0.157058 0.122042
vt 0.133124 0.961078
vt 0.131592 0.965320
vt 0.121825 0.957464
vt 0.122649 0.953828
vt 0.108048 0.952186
vt 0.108407 0.948974
vt 0.516018 0.306775
vt 0.512278 0.307026
vt 0.510662 0.289996
vt 0.514994 0.289200
vt 0.091006 0.948459
vt 0.090603 0.943603
vt 0.075203 0.954088
vt 0.074424 0.949442
vt 0.801213 0.413251
vt 0.803748 0.419784
vt 0.795562 0.426067
vt 0.063369 0.958264
vt 0.516018 0.259182
vt 0.514301 0.272228
vt 0.510239 0.273378
vt 0.511803 0.260416
vt 0.798614 0.430191
vt 0.789294 0.439261
vt 0.802728 0.431882
vt 0.793139 0.442072
vt 0.784074 0.452549
vt 0.791239 0.717636
vt 0.803879 0.713953
vt 0.773908 0.724242
vt 0.774651 0.718841
vt 0.773163 0.465499
vt 0.776811 0.469590
vt 0.768135 0.485497
vt 0.763001 0.479695
vt 0.971744 0.860511
vt 0.979358 0.860114
vt 0.973306 0.875392
vt 0.966505 0.875061
vt 0.954433 0.872659
vt 0.961650 0.858969
vt 0.969614 0.895474
vt 0.962551 0.893502
vt 0.962728 0.907494
vt 0.964247 0.917413
vt 0.220936 0.160822
vt 0.215174 0.161321
vt 0.205968 0.168637
vt 0.208220 0.160992
vt 0.195926 0.166978
vt 0.198749 0.159661
vt 0.182349 0.161440
vt 0.185899 0.155229
vt 0.169285 0.154877
vt 0.173596 0.148916
vt 0.157187 0.145977
vt 0.161927 0.141637
vt 0.147517 0.136063
vt 0.152854 0.133295
vt 0.141975 0.126057
vt 0.146794 0.125291
vt 0.150782 0.121670
vt 0.798783 0.649345
vt 0.800755 0.646684
vt 0.813284 0.657387
vt 0.810274 0.659451
vt 0.510277 0.321730
vt 0.507638 0.308749
vt 0.515213 0.319556
vt 0.823021 0.673811
vt 0.818651 0.674707
vt 0.505327 0.291129
vt 0.824940 0.691532
vt 0.821003 0.690762
vt 0.505354 0.273433
vt 0.814830 0.705250
vt 0.506874 0.259317
vt 0.827686 0.672593
vt 0.830568 0.692145
vt 0.833721 0.671031
vt 0.839098 0.692812
vt 0.838995 0.715430
vt 0.851435 0.692626
vt 0.854940 0.718034
vt 0.854563 0.744701
vt 0.835805 0.738701
vt 0.853666 0.769938
vt 0.834607 0.764413
vt 0.854940 0.791716
vt 0.835493 0.787129
vt 0.813862 0.779468
vt 0.791952 0.771226
vt 0.829691 0.811471
vt 0.808205 0.803866
vt 0.786112 0.794825
vt 0.763859 0.784028
vt 0.770097 0.761698
vt 0.796816 0.827251
vt 0.775278 0.817806
vt 0.754251 0.805846
vt 0.735597 0.792793
vt 0.744454 0.773010
vt 0.761498 0.835373
vt 0.741305 0.823088
vt 0.724376 0.809559
vt 0.714497 0.800102
vt 0.725461 0.784474
vt 0.726006 0.836438
vt 0.709769 0.821903
vt 0.700608 0.811708
vt 0.695242 0.804507
vt 0.707955 0.793596
vt 0.014328 0.692891
vt 0.023972 0.683588
vt 0.040223 0.695450
vt 0.029212 0.704862
vt 0.022540 0.710422
vt 0.008534 0.699596
vt 0.018342 0.715292
vt 0.004661 0.705090
vt 0.041880 0.721070
vt 0.034205 0.729148
vt 0.029478 0.730358
vt 0.024335 0.732687
vt 0.014280 0.719002
vt 0.028302 0.751778
vt 0.022691 0.751559
vt 0.020707 0.733372
vt 0.026386 0.770948
vt 0.022713 0.769589
vt 0.044583 0.420257
vt 0.041648 0.426614
vt 0.028546 0.416836
vt 0.030840 0.410340
vt 0.045237 0.415561
vt 0.057076 0.423509
vt 0.055977 0.428462
vt 0.054092 0.434442
vt 0.052055 0.440941
vt 0.038583 0.433407
vt 0.067429 0.433696
vt 0.066459 0.439068
vt 0.065480 0.445295
vt 0.064051 0.455654
vt 0.049446 0.449749
vt 0.080101 0.440797
vt 0.080129 0.447037
vt 0.080176 0.458379
vt 0.079885 0.478004
vt 0.061473 0.474297
vt 0.095363 0.445621
vt 0.097555 0.457290
vt 0.100844 0.477991
vt 0.104239 0.503424
vt 0.080087 0.504085
vt 0.116296 0.453691
vt 0.122988 0.474645
vt 0.128958 0.499353
vt 0.133593 0.523768
vt 0.107346 0.529016
vt 0.143386 0.468135
vt 0.151293 0.491540
vt 0.157115 0.515043
vt 0.160792 0.537845
vt 0.136546 0.547086
vt 0.168922 0.479936
vt 0.175702 0.502380
vt 0.291918 0.260016
vt 0.292264 0.238602
vt 0.317577 0.243770
vt 0.317186 0.265796
vt 0.291259 0.215246
vt 0.317032 0.220053
vt 0.289929 0.189914
vt 0.315575 0.193686
vt 0.341904 0.196488
vt 0.368275 0.198173
vt 0.314573 0.164697
vt 0.340184 0.166358
vt 0.365426 0.167831
vt 0.388988 0.168644
vt 0.392146 0.197977
vt 0.413764 0.195660
vt 0.422024 0.218821
vt 0.410908 0.168954
vt 0.432186 0.168483
vt 0.434119 0.192417
vt 0.412798 0.140951
vt 0.432572 0.143677
vt 0.447720 0.142972
vt 0.448119 0.166704
vt 0.419651 0.115668
vt 0.435913 0.121748
vt 0.448302 0.124301
vt 0.517984 0.633161
vt 0.514783 0.646271
vt 0.500926 0.648812
vt 0.504603 0.633745
vt 0.440027 0.108953
vt 0.449660 0.113149
vt 0.884304 0.094418
vt 0.890092 0.086253
vt 0.901232 0.085173
vt 0.897820 0.092617
vt 0.912748 0.082210
vt 0.911630 0.089147
vt 0.892578 0.077182
vt 0.902818 0.076144
vt 0.912921 0.074916
vt 0.921830 0.073018
vt 0.921336 0.079551
vt 0.902758 0.061627
vt 0.914331 0.060110
vt 0.923701 0.057895
vt 0.348272 0.943635
vt 0.347624 0.931004
vt 0.359889 0.930311
vt 0.363863 0.943884
vt 0.915597 0.038080
vt 0.924904 0.038578
vt 0.329637 0.939645
vt 0.331390 0.927342
vt 0.333346 0.908469
vt 0.347332 0.910171
vt 0.345570 0.884247
vt 0.355734 0.884996
vt 0.356841 0.909666
vt 0.363494 0.885997
vt 0.364263 0.909552
vt 0.366279 0.930197
vt 0.561307 0.666808
vt 0.584213 0.661644
vt 0.585138 0.669908
vt 0.562017 0.675594
vt 0.586354 0.680420
vt 0.562199 0.686341
vt 0.538916 0.690301
vt 0.563167 0.706021
vt 0.539641 0.712181
vt 0.517978 0.718040
vt 0.516681 0.694418
vt 0.498820 0.724035
vt 0.495887 0.700559
vt 0.300796 0.636507
vt 0.323425 0.642916
vt 0.318989 0.661388
vt 0.295616 0.656661
vt 0.276598 0.654653
vt 0.280414 0.633105
vt 0.290849 0.680623
vt 0.260461 0.653483
vt 0.265021 0.633185
vt 0.242696 0.675297
vt 0.244079 0.654317
vt 0.249143 0.636010
vt 0.227356 0.676149
vt 0.227590 0.657306
vt 0.233316 0.639758
vt 0.243664 0.688297
vt 0.230651 0.690108
vt 0.448693 0.190080
vt 0.450516 0.207186
vt 0.439047 0.211786
vt 0.455609 0.217529
vt 0.444849 0.223056
vt 0.430999 0.231994
vt 0.456635 0.231191
vt 0.440303 0.240673
vt 0.475365 0.243352
vt 0.455500 0.253629
vt 0.434602 0.265778
vt 0.419225 0.278851
vt 0.410718 0.291962
vt 0.146703 0.622726
vt 0.132014 0.624129
vt 0.131284 0.603742
vt 0.144421 0.600173
vt 0.116035 0.625338
vt 0.134675 0.585620
vt 0.152915 0.581631
vt 0.229143 0.800024
vt 0.244726 0.804218
vt 0.247748 0.828841
vt 0.227356 0.819555
vt 0.137049 0.567397
vt 0.160113 0.559739
vt 0.112928 0.573023
vt 0.110408 0.552559
vt 0.088799 0.574799
vt 0.084241 0.552496
vt 0.081330 0.529796
vt 0.059248 0.549704
vt 0.057315 0.526482
vt 0.058637 0.500508
vt 0.035939 0.518606
vt 0.039358 0.492914
vt 0.044993 0.467293
vt 0.021840 0.482175
vt 0.029559 0.457336
vt 0.035224 0.441682
vt 0.024743 0.423432
vt 0.211278 0.484667
vt 0.204630 0.490158
vt 0.208947 0.467587
vt 0.014833 0.411443
vt 0.017250 0.405818
vt 0.214527 0.464799
vt 0.206033 0.445911
vt 0.211744 0.445056
vt 0.217265 0.444226
vt 0.220084 0.462532
vt 0.017927 0.400431
vt 0.209656 0.424318
vt 0.215025 0.424302
vt 0.219705 0.423927
vt 0.221997 0.443738
vt 0.225104 0.461788
vt 0.213229 0.404973
vt 0.217892 0.404618
vt 0.688645 0.793960
vt 0.700041 0.783789
vt 0.703856 0.788075
vt 0.691777 0.798721
vt 0.001126 0.709511
vt 0.708983 0.770365
vt 0.713684 0.774136
vt 0.718567 0.778930
vt 0.720431 0.757734
vt 0.726731 0.761267
vt 0.733510 0.765908
vt 0.730122 0.742231
vt 0.738386 0.745647
vt 0.750320 0.752778
vt 0.772483 0.742169
vt 0.773424 0.730412
vt 0.722903 0.740174
vt 0.721719 0.725302
vt 0.714542 0.724022
vt 0.713481 0.709022
vt 0.718025 0.709956
vt 0.715426 0.738824
vt 0.532856 0.129391
vt 0.538719 0.128889
vt 0.546929 0.140948
vt 0.540162 0.141972
vt 0.714380 0.755078
vt 0.709614 0.753517
vt 0.710804 0.738158
vt 0.529767 0.117085
vt 0.535619 0.115051
vt 0.544915 0.126090
vt 0.704603 0.768441
vt 0.518645 0.107867
vt 0.524423 0.105946
vt 0.529492 0.102318
vt 0.541578 0.110819
vt 0.205561 0.385987
vt 0.211662 0.388067
vt 0.207642 0.404159
vt 0.202750 0.402902
vt 0.200902 0.382470
vt 0.196821 0.401194
vt 0.194364 0.377891
vt 0.204418 0.423995
vt 0.198797 0.423425
vt 0.192748 0.422337
vt 0.189923 0.398520
vt 0.461709 0.810063
vt 0.450840 0.814177
vt 0.505327 0.082811
vt 0.507912 0.070161
vt 0.435004 0.837667
vt 0.432794 0.821536
vt 0.512379 0.049005
vt 0.529710 0.045367
vt 0.549830 0.042059
vt 0.519964 0.025933
vt 0.535148 0.023013
vt 0.551074 0.020069
vt 0.570248 0.018977
vt 0.571660 0.040802
vt 0.926452 0.532723
vt 0.922611 0.550123
vt 0.905572 0.543691
vt 0.907458 0.528347
vt 0.554797 0.001538
vt 0.570803 0.001126
vt 0.586792 0.002570
vt 0.588864 0.019598
vt 0.906265 0.512667
vt 0.882466 0.525706
vt 0.881149 0.512240
vt 0.878148 0.500432
vt 0.900648 0.498486
vt 0.874052 0.490051
vt 0.891773 0.487750
vt 0.858020 0.512905
vt 0.858820 0.525412
vt 0.840827 0.526634
vt 0.840805 0.513004
vt 0.827892 0.528820
vt 0.829093 0.513940
vt 0.830890 0.502313
vt 0.818356 0.529304
vt 0.821050 0.515094
vt 0.910954 0.206325
vt 0.906974 0.195034
vt 0.841901 0.541608
vt 0.827935 0.543834
vt 0.910954 0.221119
vt 0.910010 0.236177
vt 0.859637 0.540094
vt 0.860201 0.556243
vt 0.881888 0.540286
vt 0.879198 0.555775
vt 0.859645 0.572004
vt 0.857044 0.588966
vt 0.415459 0.895329
vt 0.433725 0.896982
vt 0.443268 0.912587
vt 0.422930 0.909157
vt 0.884381 0.290128
vt 0.876310 0.276351
vt 0.904203 0.278489
vt 0.453729 0.896760
vt 0.461689 0.912770
vt 0.866211 0.295756
vt 0.860372 0.279572
vt 0.872800 0.256856
vt 0.856109 0.300142
vt 0.852042 0.283553
vt 0.747600 0.223192
vt 0.744445 0.245864
vt 0.732681 0.244851
vt 0.734379 0.219728
vt 0.740926 0.193798
vt 0.759984 0.194055
vt 0.714578 0.243116
vt 0.715950 0.216391
vt 0.721230 0.192470
vt 0.367216 0.783971
vt 0.363014 0.764946
vt 0.371913 0.804592
vt 0.348427 0.813819
vt 0.343477 0.793625
vt 0.339622 0.773501
vt 0.337974 0.752660
vt 0.360647 0.747869
vt 0.316174 0.800127
vt 0.311349 0.779034
vt 0.310701 0.756313
vt 0.310910 0.731254
vt 0.337736 0.730591
vt 0.289162 0.757706
vt 0.290742 0.732682
vt 0.290911 0.706706
vt 0.312373 0.706202
vt 0.277497 0.757840
vt 0.280406 0.733728
vt 0.268742 0.758586
vt 0.271472 0.734890
vt 0.834486 0.238347
vt 0.831849 0.262017
vt 0.820282 0.263672
vt 0.824813 0.238232
vt 0.830928 0.215089
vt 0.838937 0.215285
vt 0.834989 0.201207
vt 0.841871 0.201723
vt 0.813442 0.238826
vt 0.818862 0.215258
vt 0.821856 0.200643
vt 0.824500 0.192470
vt 0.685517 0.921082
vt 0.676106 0.918045
vt 0.674830 0.904150
vt 0.683618 0.907769
vt 0.663996 0.914131
vt 0.665187 0.899930
vt 0.663454 0.887930
vt 0.652691 0.908690
vt 0.656314 0.893669
vt 0.651333 0.882236
vt 0.665000 0.934983
vt 0.651333 0.930442
vt 0.471548 0.223581
vt 0.489710 0.236496
vt 0.669075 0.956115
vt 0.655704 0.953829
vt 0.502038 0.256442
vt 0.924573 0.192823
vt 0.938253 0.192470
vt 0.937640 0.212066
vt 0.924962 0.211521
vt 0.503074 0.280343
vt 0.937160 0.238285
vt 0.924639 0.238291
vt 0.913207 0.238547
vt 0.913704 0.213693
vt 0.939500 0.263360
vt 0.927814 0.263876
vt 0.915418 0.262362
vt 0.945156 0.279896
vt 0.933244 0.282286
vt 0.920487 0.279527
vt 0.116699 0.668178
vt 0.105807 0.664272
vt 0.103339 0.645221
vt 0.115946 0.647220
vt 0.102028 0.624608
vt 0.812957 0.297521
vt 0.792845 0.293659
vt 0.797680 0.282714
vt 0.816170 0.284917
vt 0.805699 0.264726
vt 0.775033 0.283751
vt 0.762237 0.265339
vt 0.947240 0.238013
vt 0.948892 0.261118
vt 0.947947 0.214829
vt 0.948892 0.197866
vt 0.678273 0.936778
vt 0.680578 0.953796
vt 0.263940 0.779262
vt 0.315141 0.682655
vt 0.341478 0.688602
vt 0.338873 0.708801
vt 0.364926 0.698146
vt 0.361664 0.714054
vt 0.360160 0.730921
vt 0.377057 0.720083
vt 0.376802 0.731594
vt 0.948601 0.765062
vt 0.934045 0.771937
vt 0.929620 0.755200
vt 0.945904 0.752313
vt 0.927754 0.737882
vt 0.946411 0.737939
vt 0.345090 0.670235
vt 0.368142 0.683247
vt 0.493501 0.755820
vt 0.507940 0.749697
vt 0.523503 0.773454
vt 0.510781 0.778312
vt 0.348433 0.653550
vt 0.928981 0.720110
vt 0.931502 0.701069
vt 0.948601 0.701160
vt 0.947516 0.720251
vt 0.525204 0.742903
vt 0.537823 0.766498
vt 0.544745 0.736644
vt 0.553897 0.758838
vt 0.571941 0.753202
vt 0.564176 0.774257
vt 0.551790 0.781470
vt 0.566509 0.730858
vt 0.589363 0.726154
vt 0.590765 0.749988
vt 0.587936 0.699985
vt 0.612334 0.722960
vt 0.634892 0.722418
vt 0.631419 0.748020
vt 0.610534 0.748275
vt 0.626790 0.770863
vt 0.653462 0.749589
vt 0.647505 0.771588
vt 0.641925 0.790564
vt 0.667786 0.773638
vt 0.661610 0.791441
vt 0.657696 0.803779
vt 0.637665 0.803943
vt 0.657694 0.819983
vt 0.637993 0.819092
vt 0.614656 0.823626
vt 0.593299 0.838024
vt 0.598349 0.850891
vt 0.585035 0.861196
vt 0.579771 0.851371
vt 0.572030 0.861785
vt 0.564238 0.848299
vt 0.576412 0.870839
vt 0.610875 0.040630
vt 0.614901 0.056525
vt 0.597178 0.059515
vt 0.593016 0.041116
vt 0.604354 0.020559
vt 0.622602 0.066244
vt 0.603918 0.071306
vt 0.678289 0.793162
vt 0.686392 0.776251
vt 0.614713 0.084296
vt 0.635148 0.079587
vt 0.648950 0.095167
vt 0.626497 0.099674
vt 0.600851 0.106476
vt 0.637320 0.118910
vt 0.611919 0.124409
vt 0.586436 0.130213
vt 0.575037 0.114223
vt 0.569505 0.134216
vt 0.560187 0.119224
vt 0.560551 0.136577
vt 0.551787 0.122659
vt 0.553554 0.138818
vt 0.567014 0.151794
vt 0.560392 0.152797
vt 0.554144 0.153833
vt 0.563584 0.167875
vt 0.558508 0.167846
vt 0.553448 0.167817
vt 0.548885 0.154185
vt 0.559011 0.182060
vt 0.553862 0.181204
vt 0.550642 0.180898
vt 0.550356 0.167503
vt 0.710305 0.695045
vt 0.713690 0.695671
vt 0.708828 0.684216
vt 0.718232 0.695108
vt 0.722366 0.695431
vt 0.973886 0.896277
vt 0.979193 0.872633
vt 0.551691 0.193443
vt 0.547871 0.192989
vt 0.703722 0.675365
vt 0.546757 0.204316
vt 0.541924 0.203008
vt 0.223848 0.188172
vt 0.220051 0.197506
vt 0.225104 0.197024
vt 0.222861 0.209451
vt 0.217747 0.209436
vt 0.212384 0.207625
vt 0.215205 0.224575
vt 0.209580 0.223677
vt 0.204243 0.222361
vt 0.207190 0.205139
vt 0.198068 0.220766
vt 0.201968 0.202300
vt 0.189995 0.219024
vt 0.195542 0.199211
vt 0.200384 0.184959
vt 0.184987 0.195279
vt 0.190947 0.180290
vt 0.193437 0.173156
vt 0.203335 0.176479
vt 0.729880 0.653525
vt 0.724358 0.648091
vt 0.737120 0.637685
vt 0.741814 0.644000
vt 0.179872 0.166206
vt 0.752919 0.630172
vt 0.755799 0.637237
vt 0.757784 0.642962
vt 0.744982 0.647812
vt 0.165657 0.158366
vt 0.160436 0.163913
vt 0.152720 0.148705
vt 0.771593 0.634484
vt 0.772528 0.640631
vt 0.770529 0.626835
vt 0.788883 0.627825
vt 0.787859 0.636841
vt 0.787336 0.641392
vt 0.807680 0.636699
vt 0.803370 0.642692
vt 0.822547 0.651576
vt 0.817116 0.654903
vt 0.816674 0.628267
vt 0.833167 0.645984
vt 0.844051 0.668288
vt 0.624681 0.324856
vt 0.650270 0.325979
vt 0.654612 0.343696
vt 0.627352 0.340723
vt 0.599381 0.340261
vt 0.598209 0.324231
vt 0.628919 0.360556
vt 0.601943 0.359339
vt 0.575929 0.362122
vt 0.572634 0.343803
vt 0.572440 0.326062
vt 0.551523 0.370158
vt 0.546988 0.351743
vt 0.547839 0.332823
vt 0.532183 0.382693
vt 0.525561 0.363594
vt 0.525512 0.342242
vt 0.515814 0.396629
vt 0.506924 0.375077
vt 0.505724 0.350621
vt 0.505097 0.416172
vt 0.493501 0.393126
vt 0.815742 0.009734
vt 0.820016 0.029120
vt 0.790233 0.022735
vt 0.787858 0.003352
vt 0.761737 0.019893
vt 0.761197 0.001126
vt 0.825646 0.055225
vt 0.794760 0.050491
vt 0.764651 0.047674
vt 0.738385 0.047608
vt 0.736861 0.020838
vt 0.797173 0.078329
vt 0.766948 0.076501
vt 0.739843 0.076106
vt 0.716778 0.076989
vt 0.715545 0.049826
vt 0.765948 0.104015
vt 0.739412 0.103838
vt 0.716675 0.104209
vt 0.696583 0.104945
vt 0.696583 0.078787
vt 0.736903 0.134487
vt 0.715526 0.133236
vt 0.696797 0.131831
vt 0.057868 0.683327
vt 0.040256 0.670431
vt 0.077296 0.673365
vt 0.092481 0.693930
vt 0.072647 0.702404
vt 0.054095 0.712680
vt 0.082744 0.724683
vt 0.064494 0.734172
vt 0.087721 0.747872
vt 0.070130 0.754087
vt 0.090664 0.762895
vt 0.073278 0.765401
vt 0.058222 0.769399
vt 0.061196 0.775278
vt 0.052661 0.779043
vt 0.049178 0.774715
vt 0.075527 0.771664
vt 0.837240 0.332824
vt 0.833142 0.340223
vt 0.823739 0.332992
vt 0.829224 0.324231
vt 0.092395 0.770592
vt 0.847792 0.344125
vt 0.844868 0.350407
vt 0.841281 0.357499
vt 0.828223 0.351179
vt 0.859479 0.354787
vt 0.855983 0.359758
vt 0.852864 0.365468
vt 0.850262 0.376771
vt 0.838591 0.373190
vt 0.864958 0.369296
vt 0.862138 0.373518
vt 0.860437 0.381795
vt 0.860532 0.398029
vt 0.850634 0.396098
vt 0.870387 0.383005
vt 0.868871 0.388910
vt 0.139444 0.884282
vt 0.149806 0.893801
vt 0.148665 0.904650
vt 0.136914 0.898662
vt 0.148751 0.921171
vt 0.137011 0.917831
vt 0.167250 0.901567
vt 0.166070 0.910132
vt 0.164080 0.924934
vt 0.159391 0.945870
vt 0.186464 0.912720
vt 0.181977 0.928733
vt 0.174973 0.949517
vt 0.170256 0.964447
vt 0.155961 0.963460
vt 0.198819 0.929993
vt 0.190816 0.950559
vt 0.184503 0.964803
vt 0.942588 0.811581
vt 0.954325 0.816981
vt 0.947698 0.830923
vt 0.936433 0.826389
vt 0.932992 0.804748
vt 0.940436 0.790696
vt 0.203852 0.947733
vt 0.210814 0.926719
vt 0.407417 0.769061
vt 0.409956 0.746274
vt 0.422204 0.748721
vt 0.418993 0.771592
vt 0.408551 0.786643
vt 0.437120 0.750873
vt 0.433095 0.773647
vt 0.451053 0.752660
vt 0.446225 0.775494
vt 0.442074 0.794657
vt 0.436078 0.807101
vt 0.457214 0.776399
vt 0.450780 0.794679
vt 0.443803 0.807810
vt 0.993110 0.803621
vt 0.982631 0.811322
vt 0.986043 0.799222
vt 0.182259 0.878632
vt 0.162464 0.881508
vt 0.161695 0.874492
vt 0.181123 0.872350
vt 0.195132 0.873542
vt 0.161603 0.865351
vt 0.179381 0.863970
vt 0.139840 0.872944
vt 0.140994 0.863233
vt 0.143446 0.851594
vt 0.118529 0.856826
vt 0.122077 0.845210
vt 0.126708 0.831221
vt 0.147724 0.837006
vt 0.132375 0.816180
vt 0.154085 0.822527
vt 0.137929 0.804779
vt 0.160770 0.812071
vt 0.180510 0.821854
vt 0.193782 0.834539
vt 0.815090 0.465906
vt 0.810334 0.444143
vt 0.819449 0.442882
vt 0.823331 0.465860
vt 0.187015 0.815938
vt 0.200849 0.830266
vt 0.600791 0.262478
vt 0.603324 0.272147
vt 0.592675 0.271029
vt 0.592675 0.259234
vt 0.827682 0.484519
vt 0.835496 0.465570
vt 0.840010 0.480659
vt 0.990064 0.854931
vt 0.977373 0.856716
vt 0.976343 0.847118
vt 0.988896 0.845682
vt 0.975856 0.835940
vt 0.961191 0.856363
vt 0.960547 0.846717
vt 0.961779 0.834546
vt 0.945064 0.844319
vt 0.966685 0.821137
vt 0.978384 0.823262
vt 0.945490 0.855001
vt 0.933522 0.852876
vt 0.932992 0.840914
vt 0.855371 0.475397
vt 0.850653 0.463412
vt 0.831465 0.443569
vt 0.845207 0.444646
vt 0.829032 0.418598
vt 0.840787 0.419578
vt 0.852008 0.419594
vt 0.839077 0.395131
vt 0.861078 0.419771
vt 0.827911 0.394665
vt 0.826434 0.371803
vt 0.815685 0.395007
vt 0.815988 0.371965
vt 0.818341 0.349525
vt 0.956059 0.682200
vt 0.953891 0.698816
vt 0.942395 0.698048
vt 0.947012 0.681278
vt 0.952279 0.666925
vt 0.960387 0.668199
vt 0.937264 0.678533
vt 0.944488 0.664548
vt 0.950606 0.654414
vt 0.958195 0.656831
vt 0.965556 0.660461
vt 0.935965 0.659417
vt 0.941911 0.649813
vt 0.944540 0.645467
vt 0.954293 0.650194
vt 0.962944 0.653060
vt 0.946421 0.642451
vt 0.956810 0.647360
vt 0.042843 0.780757
vt 0.935677 0.638290
vt 0.937412 0.635279
vt 0.938863 0.632116
vt 0.947993 0.639323
vt 0.034634 0.788348
vt 0.031679 0.787026
vt 0.027613 0.785798
vt 0.027575 0.798408
vt 0.023714 0.797499
vt 0.021658 0.797488
vt 0.023871 0.784926
vt 0.023855 0.809528
vt 0.019849 0.808487
vt 0.068109 0.425252
vt 0.079590 0.426804
vt 0.080041 0.431033
vt 0.068145 0.428936
vt 0.080082 0.435624
vt 0.090869 0.425819
vt 0.092206 0.429596
vt 0.093202 0.434312
vt 0.094215 0.439749
vt 0.103646 0.425180
vt 0.106301 0.430472
vt 0.108747 0.435557
vt 0.111417 0.441408
vt 0.118377 0.424438
vt 0.122176 0.429024
vt 0.126104 0.434690
vt 0.133605 0.447329
vt 0.133896 0.419893
vt 0.138895 0.425756
vt 0.147822 0.438187
vt 0.159681 0.457834
vt 0.149863 0.414422
vt 0.159833 0.425759
vt 0.172602 0.443984
vt 0.183060 0.464985
vt 0.168707 0.411577
vt 0.182183 0.428150
vt 0.246079 0.203335
vt 0.244227 0.180983
vt 0.265686 0.185681
vt 0.267573 0.209490
vt 0.243991 0.157361
vt 0.264916 0.160255
vt 0.289149 0.162734
vt 0.265700 0.134244
vt 0.289194 0.135022
vt 0.314541 0.135087
vt 0.290155 0.107345
vt 0.314638 0.105886
vt 0.290310 0.078938
vt 0.313561 0.076608
vt 0.289361 0.051558
vt 0.312798 0.047912
vt 0.336592 0.046574
vt 0.359199 0.046757
vt 0.315714 0.026549
vt 0.339720 0.026445
vt 0.362584 0.030343
vt 0.381536 0.033885
vt 0.379956 0.046174
vt 0.645231 0.626835
vt 0.663700 0.627137
vt 0.668630 0.648634
vt 0.629829 0.627852
vt 0.694331 0.189620
vt 0.690243 0.215303
vt 0.671764 0.216972
vt 0.675789 0.190285
vt 0.674199 0.163194
vt 0.694270 0.163135
vt 0.665550 0.673158
vt 0.686392 0.679716
vt 0.682636 0.705271
vt 0.661744 0.699546
vt 0.679599 0.730078
vt 0.658304 0.725382
vt 0.674754 0.753213
vt 0.659818 0.115184
vt 0.667893 0.138417
vt 0.645990 0.140923
vt 0.651811 0.164792
vt 0.626971 0.166597
vt 0.621317 0.144524
vt 0.601009 0.167466
vt 0.595637 0.148300
vt 0.581035 0.167823
vt 0.576978 0.150565
vt 0.569977 0.167877
vt 0.581676 0.185756
vt 0.570091 0.184011
vt 0.563883 0.183021
vt 0.567159 0.199789
vt 0.561420 0.197434
vt 0.556614 0.195355
vt 0.556236 0.211109
vt 0.551462 0.207768
vt 0.548500 0.221686
vt 0.543849 0.217389
vt 0.539478 0.213407
vt 0.537514 0.230582
vt 0.533085 0.225447
vt 0.529005 0.220755
vt 0.520718 0.231641
vt 0.517350 0.225985
vt 0.220051 0.224802
vt 0.217652 0.241155
vt 0.213299 0.240898
vt 0.215973 0.257987
vt 0.212466 0.257464
vt 0.207102 0.257601
vt 0.207695 0.240560
vt 0.201190 0.258120
vt 0.201961 0.240135
vt 0.193518 0.258812
vt 0.194856 0.239780
vt 0.182824 0.259890
vt 0.185270 0.239352
vt 0.166010 0.261727
vt 0.169952 0.238748
vt 0.176296 0.216199
vt 0.147331 0.237914
vt 0.156424 0.211980
vt 0.167587 0.188326
vt 0.148805 0.179978
vt 0.176580 0.172638
vt 0.142280 0.264147
vt 0.165190 0.284878
vt 0.141142 0.289328
vt 0.167597 0.307297
vt 0.144934 0.314766
vt 0.121092 0.320828
vt 0.152494 0.340651
vt 0.131652 0.350085
vt 0.109017 0.354372
vt 0.097423 0.325255
vt 0.085080 0.356500
vt 0.074701 0.331314
vt 0.060886 0.355177
vt 0.052673 0.334719
vt 0.043985 0.320022
vt 0.031113 0.332126
vt 0.025058 0.318988
vt 0.441112 0.539400
vt 0.444590 0.531693
vt 0.039102 0.313455
vt 0.446863 0.514528
vt 0.449853 0.526940
vt 0.459614 0.536838
vt 0.453404 0.541896
vt 0.054233 0.302340
vt 0.069166 0.288507
vt 0.216401 0.624993
vt 0.205677 0.625320
vt 0.204367 0.602713
vt 0.216269 0.602129
vt 0.209195 0.584832
vt 0.221316 0.585302
vt 0.190500 0.627143
vt 0.190323 0.605031
vt 0.030724 0.966218
vt 0.020269 0.950294
vt 0.001126 0.953772
vt 0.001126 0.929832
vt 0.018769 0.925578
vt 0.006820 0.907690
vt 0.023616 0.903127
vt 0.016674 0.887701
vt 0.032986 0.883761
vt 0.051410 0.887401
vt 0.738730 0.464067
vt 0.733890 0.481372
vt 0.717853 0.473639
vt 0.721536 0.456245
vt 0.722082 0.441715
vt 0.735701 0.445681
vt 0.956992 0.487750
vt 0.953197 0.504363
vt 0.944849 0.488432
vt 0.708919 0.450279
vt 0.713927 0.435679
vt 0.026448 0.218149
vt 0.032694 0.213846
vt 0.051140 0.217500
vt 0.044967 0.222831
vt 0.061352 0.233954
vt 0.037078 0.204327
vt 0.057722 0.207041
vt 0.044662 0.185651
vt 0.018048 0.205199
vt 0.022290 0.189368
vt 0.029352 0.168420
vt 0.052644 0.162200
vt 0.696175 0.388812
vt 0.689610 0.411998
vt 0.674528 0.397248
vt 0.678954 0.374407
vt 0.057395 0.141358
vt 0.653687 0.386443
vt 0.655432 0.365295
vt 0.679028 0.351022
vt 0.629318 0.379982
vt 0.648942 0.406590
vt 0.627824 0.400267
vt 0.606781 0.397724
vt 0.604865 0.377843
vt 0.587009 0.399233
vt 0.581287 0.380213
vt 0.569900 0.405399
vt 0.560126 0.387964
vt 0.556680 0.415559
vt 0.543463 0.399957
vt 0.547381 0.428979
vt 0.531814 0.414789
vt 0.522686 0.435659
vt 0.497174 0.439632
vt 0.854397 0.060659
vt 0.847341 0.035601
vt 0.878599 0.067838
vt 0.879036 0.092915
vt 0.856584 0.086476
vt 0.827882 0.081921
vt 0.853635 0.113125
vt 0.825579 0.108602
vt 0.795354 0.105231
vt 0.818405 0.137317
vt 0.789633 0.135735
vt 0.761829 0.135159
vt 0.783513 0.166295
vt 0.757671 0.166366
vt 0.734725 0.165273
vt 0.714866 0.162656
vt 0.755865 0.190217
vt 0.735150 0.188600
vt 0.112001 0.687269
vt 0.120539 0.711269
vt 0.102019 0.717276
vt 0.138845 0.706258
vt 0.779797 0.189565
vt 0.155461 0.704632
vt 0.153872 0.729873
vt 0.247357 0.588322
vt 0.227356 0.574762
vt 0.229690 0.554322
vt 0.247403 0.569781
vt 0.541887 0.306525
vt 0.541085 0.283855
vt 0.562259 0.287303
vt 0.562259 0.308789
vt 0.156366 0.758646
vt 0.169928 0.758156
vt 0.169183 0.787003
vt 0.156523 0.786846
vt 0.290197 0.616084
vt 0.288515 0.600142
vt 0.314749 0.607827
vt 0.316053 0.621190
vt 0.150055 0.813247
vt 0.141138 0.812589
vt 0.135420 0.812554
vt 0.139068 0.837758
vt 0.131173 0.835487
vt 0.126636 0.834049
vt 0.122625 0.832605
vt 0.130402 0.812686
vt 0.204845 0.706354
vt 0.207258 0.685226
vt 0.210731 0.686774
vt 0.208785 0.706091
vt 0.215315 0.688260
vt 0.213938 0.706006
vt 0.206157 0.670431
vt 0.211115 0.674326
vt 0.217373 0.675760
vt 0.223506 0.676210
vt 0.219638 0.688668
vt 0.412250 0.691722
vt 0.407417 0.687860
vt 0.419144 0.676168
vt 0.423926 0.682617
vt 0.427642 0.691959
vt 0.415494 0.697817
vt 0.429064 0.707371
vt 0.416420 0.708262
vt 0.437508 0.672947
vt 0.441788 0.687044
vt 0.443238 0.706902
vt 0.440873 0.728528
vt 0.426494 0.727001
vt 0.454771 0.683924
vt 0.456133 0.706093
vt 0.454832 0.729060
vt 0.466912 0.704862
vt 0.466359 0.728911
vt 0.462970 0.753331
vt 0.475324 0.728227
vt 0.471653 0.753010
vt 0.465297 0.775741
vt 0.116649 0.866250
vt 0.094600 0.856909
vt 0.096612 0.847629
vt 0.075422 0.846769
vt 0.076717 0.837554
vt 0.079604 0.827125
vt 0.100224 0.836746
vt 0.083630 0.814982
vt 0.104559 0.823797
vt 0.088518 0.803029
vt 0.109818 0.810230
vt 0.094282 0.793590
vt 0.115662 0.799019
vt 0.806000 0.396626
vt 0.807740 0.373028
vt 0.816879 0.418447
vt 0.807236 0.420083
vt 0.065365 0.805663
vt 0.069714 0.795532
vt 0.074738 0.787561
vt 0.061570 0.817239
vt 0.047535 0.808877
vt 0.051417 0.797950
vt 0.927754 0.673250
vt 0.059004 0.827904
vt 0.044990 0.820030
vt 0.034912 0.814908
vt 0.037836 0.803345
vt 0.041990 0.792541
vt 0.029551 0.812532
vt 0.033144 0.800908
vt 0.037318 0.789861
vt 0.034005 0.825969
vt 0.028414 0.823746
vt 0.024588 0.821675
vt 0.026815 0.811035
vt 0.927754 0.629681
vt 0.929450 0.626835
vt 0.020758 0.819994
vt 0.030503 0.799566
vt 0.016381 0.818731
vt 0.015989 0.828430
vt 0.010771 0.825646
vt 0.101340 0.420457
vt 0.007393 0.834287
vt 0.002412 0.830584
vt 0.111611 0.414217
vt 0.114123 0.419131
vt 0.120940 0.406044
vt 0.123986 0.410769
vt 0.129032 0.415315
vt 0.132867 0.400623
vt 0.138083 0.404259
vt 0.143830 0.408584
vt 0.145079 0.392526
vt 0.151105 0.396223
vt 0.157718 0.401403
vt 0.155342 0.383168
vt 0.162294 0.387613
vt 0.173771 0.396499
vt 0.227356 0.154254
vt 0.228045 0.176075
vt 0.525344 0.256930
vt 0.516304 0.247034
vt 0.530253 0.243033
vt 0.540502 0.252847
vt 0.228526 0.132217
vt 0.244649 0.133128
vt 0.231215 0.111006
vt 0.247264 0.109166
vt 0.267612 0.108100
vt 0.248884 0.086449
vt 0.268773 0.082063
vt 0.248452 0.065876
vt 0.268081 0.057852
vt 0.618521 0.235431
vt 0.594983 0.229425
vt 0.600219 0.209831
vt 0.625099 0.214282
vt 0.649677 0.216626
vt 0.641407 0.239497
vt 0.662719 0.239843
vt 0.627961 0.190223
vt 0.653493 0.190820
vt 0.602319 0.188295
vt 0.579136 0.204125
vt 0.573747 0.220819
vt 0.561885 0.214628
vt 0.565980 0.234900
vt 0.553924 0.226215
vt 0.554907 0.245102
vt 0.543183 0.235950
vt 0.524765 0.237198
vt 0.511588 0.240882
vt 0.508240 0.235062
vt 0.148989 0.380297
vt 0.139446 0.389502
vt 0.143097 0.377891
vt 0.505327 0.229624
vt 0.129709 0.396472
vt 0.136291 0.385754
vt 0.216487 0.274793
vt 0.212719 0.273817
vt 0.214075 0.288874
vt 0.208188 0.290556
vt 0.207300 0.274581
vt 0.202386 0.293312
vt 0.201513 0.276071
vt 0.195366 0.296320
vt 0.193891 0.277912
vt 0.185009 0.300348
vt 0.183078 0.280464
vt 0.197624 0.313724
vt 0.188511 0.319529
vt 0.172631 0.329229
vt 0.192337 0.334394
vt 0.178042 0.344752
vt 0.161459 0.358527
vt 0.043761 0.859436
vt 0.052272 0.852356
vt 0.429865 0.660552
vt 0.432811 0.664359
vt 0.056641 0.849299
vt 0.073991 0.853754
vt 0.450204 0.666127
vt 0.460052 0.662540
vt 0.465117 0.681914
vt 0.469643 0.660088
vt 0.473490 0.680100
vt 0.475225 0.703608
vt 0.057775 0.837501
vt 0.043896 0.829939
vt 0.200583 0.326834
vt 0.006556 0.849412
vt 0.001126 0.843009
vt 0.204430 0.308796
vt 0.210260 0.304698
vt 0.212755 0.315753
vt 0.206965 0.320764
vt 0.216239 0.301738
vt 0.218602 0.312451
vt 0.232620 0.091749
vt 0.586230 0.244459
vt 0.413921 0.724617
vt 0.214803 0.906248
vt 0.203569 0.911201
vt 0.204765 0.899187
vt 0.215865 0.891458
vt 0.187960 0.903367
vt 0.188175 0.898768
vt 0.204637 0.893660
vt 0.215708 0.883761
vt 0.168092 0.896976
vt 0.218385 0.705767
vt 0.220436 0.725455
vt 0.215167 0.725867
vt 0.223506 0.741589
vt 0.218735 0.742290
vt 0.214846 0.744778
vt 0.210293 0.727559
vt 0.873962 0.379351
vt 0.868258 0.366467
vt 0.878254 0.378942
vt 0.150863 0.889336
vt 0.093564 0.853020
vt 0.342427 0.626318
vt 0.342188 0.612027
vt 0.369306 0.613028
vt 0.368605 0.630852
vt 0.341766 0.591665
vt 0.368047 0.590837
vt 0.392758 0.585223
vt 0.394589 0.607204
vt 0.393426 0.626195
vt 0.416034 0.573137
vt 0.420722 0.592303
vt 0.091818 0.375354
vt 0.117699 0.375638
vt 0.365666 0.568036
vt 0.388410 0.562098
vt 0.408429 0.551558
vt 0.381278 0.539510
vt 0.398642 0.530477
vt 0.433011 0.554972
vt 0.371980 0.518676
vt 0.384354 0.509276
vt 0.392709 0.498053
vt 0.647041 0.952468
vt 0.649080 0.964975
vt 0.629488 0.958024
vt 0.627833 0.946176
vt 0.626761 0.933113
vt 0.645935 0.938791
vt 0.398297 0.485862
vt 0.626550 0.918697
vt 0.643689 0.922113
vt 0.606638 0.929189
vt 0.605951 0.914832
vt 0.608168 0.899138
vt 0.628510 0.903142
vt 0.644025 0.905922
vt 0.613739 0.883974
vt 0.633422 0.888787
vt 0.649080 0.892024
vt 0.638820 0.532193
vt 0.641372 0.521854
vt 0.652568 0.539479
vt 0.635962 0.546377
vt 0.621249 0.540912
vt 0.622875 0.528993
vt 0.623689 0.519312
vt 0.624243 0.509714
vt 0.641483 0.512442
vt 0.605502 0.528141
vt 0.605850 0.518704
vt 0.606150 0.508754
vt 0.606246 0.501263
vt 0.624011 0.502268
vt 0.588299 0.518329
vt 0.588560 0.507676
vt 0.588878 0.499230
vt 0.334005 0.435600
vt 0.334594 0.425890
vt 0.351060 0.426567
vt 0.351021 0.436072
vt 0.572355 0.496159
vt 0.317897 0.435849
vt 0.319867 0.425714
vt 0.319023 0.415514
vt 0.332164 0.415391
vt 0.308146 0.413148
vt 0.939203 0.070302
vt 0.929415 0.073474
vt 0.929252 0.057684
vt 0.937930 0.054972
vt 0.948031 0.053052
vt 0.950036 0.069265
vt 0.236537 0.910408
vt 0.242637 0.910333
vt 0.240609 0.924524
vt 0.232059 0.923793
vt 0.254149 0.908208
vt 0.255231 0.923216
vt 0.314895 0.405298
vt 0.326133 0.405032
vt 0.961999 0.069155
vt 0.959656 0.051750
vt 0.247812 0.892100
vt 0.947691 0.032852
vt 0.959718 0.031622
vt 0.237597 0.876713
vt 0.251993 0.869707
vt 0.227356 0.864633
vt 0.240020 0.857297
vt 0.255702 0.847871
vt 0.267676 0.860167
vt 0.893865 0.454463
vt 0.910431 0.450369
vt 0.917896 0.463678
vt 0.900176 0.468369
vt 0.280379 0.855633
vt 0.926394 0.137062
vt 0.928315 0.115467
vt 0.938709 0.114433
vt 0.936389 0.135648
vt 0.938279 0.158838
vt 0.929639 0.159531
vt 0.945435 0.135505
vt 0.946133 0.158099
vt 0.947735 0.180775
vt 0.940846 0.180982
vt 0.933887 0.179335
vt 0.297139 0.897657
vt 0.300171 0.900184
vt 0.263201 0.355879
vt 0.265282 0.349598
vt 0.953582 0.156665
vt 0.954322 0.178584
vt 0.952935 0.135772
vt 0.957921 0.136746
vt 0.958046 0.154502
vt 0.255885 0.335074
vt 0.262153 0.330910
vt 0.270377 0.343160
vt 0.292583 0.347563
vt 0.288919 0.355537
vt 0.316229 0.354922
vt 0.315406 0.364956
vt 0.342153 0.356507
vt 0.343147 0.368595
vt 0.365301 0.351930
vt 0.368028 0.364093
vt 0.369290 0.376984
vt 0.387226 0.354923
vt 0.388990 0.369424
vt 0.389012 0.385779
vt 0.371726 0.391554
vt 0.391400 0.404402
vt 0.378037 0.407566
vt 0.395158 0.420336
vt 0.382066 0.420239
vt 0.365700 0.418034
vt 0.384574 0.430853
vt 0.368382 0.428752
vt 0.348187 0.416018
vt 0.385279 0.439683
vt 0.368436 0.438103
vt 0.398963 0.432169
vt 0.401076 0.440784
vt 0.641240 0.503876
vt 0.657228 0.504209
vt 0.411790 0.430122
vt 0.416649 0.440959
vt 0.672504 0.501074
vt 0.423970 0.428393
vt 0.431151 0.439842
vt 0.439953 0.454451
vt 0.422271 0.452791
vt 0.696661 0.498654
vt 0.709280 0.487947
vt 0.723049 0.496434
vt 0.706714 0.508775
vt 0.447756 0.467394
vt 0.686011 0.492993
vt 0.695870 0.480746
vt 0.703243 0.465940
vt 0.001126 0.220053
vt 0.001758 0.209243
vt 0.015264 0.214452
vt 0.465767 0.463887
vt 0.472948 0.482475
vt 0.451580 0.484015
vt 0.473839 0.503095
vt 0.450212 0.502391
vt 0.466610 0.521186
vt 0.491248 0.502721
vt 0.486452 0.526260
vt 0.488343 0.480158
vt 0.478737 0.459025
vt 0.406197 0.417928
vt 0.416559 0.415881
vt 0.402389 0.399958
vt 0.411114 0.394882
vt 0.493501 0.949809
vt 0.493823 0.928034
vt 0.506081 0.926899
vt 0.401726 0.379858
vt 0.507411 0.908777
vt 0.519306 0.909193
vt 0.518967 0.927052
vt 0.495394 0.909918
vt 0.500214 0.896192
vt 0.511275 0.895211
vt 0.401506 0.362622
vt 0.398637 0.347706
vt 0.518657 0.886153
vt 0.527371 0.886455
vt 0.521606 0.895629
vt 0.405939 0.342978
vt 0.392031 0.335288
vt 0.398774 0.330732
vt 0.913469 0.796966
vt 0.909638 0.808631
vt 0.901095 0.805087
vt 0.903764 0.792691
vt 0.382360 0.342304
vt 0.374926 0.331941
vt 0.382330 0.324721
vt 0.892522 0.801885
vt 0.894635 0.789529
vt 0.904382 0.825858
vt 0.896040 0.823463
vt 0.887764 0.821000
vt 0.878187 0.820014
vt 0.883292 0.799900
vt 0.892986 0.845551
vt 0.884648 0.845067
vt 0.875392 0.845029
vt 0.865868 0.845796
vt 0.868550 0.820856
vt 0.885169 0.868970
vt 0.876826 0.870431
vt 0.868411 0.872233
vt 0.860895 0.874590
vt 0.857192 0.848280
vt 0.882476 0.894035
vt 0.875182 0.897349
vt 0.868822 0.900194
vt 0.961277 0.438182
vt 0.955834 0.437445
vt 0.885715 0.919150
vt 0.879702 0.922056
vt 0.873965 0.923756
vt 0.863675 0.902855
vt 0.943389 0.458228
vt 0.943164 0.096671
vt 0.950980 0.097424
vt 0.947217 0.114946
vt 0.924867 0.470308
vt 0.958046 0.099631
vt 0.954650 0.116518
vt 0.898611 0.932371
vt 0.891775 0.914100
vt 0.903447 0.926129
vt 0.915385 0.930293
vt 0.912520 0.936716
vt 0.896944 0.907993
vt 0.906894 0.918578
vt 0.889345 0.890416
vt 0.893188 0.867689
vt 0.902368 0.846731
vt 0.902495 0.866628
vt 0.915618 0.866496
vt 0.929687 0.866652
vt 0.927947 0.885448
vt 0.302705 0.330174
vt 0.320341 0.334361
vt 0.317882 0.345178
vt 0.297323 0.339300
vt 0.289991 0.324231
vt 0.859906 0.823347
vt 0.866061 0.802006
vt 0.874060 0.800153
vt 0.885315 0.788268
vt 0.531575 0.909643
vt 0.544978 0.910100
vt 0.547419 0.926881
vt 0.533195 0.926986
vt 0.534957 0.947037
vt 0.550225 0.947446
vt 0.554647 0.967334
vt 0.537864 0.966947
vt 0.560551 0.928006
vt 0.563188 0.949146
vt 0.568074 0.969097
vt 0.644425 0.424848
vt 0.666986 0.417246
vt 0.658829 0.434780
vt 0.642476 0.439562
vt 0.624882 0.431279
vt 0.625720 0.418275
vt 0.908272 0.331422
vt 0.922475 0.339293
vt 0.917785 0.354694
vt 0.904857 0.347775
vt 0.607398 0.414280
vt 0.909731 0.368756
vt 0.898541 0.363124
vt 0.590483 0.414591
vt 0.900141 0.381231
vt 0.890240 0.376949
vt 0.575573 0.418609
vt 0.889435 0.391911
vt 0.880507 0.388408
vt 0.563550 0.425952
vt 0.929268 0.001126
vt 0.941274 0.002498
vt 0.937852 0.015448
vt 0.927157 0.014272
vt 0.555277 0.436864
vt 0.937201 0.033783
vt 0.927281 0.033278
vt 0.949598 0.015048
vt 0.954121 0.001787
vt 0.886842 0.405720
vt 0.899441 0.398942
vt 0.910387 0.409503
vt 0.896102 0.416378
vt 0.961999 0.013519
vt 0.911858 0.389029
vt 0.924642 0.400997
vt 0.904204 0.431622
vt 0.923659 0.324231
vt 0.939444 0.332719
vt 0.680178 0.431969
vt 0.669321 0.447788
vt 0.009717 0.173146
vt 0.003075 0.194392
vt 0.559024 0.909833
vt 0.573090 0.911068
vt 0.573474 0.931731
vt 0.571398 0.896607
vt 0.927828 0.926939
vt 0.587147 0.528270
vt 0.569257 0.528856
vt 0.602785 0.539504
vt 0.582367 0.540732
vt 0.617142 0.556446
vt 0.598174 0.552936
vt 0.577691 0.551994
vt 0.615232 0.568924
vt 0.597202 0.563198
vt 0.577453 0.560688
vt 0.597387 0.572825
vt 0.577316 0.569361
vt 0.555767 0.569021
vt 0.557318 0.561148
vt 0.726467 0.838691
vt 0.741459 0.851589
vt 0.531326 0.572286
vt 0.531811 0.564770
vt 0.532906 0.558589
vt 0.558412 0.553852
vt 0.509285 0.581271
vt 0.508034 0.574766
vt 0.508359 0.569124
vt 0.763916 0.897564
vt 0.758985 0.898273
vt 0.396296 0.848578
vt 0.402118 0.850620
vt 0.399600 0.869867
vt 0.392941 0.868184
vt 0.385656 0.867441
vt 0.389797 0.847871
vt 0.758605 0.922454
vt 0.390968 0.887646
vt 0.382677 0.886892
vt 0.373660 0.886528
vt 0.377540 0.867183
vt 0.742425 0.937342
vt 0.728877 0.932370
vt 0.382516 0.905155
vt 0.372622 0.904680
vt 0.805888 0.622809
vt 0.791887 0.620675
vt 0.797660 0.607144
vt 0.811126 0.609666
vt 0.719557 0.942566
vt 0.703090 0.932376
vt 0.712443 0.921795
vt 0.788452 0.584322
vt 0.801996 0.588308
vt 0.796785 0.569399
vt 0.809579 0.573783
vt 0.773976 0.578782
vt 0.783773 0.562463
vt 0.795881 0.551148
vt 0.806838 0.559192
vt 0.820332 0.904054
vt 0.809022 0.910207
vt 0.800727 0.899893
vt 0.811153 0.894145
vt 0.821955 0.888024
vt 0.832325 0.898564
vt 0.806885 0.544141
vt 0.816104 0.553299
vt 0.816518 0.917468
vt 0.805050 0.927344
vt 0.798352 0.918096
vt 0.798155 0.532597
vt 0.293104 0.507360
vt 0.303867 0.511910
vt 0.304747 0.524976
vt 0.292125 0.519104
vt 0.301131 0.542439
vt 0.286095 0.533887
vt 0.808407 0.528166
vt 0.790740 0.518788
vt 0.802442 0.512438
vt 0.320242 0.528090
vt 0.319912 0.547089
vt 0.317361 0.568230
vt 0.294841 0.562321
vt 0.338203 0.527655
vt 0.340656 0.548007
vt 0.341587 0.569871
vt 0.315210 0.588484
vt 0.361555 0.545595
vt 0.356275 0.524576
vt 0.334523 0.512397
vt 0.351597 0.508075
vt 0.365708 0.502131
vt 0.347433 0.494031
vt 0.362298 0.487916
vt 0.631743 0.968022
vt 0.611279 0.962801
vt 0.609405 0.953528
vt 0.376452 0.493359
vt 0.594419 0.958988
vt 0.592422 0.949732
vt 0.590259 0.938770
vt 0.607900 0.942181
vt 0.588874 0.926603
vt 0.577108 0.937829
vt 0.575726 0.926012
vt 0.577213 0.913298
vt 0.589286 0.912734
vt 0.581430 0.898730
vt 0.592663 0.897601
vt 0.639578 0.587595
vt 0.633145 0.599951
vt 0.624772 0.589495
vt 0.629606 0.577968
vt 0.598808 0.882236
vt 0.613890 0.579898
vt 0.631951 0.564009
vt 0.622314 0.608344
vt 0.639309 0.608212
vt 0.626576 0.617499
vt 0.355774 0.416225
vt 0.358097 0.426959
vt 0.340520 0.427352
vt 0.340020 0.416556
vt 0.607002 0.612363
vt 0.320723 0.427905
vt 0.322172 0.415425
vt 0.588962 0.612116
vt 0.589969 0.624583
vt 0.569704 0.623502
vt 0.570145 0.609277
vt 0.571925 0.596476
vt 0.552439 0.606811
vt 0.552692 0.594193
vt 0.553180 0.585425
vt 0.573795 0.587699
vt 0.554198 0.577669
vt 0.575726 0.579095
vt 0.532030 0.579818
vt 0.512068 0.587447
vt 0.502287 0.598939
vt 0.496993 0.594009
vt 0.493501 0.588053
vt 0.500204 0.608239
vt 0.493512 0.605071
vt 0.405164 0.873173
vt 0.403833 0.889684
vt 0.397943 0.888555
vt 0.403838 0.905321
vt 0.397754 0.905649
vt 0.390850 0.905527
vt 0.398367 0.920051
vt 0.391682 0.920574
vt 0.383400 0.920494
vt 0.398706 0.932824
vt 0.391658 0.933453
vt 0.383704 0.932195
vt 0.757372 0.614956
vt 0.750746 0.598187
vt 0.234230 0.456041
vt 0.235421 0.450415
vt 0.249628 0.460090
vt 0.248752 0.466495
vt 0.745932 0.599099
vt 0.237930 0.444311
vt 0.250995 0.452782
vt 0.272076 0.461563
vt 0.271637 0.470452
vt 0.296831 0.467135
vt 0.297532 0.477073
vt 0.253938 0.444856
vt 0.273135 0.451862
vt 0.296586 0.456642
vt 0.321072 0.458072
vt 0.320903 0.468557
vt 0.275246 0.443162
vt 0.297505 0.446763
vt 0.320855 0.447552
vt 0.343196 0.446175
vt 0.298853 0.437659
vt 0.320645 0.438111
vt 0.341693 0.436853
vt 0.360049 0.436889
vt 0.361118 0.446817
vt 0.372272 0.451338
vt 0.373337 0.440173
vt 0.371716 0.429156
vt 0.300746 0.426939
vt 0.278615 0.434432
vt 0.282617 0.423900
vt 0.262962 0.429405
vt 0.267072 0.419785
vt 0.550914 0.620577
vt 0.534506 0.616587
vt 0.286852 0.410009
vt 0.303983 0.412693
vt 0.252945 0.417049
vt 0.519678 0.613004
vt 0.519315 0.621024
vt 0.508965 0.618634
vt 0.508182 0.610554
vt 0.501496 0.617576
vt 0.258203 0.437401
vt 0.320768 0.477280
vt 0.405164 0.930582
vt 0.404257 0.918748
vt 0.230910 0.436406
vt 0.227356 0.427453
vt 0.495143 0.615944
vt 0.580678 0.948197
vt 0.583814 0.956256
vt 0.360349 0.476747
vt 0.344001 0.482481
vt 0.753652 0.502142
vt 0.768181 0.495639
vt 0.744206 0.505247
vt 0.784323 0.487750
vt 0.785933 0.503014
vt 0.317703 0.513860
vt 0.290288 0.581141
vt 0.265390 0.587493
vt 0.268675 0.569358
vt 0.276365 0.551667
vt 0.251993 0.552645
vt 0.262346 0.536857
vt 0.276230 0.521869
vt 0.787626 0.928691
vt 0.774115 0.942889
vt 0.766169 0.925230
vt 0.780676 0.913425
vt 0.790998 0.905673
vt 0.794091 0.940938
vt 0.774648 0.896657
vt 0.783487 0.891085
vt 0.793235 0.886063
vt 0.777357 0.874031
vt 0.786441 0.870172
vt 0.796004 0.864950
vt 0.802518 0.880710
vt 0.807382 0.857751
vt 0.813418 0.874144
vt 0.696764 0.915765
vt 0.705621 0.902371
vt 0.688645 0.925879
vt 0.791471 0.849390
vt 0.803283 0.840761
vt 0.713862 0.887131
vt 0.700880 0.887732
vt 0.790152 0.838691
vt 0.280023 0.470061
vt 0.268241 0.473226
vt 0.273164 0.454321
vt 0.287339 0.454181
vt 0.277890 0.485592
vt 0.267326 0.491559
vt 0.247931 0.479414
vt 0.251861 0.457398
vt 0.248661 0.501408
vt 0.858444 0.164873
vt 0.836154 0.164837
vt 0.845444 0.140107
vt 0.868241 0.143085
vt 0.270359 0.507387
vt 0.255122 0.520041
vt 0.240134 0.535558
vt 0.232803 0.516436
vt 0.828757 0.183954
vt 0.805124 0.187120
vt 0.810549 0.165236
vt 0.875799 0.117979
vt 0.507474 0.494150
vt 0.541554 0.261349
vt 0.560722 0.265269
vt 0.374311 0.919959
vt 0.950460 0.524162
vt 0.951665 0.542956
vt 0.071960 0.249729
vt 0.956992 0.558204
vt 0.945886 0.558204
vt 0.073342 0.269937
vt 0.141414 0.371657
vt 0.395280 0.039220
vt 0.398905 0.051900
vt 0.924141 0.188116
vt 0.910315 0.181637
vt 0.909375 0.167838
vt 0.921848 0.172188
vt 0.895212 0.176142
vt 0.897029 0.164611
vt 0.897117 0.149024
vt 0.910545 0.150443
vt 0.924141 0.153665
vt 0.406382 0.025339
vt 0.410603 0.038421
vt 0.909944 0.130966
vt 0.923515 0.132658
vt 0.421910 0.011773
vt 0.426357 0.024022
vt 0.436156 0.039328
vt 0.418889 0.053733
vt 0.430024 0.070927
vt 0.419741 0.079395
vt 0.407012 0.066577
vt 0.448357 0.056588
vt 0.444146 0.086035
vt 0.467897 0.043185
vt 0.484125 0.033543
vt 0.493906 0.027806
vt 0.503074 0.046831
vt 0.904692 0.001126
vt 0.904955 0.016934
vt 0.892757 0.005025
vt 0.197969 0.569213
vt 0.191811 0.548979
vt 0.202647 0.550210
vt 0.208856 0.569476
vt 0.916021 0.001690
vt 0.915975 0.017515
vt 0.924904 0.020214
vt 0.903713 0.038426
vt 0.216490 0.582579
vt 0.225104 0.577018
vt 0.890354 0.062934
vt 0.633716 0.283684
vt 0.624878 0.280648
vt 0.624757 0.267960
vt 0.633716 0.267773
vt 0.470462 0.101378
vt 0.458532 0.096941
vt 0.488391 0.086438
vt 0.445982 0.101560
vt 0.433692 0.091931
vt 0.427335 0.099981
vt 0.455176 0.105553
vt 0.190323 0.526215
vt 0.200242 0.526663
vt 0.210984 0.527494
vt 0.202220 0.504893
vt 0.212144 0.506674
vt 0.220205 0.511405
vt 0.219669 0.528989
vt 0.896280 0.098297
vt 0.906207 0.096671
vt 0.907766 0.112035
vt 0.896942 0.113259
vt 0.216258 0.492411
vt 0.225104 0.499304
vt 0.896783 0.131123
vt 0.886916 0.133518
vt 0.888699 0.117445
vt 0.887138 0.149552
vt 0.341771 0.848633
vt 0.357867 0.847871
vt 0.357483 0.862738
vt 0.344112 0.863012
vt 0.370323 0.849015
vt 0.366865 0.864316
vt 0.605313 0.652776
vt 0.620271 0.646021
vt 0.886464 0.162256
vt 0.881289 0.171029
vt 0.920090 0.112893
vt 0.916989 0.099252
vt 0.192592 0.505130
vt 0.269487 0.231172
vt 0.200864 0.846079
vt 0.998874 0.841860
vt 0.139906 0.880843
vt 0.673567 0.329573
vt 0.570687 0.787464
vt 0.562362 0.795391
vt 0.322897 0.821437
vt 0.296519 0.826556
vt 0.329127 0.840259
vt 0.303317 0.845618
vt 0.064618 0.571089
vt 0.271450 0.827424
vt 0.353266 0.832875
vt 0.036340 0.542026
vt 0.016522 0.530709
vt 0.016849 0.507418
vt 0.700082 0.271340
vt 0.696583 0.242489
vt 0.716377 0.271586
vt 0.001126 0.494432
vt 0.007017 0.470107
vt 0.733779 0.270750
vt 0.746854 0.269069
vt 0.754084 0.289959
vt 0.465614 0.897544
vt 0.471974 0.915160
vt 0.444522 0.877957
vt 0.438732 0.857489
vt 0.416846 0.847079
vt 0.696584 0.214570
vt 0.900295 0.558940
vt 0.914857 0.567656
vt 0.664792 0.847691
vt 0.651407 0.865145
vt 0.926452 0.578715
vt 0.912660 0.596907
vt 0.216940 0.387701
vt 0.254031 0.691028
vt 0.370323 0.944725
vt 0.445649 0.988968
vt 0.574510 0.810011
vt 0.572139 0.798714
vt 0.556826 0.528389
vt 0.537800 0.259182
vt 0.405130 0.723251
s 1
usemtl base_material
f 1/1/1 80/2/2 81/3/3 82/4/4
f 84/5/5 85/6/6 80/7/2 1/8/1
f 1/8/1 82/9/4 83/10/7 84/5/5
f 2/11/8 60/12/9 86/13/10 87/14/11
f 2/11/8 88/15/12 89/16/13 90/17/14
f 2/11/8 90/17/14 91/18/15 92/19/16
f 2/20/8 92/21/16 59/22/17 60/23/9
f 2/11/8 87/14/11 93/24/18 88/15/12
f 3/25/19 94/26/20 95/27/21 96/28/22
f 3/25/19 97/29/23 98/30/24 94/26/20
f 3/25/19 96/28/22 5/31/25 97/29/23
f 4/32/26 99/33/27 11/34/28 100/35/29
f 4/36/26 101/37/30 102/38/31 99/39/27
f 4/32/26 103/40/32 104/41/33 101/42/30
f 4/32/26 100/35/29 105/43/34 106/44/35
f 5/45/25 107/46/36 108/47/37 109/48/38
f 5/45/25 109/48/38 8/49/39 97/50/23
f 6/51/40 5/31/25 96/28/22 110/52/41
f 6/53/40 110/54/41 111/55/42 112/56/43
f 6/57/40 113/58/44 107/46/36 5/45/25
f 7/59/45 114/60/46 95/27/21 94/26/20
f 7/59/45 94/26/20 98/30/24 115/61/47
f 7/62/45 115/63/47 116/64/48 114/65/46
f 8/49/39 109/48/38 117/66/49 118/67/50
f 8/49/39 118/67/50 98/68/24 97/50/23
f 9/69/51 119/70/52 120/71/53 121/72/54
f 9/73/51 121/74/54 10/75/55 116/64/48
f 9/73/51 116/64/48 115/63/47 119/76/52
f 10/75/55 19/77/56 114/65/46 116/64/48
f 10/78/55 121/72/54 122/79/57 123/80/58
f 10/75/55 123/81/58 124/82/59 125/83/60
f 10/75/55 125/83/60 126/84/61 19/77/56
f 11/85/28 127/86/62 128/87/63 129/88/64
f 11/34/28 129/89/64 130/90/65 100/35/29
f 11/34/28 131/91/66 132/92/67 127/93/62
f 12/94/68 133/95/69 134/96/70 135/97/71
f 12/98/68 135/99/71 136/100/72 137/101/73
f 12/98/68 137/101/73 138/102/74 133/103/69
f 13/104/75 139/105/76 140/106/77 141/107/78
f 13/108/75 142/109/79 143/110/80 139/111/76
f 13/104/75 141/107/78 144/112/81 142/113/79
f 14/114/82 145/115/83 146/116/84 147/117/85
f 14/118/82 148/119/86 149/120/87 145/121/83
f 14/114/82 147/117/85 150/122/88 148/123/86
f 15/124/89 151/125/90 152/126/91 153/127/92
f 15/128/89 153/129/92 154/130/93 155/131/94
f 15/132/89 156/133/95 157/134/96 151/135/90
f 16/136/97 158/137/98 159/138/99 160/139/100
f 16/136/97 161/140/101 162/141/102 158/137/98
f 16/136/97 160/139/100 163/142/103 161/140/101
f 17/143/104 164/144/105 165/145/106 166/146/107
f 17/143/104 167/147/108 168/148/109 164/144/105
f 17/143/104 166/146/107 169/149/110 167/147/108
f 18/150/111 170/151/112 171/152/113 172/153/114
f 18/150/111 172/153/114 173/154/115 174/155/116
f 18/150/111 174/155/116 175/156/117 170/151/112
f 19/157/56 176/158/118 177/159/119 178/160/120
f 19/77/56 126/84/61 40/161/121 176/162/118
f 19/163/56 178/164/120 95/27/21 114/60/46
f 20/165/122 177/159/119 176/158/118 179/166/123
f 20/165/122 179/166/123 180/167/124 21/168/125
f 20/165/122 21/168/125 181/169/126 182/170/127
f 20/165/122 182/170/127 183/171/128 184/172/129
f 20/165/122 184/172/129 111/55/42 177/159/119
f 21/168/125 180/167/124 185/173/130 181/169/126
f 22/174/131 23/175/132 186/176/133 187/177/134
f 22/174/131 39/178/135 188/179/136 23/175/132
f 22/174/131 187/177/134 189/180/137 39/178/135
f 23/175/132 188/179/136 126/181/61 125/182/60
f 24/183/138 190/184/139 191/185/140 192/186/141
f 24/187/138 193/188/142 194/189/143 190/190/139
f 24/183/138 192/186/141 195/191/144 193/192/142
f 25/193/145 196/194/146 197/195/147 198/196/148
f 25/193/145 198/196/148 199/197/149 200/198/150
f 25/193/145 200/198/150 201/199/151 196/194/146
f 26/200/152 202/201/153 203/202/154 204/203/155
f 26/204/152 205/205/156 206/206/157 202/207/153
f 26/208/152 204/209/155 207/210/158 205/211/156
f 27/212/159 208/213/160 209/214/161 210/215/162
f 27/216/159 210/217/162 211/218/163 212/219/164
f 27/212/159 212/220/164 213/221/165 208/213/160
f 28/222/166 214/223/167 215/224/168 216/225/169
f 28/226/166 217/227/170 218/228/171 214/229/167
f 28/222/166 216/225/169 219/230/172 217/231/170
f 29/232/173 220/233/174 221/234/175 222/235/176
f 29/236/173 222/237/176 223/238/177 224/239/178
f 29/236/173 224/239/178 225/240/179 220/241/174
f 30/242/180 226/243/181 227/244/182 228/245/183
f 30/242/180 228/245/183 229/246/184 230/247/185
f 30/242/180 230/247/185 231/248/186 226/243/181
f 31/249/187 232/250/188 233/251/189 234/252/190
f 31/249/187 235/253/191 236/254/192 232/250/188
f 31/249/187 234/252/190 237/255/193 238/256/194
f 31/249/187 239/257/195 240/258/196 235/253/191
f 31/249/187 238/256/194 241/259/197 239/257/195
f 32/260/198 242/261/199 243/262/200 244/263/201
f 32/260/198 245/264/202 246/265/203 242/261/199
f 32/260/198 244/263/201 247/266/204 248/267/205
f 32/260/198 249/268/206 250/269/207 245/264/202
f 32/260/198 248/267/205 251/270/208 249/268/206
f 33/271/209 252/272/210 253/273/211 254/274/212
f 33/271/209 254/274/212 255/275/213 256/276/214
f 33/271/209 256/276/214 257/277/215 252/272/210
f 34/278/216 258/279/217 259/280/218 260/281/219
f 34/278/216 261/282/220 262/283/221 263/284/222
f 34/278/216 263/284/222 264/285/223 258/279/217
f 35/286/224 265/287/225 266/288/226 267/289/227
f 35/290/224 268/291/228 269/292/229 270/293/230
f 35/290/224 270/293/230 271/294/231 272/295/232
f 35/286/224 267/289/227 273/296/233 268/297/228
f 35/290/224 272/295/232 274/298/234 265/299/225
f 36/300/235 275/301/236 276/302/237 277/303/238
f 36/300/235 278/304/239 279/305/240 275/301/236
f 36/300/235 277/303/238 280/306/241 278/304/239
f 281/307/242 282/308/243 283/309/244 284/310/245
f 37/311/246 285/312/247 286/313/248 287/314/249
f 37/311/246 288/315/250 289/316/251 290/317/252
f 37/311/246 287/314/249 291/318/253 288/315/250
f 38/319/254 292/320/255 293/321/256 294/322/257
f 38/323/254 295/324/258 296/325/259 292/326/255
f 38/323/254 294/327/257 297/328/260 295/324/258
f 39/329/135 189/330/137 298/331/261 188/332/136
f 40/333/121 126/334/61 188/332/136 298/331/261
f 40/333/121 298/331/261 299/335/262 300/336/263
f 40/337/121 301/338/264 179/166/123 176/158/118
f 40/161/121 300/339/263 302/340/265 301/341/264
f 41/342/266 303/343/267 304/344/268 305/345/269
f 41/346/266 305/347/269 286/313/248 285/312/247
f 41/346/266 285/312/247 306/348/270 307/349/271
f 42/350/272 308/351/273 309/352/274 310/353/275
f 42/350/272 311/354/276 312/355/277 308/351/273
f 42/350/272 310/353/275 313/356/278 311/354/276
f 43/357/279 314/358/280 309/352/274 315/359/281
f 43/357/279 316/360/282 317/361/283 314/358/280
f 43/357/279 318/362/284 319/363/285 320/364/286
f 43/357/279 315/359/281 321/365/287 318/362/284
f 43/357/279 320/364/286 322/366/288 316/360/282
f 44/367/289 323/368/290 324/369/291 325/370/292
f 44/367/289 325/370/292 326/371/293 327/372/294
f 44/367/289 327/372/294 328/373/295 323/368/290
f 45/374/296 329/375/297 330/376/298 331/377/299
f 45/374/296 332/378/300 333/379/301 329/375/297
f 45/374/296 331/377/299 334/380/302 332/378/300
f 46/381/303 335/382/304 336/383/305 337/384/306
f 46/381/303 337/384/306 338/385/307 339/386/308
f 46/381/303 339/386/308 340/387/309 335/382/304
f 47/388/310 341/389/311 342/390/312 343/391/313
f 47/388/310 344/392/314 345/393/315 341/389/311
f 47/394/310 343/395/313 346/396/316 344/397/314
f 48/398/317 347/399/318 348/400/319 349/401/320
f 48/398/317 350/402/321 351/403/322 347/399/318
f 48/398/317 352/404/323 353/405/324 354/406/325
f 48/398/317 349/401/320 355/407/326 352/404/323
f 48/398/317 354/406/325 356/408/327 350/402/321
f 49/409/328 354/406/325 353/405/324 357/410/329
f 49/409/328 358/411/330 359/412/331 360/413/332
f 49/409/328 360/413/332 356/408/327 354/406/325
f 50/414/333 361/415/334 362/416/335 363/417/336
f 50/414/333 364/418/337 365/419/338 366/420/339
f 50/414/333 363/417/336 367/421/340 364/418/337
f 50/414/333 368/422/341 369/423/342 361/415/334
f 50/414/333 366/420/339 370/424/343 368/422/341
f 51/425/344 371/426/345 372/427/346 373/428/347
f 51/425/344 374/429/348 375/430/349 371/426/345
f 51/431/344 373/432/347 376/433/350 374/434/348
f 52/435/351 377/436/352 378/437/353 379/438/354
f 52/439/351 380/440/355 381/441/356 382/442/357
f 52/439/351 379/443/354 383/444/358 380/440/355
f 52/445/351 384/446/359 385/447/360 377/448/352
f 52/449/351 382/450/357 386/451/361 384/452/359
f 53/453/362 387/454/363 388/455/364 389/456/365
f 53/457/362 390/458/366 391/459/367 392/460/368
f 53/457/362 389/461/365 393/462/369 390/458/366
f 53/453/362 394/463/370 395/464/371 387/454/363
f 53/457/362 392/460/368 396/465/372 394/466/370
f 54/467/373 397/468/374 398/469/375 399/470/376
f 54/467/373 399/470/376 400/471/377 401/472/378
f 54/467/373 401/472/378 402/473/379 403/474/380
f 55/475/381 404/476/382 346/396/316 343/395/313
f 55/477/381 405/478/383 406/479/384 404/480/382
f 55/481/381 343/391/313 342/390/312 405/482/383
f 56/483/385 407/484/386 408/485/387 409/486/388
f 56/483/385 409/486/388 410/487/389 411/488/390
f 56/483/385 411/488/390 412/489/391 413/490/392
f 57/491/393 414/492/394 415/493/395 416/494/396
f 57/495/393 416/496/396 417/497/397 418/498/398
f 57/495/393 418/498/398 419/499/399 414/500/394
f 58/501/400 420/502/401 421/503/402 422/504/403
f 58/501/400 422/504/403 423/505/404 424/506/405
f 58/501/400 424/506/405 425/507/406 420/502/401
f 59/508/17 426/509/407 86/13/10 60/12/9
f 59/510/17 92/511/16 299/335/262 426/512/407
f 61/513/408 427/514/409 428/515/410 429/516/411
f 61/513/408 429/516/411 430/517/412 431/518/413
f 61/513/408 431/518/413 432/519/414 433/520/415
f 62/521/416 91/18/15 90/17/14 434/522/417
f 302/340/265 300/339/263 91/18/15 62/521/416
f 62/521/416 434/522/417 435/523/418 302/340/265
f 63/524/419 436/525/420 437/526/421 438/527/422
f 63/524/419 439/528/423 440/529/424 436/525/420
f 63/524/419 438/527/422 441/530/425 439/528/423
f 64/531/426 442/532/427 443/533/428 444/534/429
f 64/531/426 445/535/430 446/536/431 442/532/427
f 64/531/426 444/534/429 447/537/432 448/538/433
f 64/531/426 449/539/434 450/540/435 445/535/430
f 64/531/426 448/538/433 451/541/436 449/539/434
f 65/542/437 452/543/438 453/544/439 454/545/440
f 65/542/437 455/546/441 456/547/442 452/543/438
f 65/542/437 454/545/440 457/548/443 455/546/441
f 66/549/444 458/550/445 459/551/446 460/552/447
f 66/553/444 461/554/448 462/555/449 463/556/450
f 66/553/444 463/556/450 464/557/451 458/558/445
f 67/559/452 465/560/453 466/561/454 467/562/455
f 67/559/452 467/562/455 468/563/456 469/564/457
f 67/559/452 469/564/457 470/565/458 465/560/453
f 68/566/459 471/567/460 472/568/461 473/569/462
f 68/570/459 473/571/462 474/572/463 475/573/464
f 68/570/459 475/573/464 476/574/465 471/575/460
f 69/576/466 477/577/467 478/578/468 479/579/469
f 69/580/466 479/581/469 480/582/470 481/583/471
f 69/580/466 481/583/471 482/584/472 477/585/467
f 70/586/473 483/587/474 484/588/475 485/589/476
f 70/586/473 485/589/476 486/590/477 487/591/478
f 70/586/473 487/591/478 488/592/479 483/587/474
f 71/593/480 489/594/481 490/595/482 491/596/483
f 71/593/480 491/596/483 492/597/484 493/598/485
f 71/593/480 493/598/485 494/599/486 495/600/487
f 72/601/488 496/602/489 497/603/490 498/604/491
f 72/601/488 498/604/491 499/605/492 500/606/493
f 72/601/488 501/607/494 502/608/495 496/602/489
f 73/609/496 503/610/497 504/611/498 505/612/499
f 73/609/496 505/612/499 506/613/500 507/614/501
f 73/609/496 508/615/502 509/616/503 503/610/497
f 73/609/496 510/617/504 511/618/505 508/615/502
f 73/609/496 507/614/501 512/619/506 510/617/504
f 74/620/507 513/621/508 514/622/509 515/623/510
f 74/620/507 515/623/510 516/624/511 517/625/512
f 74/620/507 517/625/512 518/626/513 519/627/514
f 74/620/507 519/627/514 486/590/477 520/628/515
f 74/620/507 520/628/515 521/629/516 513/621/508
f 75/630/517 522/631/518 523/632/519 524/633/520
f 75/630/517 525/634/521 526/635/522 522/631/518
f 75/630/517 524/633/520 527/636/523 525/634/521
f 76/637/524 528/638/525 529/639/526 530/640/527
f 76/637/524 531/641/528 532/642/529 528/638/525
f 76/637/524 533/643/530 534/644/531 531/641/528
f 76/637/524 348/400/319 535/645/532 533/643/530
f 76/637/524 530/640/527 349/401/320 348/400/319
f 77/646/533 536/647/534 537/648/535 538/649/536
f 77/646/533 538/649/536 539/650/537 540/651/538
f 77/646/533 540/651/538 541/652/539 542/653/540
f 77/654/533 543/655/541 544/656/542 536/657/534
f 77/658/533 542/659/540 545/660/543 543/661/541
f 78/662/544 546/663/545 547/664/546 548/665/547
f 78/662/544 549/666/548 550/667/549 546/663/545
f 78/662/544 548/665/547 551/668/550 549/666/548
f 79/669/551 552/670/552 553/671/553 554/672/554
f 79/673/551 555/674/555 556/675/556 552/676/552
f 79/669/551 554/672/554 557/677/557 555/678/555
f 557/677/557 554/672/554 558/679/558 559/680/559
f 557/681/557 559/682/559 560/683/560 561/684/561
f 557/685/557 561/686/561 562/687/562 555/674/555
f 562/687/562 561/686/561 563/688/563 564/689/564
f 562/687/562 564/689/564 565/690/565 566/691/566
f 562/687/562 566/691/566 556/675/556 555/674/555
f 566/691/566 565/690/565 567/692/567 568/693/568
f 566/691/566 568/693/568 569/694/569 556/675/556
f 569/694/569 568/693/568 570/695/570 571/696/571
f 569/697/569 571/698/571 549/666/548 551/668/550
f 569/697/569 551/668/550 552/670/552 556/699/556
f 571/700/571 570/701/570 572/702/572 573/703/573
f 571/698/571 573/704/573 550/667/549 549/666/548
f 573/703/573 572/702/572 574/705/574 575/706/575
f 573/704/573 575/707/575 576/708/576 550/667/549
f 576/708/576 575/707/575 577/709/577 578/710/578
f 576/708/576 578/710/578 579/711/579 580/712/580
f 576/708/576 580/712/580 546/663/545 550/667/549
f 580/712/580 579/711/579 581/713/581 582/714/582
f 580/712/580 582/714/582 547/664/546 546/663/545
f 582/714/582 581/713/581 583/715/583 584/716/584
f 582/714/582 584/716/584 585/717/585 547/664/546
f 585/717/585 553/671/553 548/665/547 547/664/546
f 585/717/585 584/716/584 586/718/586 558/679/558
f 585/717/585 558/679/558 554/672/554 553/671/553
f 586/718/586 584/716/584 583/715/583 587/719/587
f 586/720/586 587/721/587 588/722/588 589/723/589
f 586/720/586 589/723/589 559/682/559 558/724/558
f 589/723/589 588/722/588 590/725/590 591/726/591
f 589/723/589 591/726/591 560/683/560 559/682/559
f 591/726/591 590/725/590 592/727/592 593/728/593
f 591/726/591 593/728/593 594/729/594 560/683/560
f 594/729/594 563/730/563 561/684/561 560/683/560
f 594/729/594 593/728/593 595/731/595 143/110/80
f 594/729/594 143/110/80 142/109/79 563/730/563
f 595/731/595 593/728/593 592/727/592 596/732/596
f 595/731/595 596/732/596 597/733/597 598/734/598
f 595/731/595 598/734/598 139/111/76 143/110/80
f 598/734/598 597/733/597 599/735/599 600/736/600
f 598/734/598 600/736/600 140/737/77 139/111/76
f 600/738/600 599/739/599 601/740/601 602/741/602
f 600/738/600 602/741/602 603/742/603 140/743/77
f 603/744/603 604/745/604 141/107/78 140/106/77
f 603/742/603 602/741/602 605/746/605 606/747/606
f 603/744/603 606/748/606 607/749/607 604/745/604
f 607/749/607 606/748/606 205/211/156 207/210/158
f 607/749/607 207/210/158 608/750/608 609/751/609
f 607/749/607 609/751/609 610/752/610 604/745/604
f 610/752/610 144/112/81 141/107/78 604/745/604
f 610/752/610 609/751/609 567/692/567 565/690/565
f 610/752/610 565/690/565 564/689/564 144/112/81
f 609/751/609 608/750/608 611/753/611 567/692/567
f 611/754/611 608/755/608 612/756/612 613/757/613
f 611/754/611 613/757/613 572/702/572 570/701/570
f 611/753/611 570/695/570 568/693/568 567/692/567
f 613/757/613 612/756/612 614/758/614 615/759/615
f 613/757/613 615/759/615 574/705/574 572/702/572
f 615/759/615 614/758/614 616/760/616 617/761/617
f 615/759/615 617/761/617 618/762/618 574/705/574
f 618/762/618 617/761/617 619/763/619 620/764/620
f 618/762/618 620/764/620 621/765/621 577/766/577
f 618/762/618 577/766/577 575/706/575 574/705/574
f 621/765/621 620/764/620 622/767/622 623/768/623
f 621/769/621 623/770/623 624/771/624 625/772/625
f 621/769/621 625/772/625 578/710/578 577/709/577
f 625/772/625 624/771/624 626/773/626 627/774/627
f 625/772/625 627/774/627 579/711/579 578/710/578
f 627/774/627 626/773/626 628/775/628 629/776/629
f 627/774/627 629/776/629 581/713/581 579/711/579
f 629/776/629 628/775/628 630/777/630 631/778/631
f 629/776/629 631/778/631 583/715/583 581/713/581
f 631/778/631 630/777/630 632/779/632 633/780/633
f 631/778/631 633/780/633 587/719/587 583/715/583
f 633/781/633 632/782/632 634/783/634 635/784/635
f 633/781/633 635/784/635 588/722/588 587/721/587
f 635/784/635 634/783/634 636/785/636 637/786/637
f 635/784/635 637/786/637 590/725/590 588/722/588
f 637/786/637 636/785/636 638/787/638 639/788/639
f 637/786/637 639/788/639 592/727/592 590/725/590
f 639/788/639 638/787/638 640/789/640 641/790/641
f 639/788/639 641/790/641 596/732/596 592/727/592
f 641/790/641 640/789/640 642/791/642 643/792/643
f 641/790/641 643/792/643 597/733/597 596/732/596
f 643/792/643 642/791/642 644/793/644 645/794/645
f 643/792/643 645/794/645 599/735/599 597/733/597
f 645/795/645 644/796/644 646/797/646 647/798/647
f 645/795/645 647/798/647 601/740/601 599/739/599
f 647/798/647 646/797/646 648/799/648 649/800/649
f 647/798/647 649/800/649 650/801/650 601/740/601
f 650/801/650 605/746/605 602/741/602 601/740/601
f 650/801/650 649/800/649 651/802/651 652/803/652
f 650/801/650 652/803/652 206/206/157 605/746/605
f 652/803/652 651/802/651 653/804/653 654/805/654
f 652/803/652 654/805/654 202/207/153 206/206/157
f 654/805/654 653/804/653 655/806/655 656/807/656
f 654/805/654 656/807/656 203/808/154 202/207/153
f 656/809/656 655/810/655 657/811/657 616/760/616
f 656/809/656 616/760/616 614/758/614 203/202/154
f 657/811/657 655/810/655 658/812/658 659/813/659
f 657/811/657 659/813/659 660/814/660 619/763/619
f 657/811/657 619/763/619 617/761/617 616/760/616
f 660/814/660 659/813/659 661/815/661 662/816/662
f 660/814/660 662/816/662 663/817/663 622/767/622
f 660/814/660 622/767/622 620/764/620 619/763/619
f 663/817/663 662/816/662 664/818/664 665/819/665
f 663/817/663 665/819/665 666/820/666 667/821/667
f 663/817/663 667/821/667 623/768/623 622/767/622
f 667/822/667 666/823/666 668/824/668 669/825/669
f 667/822/667 669/825/669 624/771/624 623/770/623
f 669/825/669 668/824/668 670/826/670 671/827/671
f 669/825/669 671/827/671 626/773/626 624/771/624
f 671/828/671 670/829/670 672/830/672 673/831/673
f 671/827/671 673/832/673 628/775/628 626/773/626
f 673/831/673 672/830/672 674/833/674 675/834/675
f 673/832/673 675/835/675 630/777/630 628/775/628
f 675/836/675 674/837/674 676/838/676 677/839/677
f 675/835/675 677/840/677 632/779/632 630/777/630
f 677/839/677 676/838/676 678/841/678 679/842/679
f 677/839/677 679/842/679 634/783/634 632/782/632
f 679/842/679 678/841/678 680/843/680 681/844/681
f 679/842/679 681/844/681 636/785/636 634/783/634
f 681/844/681 680/843/680 682/845/682 683/846/683
f 681/844/681 683/846/683 638/787/638 636/785/636
f 683/846/683 682/845/682 684/847/684 685/848/685
f 683/846/683 685/848/685 640/789/640 638/787/638
f 685/848/685 684/847/684 686/849/686 687/850/687
f 685/848/685 687/850/687 642/791/642 640/789/640
f 687/850/687 686/849/686 688/851/688 689/852/689
f 687/850/687 689/852/689 644/793/644 642/791/642
f 689/853/689 688/854/688 690/855/690 691/856/691
f 689/853/689 691/856/691 646/797/646 644/796/644
f 691/856/691 690/855/690 692/857/692 693/858/693
f 691/856/691 693/858/693 648/799/648 646/797/646
f 693/859/693 692/860/692 694/861/694 695/862/695
f 693/858/693 695/863/695 696/864/696 648/799/648
f 696/864/696 651/802/651 649/800/649 648/799/648
f 696/864/696 695/863/695 697/865/697 698/866/698
f 696/864/696 698/866/698 653/804/653 651/802/651
f 698/867/698 697/868/697 699/869/699 658/812/658
f 698/866/698 658/870/658 655/806/655 653/804/653
f 699/871/699 697/872/697 700/873/700 701/874/701
f 699/869/699 701/875/701 702/876/702 661/815/661
f 699/869/699 661/815/661 659/813/659 658/812/658
f 702/876/702 701/875/701 703/877/703 704/878/704
f 702/876/702 704/878/704 705/879/705 664/818/664
f 702/876/702 664/818/664 662/816/662 661/815/661
f 705/880/705 704/881/704 493/598/485 492/597/484
f 705/880/705 492/597/484 706/882/706 707/883/707
f 705/879/705 707/884/707 665/819/665 664/818/664
f 707/884/707 706/885/706 502/886/495 708/887/708
f 707/884/707 708/887/708 666/820/666 665/819/665
f 708/888/708 502/889/495 501/890/494 709/891/709
f 708/888/708 709/891/709 668/892/668 666/893/666
f 709/891/709 501/890/494 710/894/710 711/895/711
f 709/891/709 711/895/711 670/829/670 668/892/668
f 711/895/711 710/894/710 545/660/543 712/896/712
f 711/895/711 712/896/712 672/830/672 670/829/670
f 712/896/712 545/660/543 542/659/540 713/897/713
f 712/896/712 713/897/713 674/833/674 672/830/672
f 713/898/713 542/653/540 541/652/539 714/899/714
f 713/898/713 714/899/714 676/838/676 674/837/674
f 714/899/714 541/652/539 715/900/715 716/901/716
f 714/899/714 716/901/716 678/841/678 676/838/676
f 716/901/716 715/900/715 717/902/717 718/903/718
f 716/901/716 718/903/718 680/843/680 678/841/678
f 718/903/718 717/902/717 719/904/719 720/905/720
f 718/903/718 720/905/720 682/845/682 680/843/680
f 720/905/720 719/904/719 721/906/721 722/907/722
f 720/905/720 722/907/722 684/847/684 682/845/682
f 722/907/722 721/906/721 723/908/723 724/909/724
f 722/907/722 724/909/724 686/849/686 684/847/684
f 724/909/724 723/908/723 725/910/725 726/911/726
f 724/909/724 726/911/726 688/851/688 686/849/686
f 726/911/726 725/910/725 727/912/727 728/913/728
f 726/911/726 728/913/728 690/914/690 688/851/688
f 728/915/728 727/916/727 729/917/729 730/918/730
f 728/919/728 730/920/730 692/860/692 690/921/690
f 730/918/730 729/917/729 731/922/731 732/923/732
f 730/920/730 732/924/732 694/861/694 692/860/692
f 732/923/732 731/922/731 733/925/733 734/926/734
f 732/924/732 734/927/734 700/873/700 694/861/694
f 734/926/734 733/925/733 494/599/486 703/928/703
f 734/927/734 703/929/703 701/874/701 700/873/700
f 733/925/733 731/922/731 735/930/735 736/931/736
f 733/925/733 736/931/736 495/600/487 494/599/486
f 736/931/736 735/930/735 737/932/737 738/933/738
f 736/931/736 738/933/738 739/934/739 495/600/487
f 739/934/739 738/933/738 740/935/740 741/936/741
f 739/934/739 741/936/741 742/937/742 743/938/743
f 739/934/739 743/938/743 71/593/480 495/600/487
f 743/938/743 742/937/742 744/939/744 745/940/745
f 743/938/743 745/940/745 489/594/481 71/593/480
f 745/940/745 744/939/744 746/941/746 747/942/747
f 745/940/745 747/942/747 748/943/748 489/594/481
f 748/943/748 749/944/749 490/595/482 489/594/481
f 748/943/748 747/942/747 750/945/750 751/946/751
f 748/943/748 751/946/751 752/947/752 749/944/749
f 752/947/752 753/948/753 754/949/754 749/944/749
f 752/947/752 751/946/751 755/950/755 756/951/756
f 752/947/752 756/951/756 757/952/757 753/948/753
f 757/952/757 758/953/758 759/954/759 753/948/753
f 757/952/757 756/951/756 760/955/760 761/956/761
f 757/952/757 761/956/761 762/957/762 758/953/758
f 762/957/762 763/958/763 764/959/764 758/953/758
f 762/957/762 761/956/761 765/960/765 766/961/766
f 762/957/762 766/961/766 767/962/767 763/958/763
f 767/962/767 768/963/768 769/964/769 763/958/763
f 767/965/767 766/966/766 770/967/770 771/968/771
f 767/965/767 771/968/771 772/969/772 768/970/768
f 772/969/772 773/971/773 774/972/774 768/970/768
f 772/969/772 771/968/771 775/973/775 776/974/776
f 772/969/772 776/974/776 777/975/777 773/971/773
f 777/975/777 778/976/778 779/977/779 773/971/773
f 777/975/777 776/974/776 56/483/385 413/490/392
f 777/975/777 413/490/392 780/978/780 778/976/778
f 780/978/780 781/979/781 782/980/782 778/976/778
f 780/978/780 413/490/392 412/489/391 783/981/783
f 780/978/780 783/981/783 784/982/784 781/979/781
f 784/983/784 785/984/785 786/985/786 781/986/781
f 784/983/784 783/987/783 787/988/787 788/989/788
f 784/983/784 788/989/788 789/990/789 785/984/785
f 789/990/789 790/991/790 791/992/791 785/984/785
f 789/990/789 788/989/788 792/993/792 793/994/793
f 789/990/789 793/994/793 794/995/794 790/991/790
f 794/995/794 795/996/795 796/997/796 790/991/790
f 794/995/794 793/994/793 797/998/797 798/999/798
f 794/995/794 798/999/798 799/1000/799 795/996/795
f 799/1000/799 800/1001/800 801/1002/801 795/996/795
f 799/1000/799 798/999/798 802/1003/802 803/1004/803
f 799/1000/799 803/1004/803 804/1005/804 800/1001/800
f 804/1005/804 805/1006/805 806/1007/806 800/1001/800
f 804/1005/804 803/1004/803 807/1008/807 808/1009/808
f 804/1005/804 808/1009/808 809/1010/809 805/1006/805
f 809/1010/809 810/1011/810 811/1012/811 805/1006/805
f 809/1010/809 808/1009/808 812/1013/812 813/1014/813
f 809/1010/809 813/1014/813 814/1015/814 810/1011/810
f 814/1015/814 815/1016/815 816/1017/816 810/1011/810
f 814/1015/814 813/1014/813 817/1018/817 818/1019/818
f 814/1020/814 818/1021/818 819/1022/819 815/1023/815
f 819/1022/819 368/422/341 370/424/343 815/1023/815
f 819/1022/819 818/1021/818 820/1024/820 821/1025/821
f 819/1022/819 821/1025/821 369/423/342 368/422/341
f 821/1025/821 820/1024/820 822/1026/822 823/1027/823
f 821/1025/821 823/1027/823 824/1028/824 369/423/342
f 824/1028/824 825/1029/825 361/415/334 369/423/342
f 824/1028/824 823/1027/823 826/1030/826 827/1031/827
f 824/1028/824 827/1031/827 828/1032/828 825/1029/825
f 828/1032/828 829/1033/829 830/1034/830 825/1029/825
f 828/1032/828 827/1031/827 451/541/436 448/538/433
f 828/1032/828 448/538/433 447/537/432 829/1033/829
f 830/1034/830 831/1035/831 832/1036/832 362/416/335
f 830/1034/830 362/416/335 361/415/334 825/1029/825
f 830/1034/830 829/1033/829 833/1037/833 831/1035/831
f 833/1037/833 834/1038/834 835/1039/835 831/1035/831
f 833/1037/833 829/1033/829 447/537/432 836/1040/836
f 833/1037/833 836/1040/836 837/1041/837 834/1038/834
f 837/1041/837 838/1042/838 839/1043/839 834/1038/834
f 837/1041/837 836/1040/836 840/1044/840 841/1045/841
f 837/1041/837 841/1045/841 842/1046/842 838/1042/838
f 842/1047/842 843/1048/843 844/1049/844 838/1050/838
f 842/1046/842 841/1045/841 845/1051/845 846/1052/846
f 842/1053/842 846/1054/846 847/1055/847 843/1056/843
f 847/1055/847 400/1057/377 399/1058/376 843/1056/843
f 847/1055/847 846/1054/846 848/1059/848 849/1060/849
f 847/1055/847 849/1060/849 850/1061/850 400/1057/377
f 850/1061/850 851/1062/851 401/1063/378 400/1057/377
f 850/1061/850 849/1060/849 852/1064/852 853/1065/853
f 850/1061/850 853/1065/853 854/1066/854 851/1062/851
f 854/1067/854 855/1068/855 856/1069/856 851/1070/851
f 854/1066/854 853/1065/853 857/1071/857 858/1072/858
f 854/1067/854 858/1073/858 859/1074/859 855/1068/855
f 859/1074/859 860/1075/860 861/1076/861 855/1068/855
f 859/1074/859 858/1073/858 195/191/144 192/186/141
f 859/1074/859 192/186/141 191/185/140 860/1075/860
f 861/1076/861 862/1077/862 863/1078/863 864/1079/864
f 861/1076/861 864/1079/864 856/1069/856 855/1068/855
f 861/1076/861 860/1075/860 201/199/151 862/1077/862
f 864/1079/864 863/1078/863 865/1080/865 866/1081/866
f 864/1079/864 866/1081/866 402/1082/379 856/1069/856
f 866/1083/866 865/1084/865 867/1085/867 868/1086/868
f 866/1083/866 868/1086/868 403/474/380 402/473/379
f 868/1086/868 867/1085/867 869/1087/869 870/1088/870
f 868/1086/868 870/1088/870 871/1089/871 403/474/380
f 871/1089/871 870/1088/870 872/1090/872 873/1091/873
f 871/1089/871 873/1091/873 874/1092/874 875/1093/875
f 871/1089/871 875/1093/875 54/467/373 403/474/380
f 875/1093/875 874/1092/874 876/1094/876 877/1095/877
f 875/1093/875 877/1095/877 397/468/374 54/467/373
f 877/1096/877 876/1097/876 878/1098/878 879/1099/879
f 877/1096/877 879/1099/879 880/1100/880 397/1101/374
f 880/1100/880 879/1099/879 881/1102/881 83/10/7
f 880/1100/880 83/10/7 82/9/4 882/1103/882
f 880/1100/880 882/1103/882 398/1104/375 397/1101/374
f 882/1103/882 82/9/4 883/1105/883 884/1106/884
f 882/1103/882 884/1106/884 844/1107/844 398/1104/375
f 884/1106/884 883/1105/883 885/1108/885 839/1109/839
f 884/1106/884 839/1109/839 838/1110/838 844/1107/844
f 885/1108/885 883/1105/883 886/1111/886 887/1112/887
f 885/1113/885 887/1114/887 888/1115/888 835/1039/835
f 885/1113/885 835/1039/835 834/1038/834 839/1043/839
f 888/1115/888 887/1114/887 889/1116/889 890/1117/890
f 888/1115/888 890/1117/890 891/1118/891 832/1036/832
f 888/1115/888 832/1036/832 831/1035/831 835/1039/835
f 891/1118/891 890/1117/890 892/1119/892 893/1120/893
f 891/1118/891 893/1120/893 367/421/340 363/417/336
f 891/1118/891 363/417/336 362/416/335 832/1036/832
f 893/1120/893 892/1119/892 894/1121/894 895/1122/895
f 893/1120/893 895/1122/895 896/1123/896 367/421/340
f 896/1123/896 895/1122/895 275/301/236 279/305/240
f 896/1123/896 279/305/240 223/238/177 897/1124/897
f 896/1123/896 897/1124/897 364/418/337 367/421/340
f 897/1124/897 223/238/177 222/237/176 898/1125/898
f 897/1124/897 898/1125/898 365/419/338 364/418/337
f 898/1126/898 222/235/176 221/234/175 899/1127/899
f 898/1126/898 899/1127/899 900/1128/900 365/1129/338
f 900/1128/900 899/1127/899 901/1130/901 157/134/96
f 900/1128/900 157/134/96 156/133/95 902/1131/902
f 900/1128/900 902/1131/902 366/1132/339 365/1129/338
f 902/1133/902 156/1134/95 903/1135/903 904/1136/904
f 902/1131/902 904/1137/904 370/1138/343 366/1132/339
f 904/1137/904 903/1139/903 905/1140/905 816/1017/816
f 904/1137/904 816/1017/816 815/1016/815 370/1138/343
f 905/1140/905 903/1139/903 906/1141/906 907/1142/907
f 905/1140/905 907/1142/907 908/1143/908 811/1012/811
f 905/1140/905 811/1012/811 810/1011/810 816/1017/816
f 908/1143/908 907/1142/907 909/1144/909 910/1145/910
f 908/1143/908 910/1145/910 911/1146/911 806/1007/806
f 908/1143/908 806/1007/806 805/1006/805 811/1012/811
f 911/1146/911 910/1145/910 912/1147/912 913/1148/913
f 911/1146/911 913/1148/913 914/1149/914 801/1002/801
f 911/1146/911 801/1002/801 800/1001/800 806/1007/806
f 914/1149/914 913/1148/913 915/1150/915 916/1151/916
f 914/1149/914 916/1151/916 917/1152/917 796/997/796
f 914/1149/914 796/997/796 795/996/795 801/1002/801
f 917/1152/917 916/1151/916 377/448/352 385/447/360
f 917/1152/917 385/447/360 918/1153/918 791/992/791
f 917/1152/917 791/992/791 790/991/790 796/997/796
f 918/1154/918 385/1155/360 384/452/359 919/1156/919
f 918/1153/918 919/1157/919 920/1158/920 786/985/786
f 918/1153/918 786/985/786 785/984/785 791/992/791
f 920/1159/920 919/1156/919 921/1160/921 922/1161/922
f 920/1159/920 922/1161/922 923/1162/923 782/1163/782
f 920/1158/920 782/1164/782 781/986/781 786/985/786
f 923/1162/923 922/1161/922 924/1165/924 925/1166/925
f 923/1162/923 925/1166/925 926/1167/926 779/1168/779
f 923/1162/923 779/1168/779 778/1169/778 782/1163/782
f 926/1167/926 925/1166/925 927/1170/927 928/1171/928
f 926/1172/926 928/1173/928 929/1174/929 774/1175/774
f 926/1176/926 774/972/774 773/971/773 779/977/779
f 929/1174/929 928/1173/928 930/1177/930 931/1178/931
f 929/1174/929 931/1178/931 932/1179/932 769/964/769
f 929/1174/929 769/964/769 768/963/768 774/1175/774
f 932/1179/932 931/1178/931 933/1180/933 934/1181/934
f 932/1179/932 934/1181/934 935/1182/935 764/959/764
f 932/1179/932 764/959/764 763/958/763 769/964/769
f 935/1182/935 934/1181/934 936/1183/936 937/1184/937
f 935/1182/935 937/1184/937 938/1185/938 759/954/759
f 935/1182/935 759/954/759 758/953/758 764/959/764
f 938/1185/938 937/1184/937 498/604/491 497/603/490
f 938/1185/938 497/603/490 939/1186/939 754/949/754
f 938/1185/938 754/949/754 753/948/753 759/954/759
f 939/1186/939 497/603/490 496/602/489 940/1187/940
f 939/1186/939 940/1187/940 491/596/483 490/595/482
f 939/1186/939 490/595/482 749/944/749 754/949/754
f 940/1187/940 496/602/489 502/608/495 706/882/706
f 940/1187/940 706/882/706 492/597/484 491/596/483
f 937/1184/937 936/1183/936 499/605/492 498/604/491
f 936/1183/936 941/1188/941 942/1189/942 499/605/492
f 936/1183/936 934/1181/934 933/1180/933 941/1188/941
f 942/1189/942 943/1190/943 944/1191/944 945/1192/945
f 942/1189/942 945/1192/945 500/606/493 499/605/492
f 942/1189/942 941/1188/941 946/1193/946 943/1190/943
f 946/1194/946 947/1195/947 948/1196/948 943/1197/943
f 946/1193/946 941/1188/941 933/1180/933 949/1198/949
f 946/1193/946 949/1198/949 950/1199/950 947/1200/947
f 950/1201/950 951/1202/951 952/1203/952 947/1195/947
f 950/1199/950 949/1198/949 930/1177/930 953/1204/953
f 950/1201/950 953/1205/953 954/1206/954 951/1202/951
f 954/1206/954 955/1207/955 956/1208/956 951/1202/951
f 954/1209/954 953/1210/953 927/1170/927 957/1211/957
f 954/1209/954 957/1211/957 958/1212/958 955/1213/955
f 958/1212/958 512/1214/506 507/1215/501 955/1213/955
f 958/1212/958 957/1211/957 924/1165/924 959/1216/959
f 958/1212/958 959/1216/959 960/1217/960 512/1214/506
f 960/1217/960 961/1218/961 510/1219/504 512/1214/506
f 960/1217/960 959/1216/959 921/1160/921 386/451/361
f 960/1217/960 386/451/361 382/450/357 961/1218/961
f 961/1220/961 382/442/357 381/441/356 962/1221/962
f 961/1222/961 962/1223/962 511/618/505 510/617/504
f 962/1221/962 381/441/356 963/1224/963 964/1225/964
f 962/1223/962 964/1226/964 965/1227/965 511/618/505
f 965/1227/965 966/1228/966 508/615/502 511/618/505
f 965/1227/965 964/1226/964 967/1229/967 968/1230/968
f 965/1227/965 968/1230/968 969/1231/969 966/1228/966
f 969/1231/969 970/1232/970 971/1233/971 966/1228/966
f 969/1234/969 968/1235/968 972/1236/972 973/1237/973
f 969/1231/969 973/1238/973 974/1239/974 970/1232/970
f 974/1239/974 975/1240/975 976/1241/976 970/1232/970
f 974/1242/974 973/1237/973 977/1243/977 978/1244/978
f 974/1242/974 978/1244/978 979/1245/979 975/1246/975
f 979/1245/979 421/1247/402 420/1248/401 975/1246/975
f 979/1245/979 978/1244/978 980/1249/980 415/493/395
f 979/1245/979 415/493/395 414/492/394 421/1247/402
f 980/1249/980 978/1244/978 977/1243/977 981/1250/981
f 980/1249/980 981/1250/981 982/1251/982 983/1252/983
f 980/1249/980 983/1252/983 416/494/396 415/493/395
f 983/1252/983 982/1251/982 984/1253/984 985/1254/985
f 983/1252/983 985/1254/985 417/1255/397 416/494/396
f 985/1254/985 984/1253/984 182/1256/127 181/1257/126
f 985/1258/985 181/169/126 185/173/130 417/1259/397
f 984/1253/984 982/1251/982 986/1260/986 987/1261/987
f 984/1262/984 987/1263/987 183/171/128 182/170/127
f 987/1261/987 986/1260/986 297/328/260 294/327/257
f 987/1263/987 294/322/257 293/321/256 183/171/128
f 986/1260/986 982/1251/982 981/1250/981 988/1264/988
f 986/1260/986 988/1264/988 989/1265/989 297/328/260
f 989/1265/989 988/1264/988 990/1266/990 991/1267/991
f 989/1265/989 991/1267/991 375/430/349 992/1268/992
f 989/1265/989 992/1268/992 295/324/258 297/328/260
f 992/1268/992 375/430/349 374/429/348 993/1269/993
f 992/1268/992 993/1269/993 296/325/259 295/324/258
f 993/1270/993 374/434/348 376/433/350 994/1271/994
f 993/1270/993 994/1271/994 995/1272/995 296/1273/259
f 995/1274/995 996/1275/996 292/320/255 296/1276/259
f 995/1272/995 994/1271/994 997/1277/997 998/1278/998
f 995/1274/995 998/1279/998 999/1280/999 996/1275/996
f 999/1280/999 112/56/43 1000/1281/1000 996/1275/996
f 999/1280/999 998/1279/998 1001/1282/1001 1002/1283/1002
f 999/1280/999 1002/1283/1002 6/53/40 112/56/43
f 1002/1284/1002 1001/1285/1001 1003/1286/1003 1004/1287/1004
f 1002/1284/1002 1004/1287/1004 113/1288/44 6/1289/40
f 1004/1287/1004 1003/1286/1003 1005/1290/1005 1006/1291/1006
f 1004/1287/1004 1006/1291/1006 1007/1292/1007 113/1288/44
f 1007/1293/1007 1008/1294/1008 107/46/36 113/58/44
f 1007/1293/1007 1006/1295/1006 1009/1296/1009 1010/1297/1010
f 1007/1293/1007 1010/1297/1010 1011/1298/1011 1008/1294/1008
f 1011/1298/1011 1012/1299/1012 1013/1300/1013 1008/1294/1008
f 1011/1298/1011 1010/1297/1010 1014/1301/1014 1015/1302/1015
f 1011/1298/1011 1015/1302/1015 1016/1303/1016 1012/1299/1012
f 1016/1303/1016 1017/1304/1017 1018/1305/1018 1012/1299/1012
f 1016/1303/1016 1015/1302/1015 154/130/93 1019/1306/1019
f 1016/1303/1016 1019/1306/1019 1020/1307/1020 1017/1304/1017
f 1020/1307/1020 1021/1308/1021 1022/1309/1022 1017/1304/1017
f 1020/1307/1020 1019/1306/1019 1023/1310/1023 1024/1311/1024
f 1020/1307/1020 1024/1311/1024 84/5/5 1021/1308/1021
f 1024/1311/1024 1023/1310/1023 1025/1312/1025 1026/1313/1026
f 1024/1311/1024 1026/1313/1026 85/6/6 84/5/5
f 1026/1314/1026 1025/1315/1025 1027/1316/1027 1028/1317/1028
f 1026/1314/1026 1028/1317/1028 1029/1318/1029 85/1319/6
f 1029/1318/1029 1030/1320/1030 80/1321/2 85/1319/6
f 1029/1318/1029 1028/1317/1028 1031/1322/1031 1032/1323/1032
f 1029/1318/1029 1032/1323/1032 1033/1324/1033 1030/1320/1030
f 1033/1324/1033 1032/1323/1032 165/145/106 164/144/105
f 1033/1324/1033 164/144/105 168/148/109 1034/1325/1034
f 1033/1326/1033 1034/1327/1034 1035/1328/1035 1030/1329/1030
f 1035/1328/1035 1034/1327/1034 1036/1330/1036 1037/1331/1037
f 1035/1328/1035 1037/1331/1037 886/1332/886 81/3/3
f 1035/1328/1035 81/3/3 80/2/2 1030/1329/1030
f 1037/1331/1037 1036/1330/1036 1038/1333/1038 889/1334/889
f 1037/1331/1037 889/1334/889 887/1335/887 886/1332/886
f 1038/1333/1038 1036/1330/1036 1039/1336/1039 1040/1337/1040
f 1038/1338/1038 1040/1339/1040 894/1121/894 892/1119/892
f 1038/1338/1038 892/1119/892 890/1117/890 889/1116/889
f 1040/1337/1040 1039/1336/1039 1041/1340/1041 1042/1341/1042
f 1040/1339/1040 1042/1342/1042 276/302/237 894/1121/894
f 1042/1343/1042 1041/1344/1041 1043/1345/1043 1044/1346/1044
f 1042/1342/1042 1044/1347/1044 277/303/238 276/302/237
f 1044/1346/1044 1043/1345/1043 1045/1348/1045 1046/1349/1046
f 1044/1346/1044 1046/1349/1046 280/1350/241 277/1351/238
f 1046/1349/1046 1045/1348/1045 1047/1352/1047 1048/1353/1048
f 1046/1349/1046 1048/1353/1048 225/1354/179 280/1350/241
f 1048/1353/1048 1047/1352/1047 1049/1355/1049 1050/1356/1050
f 1048/1353/1048 1050/1356/1050 220/1357/174 225/1354/179
f 1050/1358/1050 1049/1359/1049 1051/1360/1051 1052/1361/1052
f 1050/1358/1050 1052/1361/1052 221/234/175 220/233/174
f 1052/1361/1052 1051/1360/1051 1053/1362/1053 901/1130/901
f 1052/1361/1052 901/1130/901 899/1127/899 221/234/175
f 1053/1363/1053 1051/1364/1051 1054/1365/1054 1055/1366/1055
f 1053/1363/1053 1055/1366/1055 152/126/91 151/125/90
f 1053/1362/1053 151/135/90 157/134/96 901/1130/901
f 1055/1366/1055 1027/1316/1027 1025/1315/1025 152/126/91
f 1055/1366/1055 1054/1365/1054 1056/1367/1056 1027/1316/1027
f 1056/1367/1056 1031/1322/1031 1028/1317/1028 1027/1316/1027
f 1056/1367/1056 1054/1365/1054 171/152/113 170/151/112
f 1056/1367/1056 170/151/112 175/156/117 1031/1322/1031
f 1054/1365/1054 1051/1364/1051 1049/1368/1049 171/152/113
f 1049/1368/1049 1047/1369/1047 172/153/114 171/152/113
f 1047/1352/1047 1045/1348/1045 173/1370/115 172/1371/114
f 1045/1348/1045 1043/1345/1043 169/1372/110 173/1370/115
f 1043/1345/1043 1041/1344/1041 167/1373/108 169/1372/110
f 1041/1340/1041 1039/1336/1039 168/1374/109 167/1375/108
f 1039/1336/1039 1036/1330/1036 1034/1327/1034 168/1374/109
f 1032/1323/1032 1031/1322/1031 175/156/117 165/145/106
f 1025/1312/1025 1023/1310/1023 153/129/92 152/1376/91
f 1023/1310/1023 1019/1306/1019 154/130/93 153/129/92
f 1022/1309/1022 1057/1377/1057 1058/1378/1058 1059/1379/1059
f 1022/1309/1022 1059/1379/1059 1018/1305/1018 1017/1304/1017
f 1022/1309/1022 1021/1308/1021 881/1102/881 1057/1377/1057
f 1059/1379/1059 1058/1378/1058 1060/1380/1060 1061/1381/1061
f 1059/1379/1059 1061/1381/1061 1062/1382/1062 1018/1305/1018
f 1062/1382/1062 1061/1381/1061 1063/1383/1063 1064/1384/1064
f 1062/1382/1062 1064/1384/1064 108/47/37 1013/1300/1013
f 1062/1382/1062 1013/1300/1013 1012/1299/1012 1018/1305/1018
f 1064/1384/1064 1063/1383/1063 120/71/53 117/66/49
f 1064/1384/1064 117/66/49 109/48/38 108/47/37
f 1063/1383/1063 122/79/57 121/72/54 120/71/53
f 1063/1385/1063 1061/1386/1061 1060/1387/1060 122/1388/57
f 1060/1387/1060 1065/1389/1065 123/1390/58 122/1388/57
f 1060/1380/1060 1058/1378/1058 1066/1391/1066 1065/1392/1065
f 1066/1393/1066 1067/1394/1067 1068/1395/1068 1065/1396/1065
f 1066/1391/1066 1058/1378/1058 1057/1377/1057 878/1098/878
f 1066/1391/1066 878/1098/878 876/1097/876 1067/1397/1067
f 1068/1398/1068 1069/1399/1069 1070/1400/1070 124/1401/59
f 1068/1398/1068 124/1401/59 123/1390/58 1065/1389/1065
f 1068/1395/1068 1067/1394/1067 1071/1402/1071 1069/1403/1069
f 1071/1402/1071 1072/1404/1072 1073/1405/1073 1069/1403/1069
f 1071/1402/1071 1067/1394/1067 876/1094/876 874/1092/874
f 1071/1402/1071 874/1092/874 873/1091/873 1072/1404/1072
f 1073/1405/1073 1074/1406/1074 93/24/18 1075/1407/1075
f 1073/1405/1073 1075/1407/1075 1070/1408/1070 1069/1403/1069
f 1073/1405/1073 1072/1404/1072 1076/1409/1076 1074/1406/1074
f 1076/1409/1076 1077/1410/1077 1078/1411/1078 1074/1406/1074
f 1076/1409/1076 1072/1404/1072 873/1091/873 872/1090/872
f 1076/1409/1076 872/1090/872 1079/1412/1079 1077/1410/1077
f 1079/1412/1079 428/515/410 1080/1413/1080 1077/1410/1077
f 1079/1412/1079 872/1090/872 870/1088/870 869/1087/869
f 1079/1412/1079 869/1087/869 429/516/411 428/515/410
f 1080/1413/1080 1081/1414/1081 1082/1415/1082 1083/1416/1083
f 1080/1413/1080 1083/1416/1083 1078/1411/1078 1077/1410/1077
f 1080/1413/1080 428/515/410 427/514/409 1081/1414/1081
f 1083/1416/1083 1082/1415/1082 1084/1417/1084 89/16/13
f 1083/1416/1083 89/16/13 88/15/12 1078/1411/1078
f 1084/1417/1084 1082/1415/1082 1085/1418/1085 1086/1419/1086
f 1084/1417/1084 1086/1419/1086 1087/1420/1087 434/522/417
f 1084/1417/1084 434/522/417 90/17/14 89/16/13
f 1087/1420/1087 1086/1419/1086 1088/1421/1088 1089/1422/1089
f 1087/1420/1087 1089/1422/1089 1090/1423/1090 1091/1424/1091
f 1087/1420/1087 1091/1424/1091 435/523/418 434/522/417
f 1091/1424/1091 1090/1423/1090 1092/1425/1092 1093/1426/1093
f 1091/1424/1091 1093/1426/1093 1094/1427/1094 435/523/418
f 1094/1427/1094 1095/1428/1095 302/340/265 435/523/418
f 1094/1427/1094 1093/1426/1093 424/506/405 423/505/404
f 1094/1427/1094 423/505/404 1096/1429/1096 1095/1428/1095
f 1096/1429/1096 1097/1430/1097 1098/1431/1098 1095/1428/1095
f 1096/1429/1096 423/505/404 422/504/403 419/499/399
f 1096/1429/1096 419/499/399 418/498/398 1097/1430/1097
f 1098/1431/1098 180/1432/124 179/1433/123 301/341/264
f 1098/1431/1098 301/341/264 302/340/265 1095/1428/1095
f 1098/1431/1098 1097/1430/1097 185/1434/130 180/1432/124
f 1097/1430/1097 418/498/398 417/497/397 185/1434/130
f 1093/1426/1093 1092/1425/1092 425/507/406 424/506/405
f 1092/1435/1092 1090/1436/1090 1099/1437/1099 1100/1438/1100
f 1092/1435/1092 1100/1438/1100 976/1241/976 425/1439/406
f 1100/1438/1100 1099/1437/1099 509/616/503 971/1233/971
f 1100/1438/1100 971/1233/971 970/1232/970 976/1241/976
f 1099/1437/1099 1090/1436/1090 1089/1440/1089 1101/1441/1101
f 1099/1437/1099 1101/1441/1101 503/610/497 509/616/503
f 1101/1442/1101 1089/1422/1089 1088/1421/1088 1102/1443/1102
f 1101/1441/1101 1102/1444/1102 504/611/498 503/610/497
f 1102/1444/1102 1088/1445/1088 1103/1446/1103 1104/1447/1104
f 1102/1444/1102 1104/1447/1104 1105/1448/1105 504/611/498
f 1105/1448/1105 1104/1447/1104 1106/1449/1106 1107/1450/1107
f 1105/1448/1105 1107/1450/1107 1108/1451/1108 1109/1452/1109
f 1105/1448/1105 1109/1452/1109 505/612/499 504/611/498
f 1109/1452/1109 1108/1451/1108 1110/1453/1110 1111/1454/1111
f 1109/1452/1109 1111/1454/1111 506/613/500 505/612/499
f 1111/1454/1111 1110/1453/1110 1112/1455/1112 1113/1456/1113
f 1111/1454/1111 1113/1456/1113 956/1208/956 506/613/500
f 1113/1456/1113 1112/1455/1112 1114/1457/1114 952/1203/952
f 1113/1456/1113 952/1203/952 951/1202/951 956/1208/956
f 1114/1457/1114 1112/1455/1112 1115/1458/1115 1116/1459/1116
f 1114/1457/1114 1116/1459/1116 1117/1460/1117 948/1196/948
f 1114/1457/1114 948/1196/948 947/1195/947 952/1203/952
f 1117/1460/1117 1116/1459/1116 1118/1461/1118 1119/1462/1119
f 1117/1460/1117 1119/1462/1119 1120/1463/1120 944/1464/944
f 1117/1460/1117 944/1464/944 943/1197/943 948/1196/948
f 1120/1463/1120 1119/1462/1119 1121/1465/1121 1122/1466/1122
f 1120/1463/1120 1122/1466/1122 1123/1467/1123 1124/1468/1124
f 1120/1469/1120 1124/1470/1124 945/1192/945 944/1191/944
f 1124/1470/1124 1123/1471/1123 544/656/542 1125/1472/1125
f 1124/1470/1124 1125/1472/1125 500/606/493 945/1192/945
f 1125/1472/1125 544/656/542 543/655/541 1126/1473/1126
f 1125/1472/1125 1126/1473/1126 72/601/488 500/606/493
f 1126/1474/1126 710/894/710 501/890/494 72/1475/488
f 1126/1474/1126 543/661/541 545/660/543 710/894/710
f 1123/1467/1123 1122/1466/1122 1127/1476/1127 1128/1477/1128
f 1123/1471/1123 1128/1478/1128 536/657/534 544/656/542
f 1128/1477/1128 1127/1476/1127 1129/1479/1129 1130/1480/1130
f 1128/1481/1128 1130/1482/1130 537/648/535 536/647/534
f 1130/1482/1130 1129/1483/1129 1131/1484/1131 1132/1485/1132
f 1130/1482/1130 1132/1485/1132 1133/1486/1133 537/648/535
f 1133/1486/1133 1132/1485/1132 1134/1487/1134 1135/1488/1135
f 1133/1486/1133 1135/1488/1135 1136/1489/1136 1137/1490/1137
f 1133/1486/1133 1137/1490/1137 538/649/536 537/648/535
f 1137/1490/1137 1136/1489/1136 1138/1491/1138 1139/1492/1139
f 1137/1490/1137 1139/1492/1139 539/650/537 538/649/536
f 1139/1492/1139 1138/1491/1138 1140/1493/1140 1141/1494/1141
f 1139/1492/1139 1141/1494/1141 1142/1495/1142 539/650/537
f 1142/1495/1142 1141/1494/1141 1143/1496/1143 1144/1497/1144
f 1142/1495/1142 1144/1497/1144 1145/1498/1145 1146/1499/1146
f 1142/1495/1142 1146/1499/1146 540/651/538 539/650/537
f 1146/1499/1146 1145/1498/1145 717/902/717 715/900/715
f 1146/1499/1146 715/900/715 541/652/539 540/651/538
f 1145/1500/1145 1144/1501/1144 1147/1502/1147 1148/1503/1148
f 1145/1498/1145 1148/1504/1148 719/904/719 717/902/717
f 1148/1503/1148 1147/1502/1147 1149/1505/1149 1150/1506/1150
f 1148/1503/1148 1150/1506/1150 721/1507/721 719/1508/719
f 1150/1509/1150 1149/1510/1149 529/639/526 1151/1511/1151
f 1150/1506/1150 1151/1512/1151 723/1513/723 721/1507/721
f 1151/1512/1151 529/1514/526 528/1515/525 1152/1516/1152
f 1151/1512/1151 1152/1516/1152 725/1517/725 723/1513/723
f 1152/1516/1152 528/1515/525 532/1518/529 1153/1519/1153
f 1152/1516/1152 1153/1519/1153 727/916/727 725/1517/725
f 1153/1519/1153 532/1518/529 1154/1520/1154 1155/1521/1155
f 1153/1519/1153 1155/1521/1155 729/917/729 727/916/727
f 1155/1521/1155 1154/1520/1154 737/932/737 735/930/735
f 1155/1521/1155 735/930/735 731/922/731 729/917/729
f 1154/1520/1154 532/1518/529 531/1522/528 1156/1523/1156
f 1154/1520/1154 1156/1523/1156 1157/1524/1157 737/932/737
f 1157/1525/1157 1156/1526/1156 1158/1527/1158 1159/1528/1159
f 1157/1525/1157 1159/1528/1159 1160/1529/1160 740/1530/740
f 1157/1524/1157 740/935/740 738/933/738 737/932/737
f 1160/1529/1160 1159/1528/1159 1161/1531/1161 1162/1532/1162
f 1160/1529/1160 1162/1532/1162 1163/1533/1163 1164/1534/1164
f 1160/1529/1160 1164/1534/1164 741/1535/741 740/1530/740
f 1164/1534/1164 1163/1533/1163 1165/1536/1165 1166/1537/1166
f 1164/1534/1164 1166/1537/1166 742/1538/742 741/1535/741
f 1166/1537/1166 1165/1536/1165 1167/1539/1167 1168/1540/1168
f 1166/1537/1166 1168/1540/1168 744/1541/744 742/1538/742
f 1168/1540/1168 1167/1539/1167 1169/1542/1169 1170/1543/1170
f 1168/1540/1168 1170/1543/1170 746/1544/746 744/1541/744
f 1170/1543/1170 1169/1542/1169 1171/1545/1171 1172/1546/1172
f 1170/1547/1170 1172/1548/1172 1173/1549/1173 746/1550/746
f 1173/1549/1173 750/1551/750 747/1552/747 746/1550/746
f 1173/1549/1173 1172/1548/1172 1174/1553/1174 1175/1554/1175
f 1173/1549/1173 1175/1554/1175 1176/1555/1176 750/1551/750
f 1176/1555/1176 755/1556/755 751/1557/751 750/1551/750
f 1176/1555/1176 1175/1554/1175 1177/1558/1177 1178/1559/1178
f 1176/1555/1176 1178/1559/1178 1179/1560/1179 755/1556/755
f 1179/1560/1179 760/1561/760 756/1562/756 755/1556/755
f 1179/1560/1179 1178/1559/1178 1180/1563/1180 1181/1564/1181
f 1179/1560/1179 1181/1564/1181 1182/1565/1182 760/1561/760
f 1182/1565/1182 765/1566/765 761/1567/761 760/1561/760
f 1182/1565/1182 1181/1564/1181 1183/1568/1183 1184/1569/1184
f 1182/1565/1182 1184/1569/1184 1185/1570/1185 765/1566/765
f 1185/1571/1185 770/967/770 766/966/766 765/1572/765
f 1185/1571/1185 1184/1573/1184 1186/1574/1186 1187/1575/1187
f 1185/1571/1185 1187/1575/1187 1188/1576/1188 770/967/770
f 1188/1576/1188 775/973/775 771/968/771 770/967/770
f 1188/1576/1188 1187/1575/1187 1189/1577/1189 1190/1578/1190
f 1188/1576/1188 1190/1578/1190 407/484/386 775/973/775
f 1190/1578/1190 1189/1577/1189 1191/1579/1191 1192/1580/1192
f 1190/1578/1190 1192/1580/1192 408/485/387 407/484/386
f 1192/1580/1192 1191/1579/1191 1193/1581/1193 1194/1582/1194
f 1192/1580/1192 1194/1582/1194 1195/1583/1195 408/485/387
f 1195/1583/1195 1196/1584/1196 1197/1585/1197 1198/1586/1198
f 1195/1583/1195 1198/1586/1198 409/486/388 408/485/387
f 1195/1583/1195 1194/1582/1194 1199/1587/1199 1196/1584/1196
f 1199/1588/1199 1200/1589/1200 1201/1590/1201 1196/1591/1196
f 1199/1587/1199 1194/1582/1194 1193/1581/1193 1202/1592/1202
f 1199/1588/1199 1202/1593/1202 1203/1594/1203 1200/1589/1200
f 1203/1594/1203 1204/1595/1204 1205/1596/1205 1200/1589/1200
f 1203/1594/1203 1202/1593/1202 251/1597/208 1206/1598/1206
f 1203/1594/1203 1206/1598/1206 1207/1599/1207 1204/1595/1204
f 1207/1599/1207 1208/1600/1208 1209/1601/1209 1204/1595/1204
f 1207/1599/1207 1206/1598/1206 1210/1602/1210 1211/1603/1211
f 1207/1599/1207 1211/1603/1211 1212/1604/1212 1208/1600/1208
f 1212/1604/1212 1213/1605/1213 1214/1606/1214 1208/1600/1208
f 1212/1604/1212 1211/1603/1211 1215/1607/1215 1216/1608/1216
f 1212/1609/1212 1216/1610/1216 1217/1611/1217 1213/1612/1213
f 1217/1611/1217 1218/1613/1218 1219/1614/1219 1213/1612/1213
f 1217/1611/1217 1216/1610/1216 1220/1615/1220 1221/1616/1221
f 1217/1611/1217 1221/1616/1221 1222/1617/1222 1218/1613/1218
f 1222/1617/1222 1223/1618/1223 149/120/87 1218/1613/1218
f 1222/1617/1222 1221/1616/1221 1224/1619/1224 1225/1620/1225
f 1222/1617/1222 1225/1620/1225 1226/1621/1226 1223/1618/1223
f 1226/1621/1226 1227/1622/1227 1228/1623/1228 1223/1618/1223
f 1226/1621/1226 1225/1620/1225 1229/1624/1229 1230/1625/1230
f 1226/1621/1226 1230/1625/1230 1231/1626/1231 1227/1622/1227
f 1231/1627/1231 1232/1628/1232 1233/1629/1233 1227/1630/1227
f 1231/1627/1231 1230/1631/1230 1234/1632/1234 219/230/172
f 1231/1627/1231 219/230/172 216/225/169 1232/1628/1232
f 1234/1633/1234 1230/1625/1230 1229/1624/1229 1235/1634/1235
f 1234/1635/1234 1235/1636/1235 1236/1637/1236 1237/1638/1237
f 1234/1635/1234 1237/1638/1237 217/227/170 219/1639/172
f 1237/1638/1237 1236/1637/1236 1238/1640/1238 1239/1641/1239
f 1237/1638/1237 1239/1641/1239 218/228/171 217/227/170
f 1239/1641/1239 1238/1640/1238 1240/1642/1240 1241/1643/1241
f 1239/1641/1239 1241/1643/1241 1242/1644/1242 218/228/171
f 1242/1644/1242 1243/1645/1243 214/229/167 218/228/171
f 1242/1644/1242 1241/1643/1241 1244/1646/1244 1245/1647/1245
f 1242/1644/1242 1245/1647/1245 1246/1648/1246 1243/1645/1243
f 1246/1649/1246 209/214/161 1247/1650/1247 1243/1651/1243
f 1246/1652/1246 1245/1653/1245 1248/1654/1248 1249/1655/1249
f 1246/1652/1246 1249/1655/1249 210/217/162 209/1656/161
f 1249/1655/1249 1248/1654/1248 1250/1657/1250 1251/1658/1251
f 1249/1655/1249 1251/1658/1251 211/218/163 210/217/162
f 1251/1658/1251 1250/1657/1250 253/273/211 252/272/210
f 1251/1658/1251 252/272/210 257/277/215 211/218/163
f 1250/1657/1250 1248/1654/1248 1252/1659/1252 1253/1660/1253
f 1250/1657/1250 1253/1660/1253 1254/1661/1254 253/273/211
f 1254/1661/1254 1253/1660/1253 1255/1662/1255 1256/1663/1256
f 1254/1661/1254 1256/1663/1256 1257/1664/1257 1258/1665/1258
f 1254/1661/1254 1258/1665/1258 254/274/212 253/273/211
f 1258/1665/1258 1257/1664/1257 1259/1666/1259 1260/1667/1260
f 1258/1665/1258 1260/1667/1260 255/275/213 254/274/212
f 1260/1667/1260 1259/1666/1259 1261/1668/1261 1262/1669/1262
f 1260/1667/1260 1262/1669/1262 1263/1670/1263 255/275/213
f 1263/1670/1263 1264/1671/1264 256/276/214 255/275/213
f 1263/1672/1263 1262/1673/1262 1265/1674/1265 1266/1675/1266
f 1263/1670/1263 1266/1676/1266 1267/1677/1267 1264/1671/1264
f 1267/1678/1267 1268/1679/1268 1269/1680/1269 1264/1681/1264
f 1267/1682/1267 1266/1675/1266 1270/1683/1270 1271/1684/1271
f 1267/1685/1267 1271/1686/1271 1272/1687/1272 1268/1688/1268
f 1272/1687/1272 1273/1689/1273 213/221/165 1268/1688/1268
f 1272/1687/1272 1271/1686/1271 1274/1690/1274 1275/1691/1275
f 1272/1687/1272 1275/1691/1275 1276/1692/1276 1273/1689/1273
f 1276/1692/1276 1275/1691/1275 1277/1693/1277 1233/1629/1233
f 1276/1692/1276 1233/1629/1233 1232/1628/1232 1278/1694/1278
f 1276/1692/1276 1278/1694/1278 1279/1695/1279 1273/1689/1273
f 1279/1695/1279 208/213/160 213/221/165 1273/1689/1273
f 1279/1695/1279 1278/1694/1278 215/224/168 1247/1650/1247
f 1279/1695/1279 1247/1650/1247 209/214/161 208/213/160
f 1278/1694/1278 1232/1628/1232 216/225/169 215/224/168
f 1277/1693/1277 1275/1691/1275 1274/1690/1274 146/1696/84
f 1277/1693/1277 146/1696/84 145/1697/83 1228/1698/1228
f 1277/1693/1277 1228/1698/1228 1227/1630/1227 1233/1629/1233
f 1274/1699/1274 1271/1684/1271 1270/1683/1270 1280/1700/1280
f 1274/1699/1274 1280/1700/1280 147/117/85 146/116/84
f 1280/1700/1280 1270/1683/1270 1281/1701/1281 1282/1702/1282
f 1280/1700/1280 1282/1702/1282 150/122/88 147/117/85
f 1282/1702/1282 1281/1701/1281 1283/1703/1283 1284/1704/1284
f 1282/1702/1282 1284/1704/1284 1285/1705/1285 150/122/88
f 1285/1705/1285 1284/1704/1284 1286/1706/1286 1214/1606/1214
f 1285/1705/1285 1214/1606/1214 1213/1605/1213 1219/1707/1219
f 1285/1705/1285 1219/1707/1219 148/123/86 150/122/88
f 1286/1706/1286 1284/1704/1284 1283/1703/1283 1287/1708/1287
f 1286/1706/1286 1287/1708/1287 1288/1709/1288 1209/1601/1209
f 1286/1706/1286 1209/1601/1209 1208/1600/1208 1214/1606/1214
f 1288/1709/1288 1287/1708/1287 1289/1710/1289 1290/1711/1290
f 1288/1709/1288 1290/1711/1290 1291/1712/1291 1205/1596/1205
f 1288/1709/1288 1205/1596/1205 1204/1595/1204 1209/1601/1209
f 1291/1713/1291 1290/1714/1290 1292/1715/1292 1293/1716/1293
f 1291/1713/1291 1293/1716/1293 1294/1717/1294 1201/1718/1201
f 1291/1712/1291 1201/1590/1201 1200/1589/1200 1205/1596/1205
f 1294/1717/1294 1293/1716/1293 1295/1719/1295 1296/1720/1296
f 1294/1717/1294 1296/1720/1296 1297/1721/1297 1197/1722/1197
f 1294/1717/1294 1197/1722/1197 1196/1723/1196 1201/1718/1201
f 1297/1721/1297 1296/1720/1296 1298/1724/1298 1299/1725/1299
f 1297/1721/1297 1299/1725/1299 1300/1726/1300 1301/1727/1301
f 1297/1721/1297 1301/1727/1301 1198/1728/1198 1197/1722/1197
f 1301/1727/1301 1300/1726/1300 1302/1729/1302 410/1730/389
f 1301/1731/1301 410/487/389 409/486/388 1198/1586/1198
f 1302/1729/1302 1300/1726/1300 1303/1732/1303 1304/1733/1304
f 1302/1729/1302 1304/1733/1304 1305/1734/1305 1306/1735/1306
f 1302/1736/1302 1306/1737/1306 411/488/390 410/487/389
f 1306/1737/1306 1307/1738/1307 412/489/391 411/488/390
f 1306/1737/1306 1305/1739/1305 1308/1740/1308 1307/1738/1307
f 1308/1740/1308 1309/1741/1309 787/1742/787 1307/1738/1307
f 1308/1740/1308 1305/1739/1305 1310/1743/1310 1311/1744/1311
f 1308/1745/1308 1311/1746/1311 1312/1747/1312 1309/1748/1309
f 1312/1747/1312 1313/1749/1313 792/993/792 1309/1748/1309
f 1312/1747/1312 1311/1746/1311 1314/1750/1314 1315/1751/1315
f 1312/1747/1312 1315/1751/1315 1316/1752/1316 1313/1749/1313
f 1316/1752/1316 1317/1753/1317 797/998/797 1313/1749/1313
f 1316/1752/1316 1315/1751/1315 1318/1754/1318 1319/1755/1319
f 1316/1752/1316 1319/1755/1319 1320/1756/1320 1317/1753/1317
f 1320/1756/1320 1321/1757/1321 802/1003/802 1317/1753/1317
f 1320/1756/1320 1319/1755/1319 1322/1758/1322 1323/1759/1323
f 1320/1756/1320 1323/1759/1323 1324/1760/1324 1321/1757/1321
f 1324/1760/1324 1325/1761/1325 807/1008/807 1321/1757/1321
f 1324/1760/1324 1323/1759/1323 1326/1762/1326 1327/1763/1327
f 1324/1760/1324 1327/1763/1327 1328/1764/1328 1325/1761/1325
f 1328/1764/1328 1329/1765/1329 812/1013/812 1325/1761/1325
f 1328/1764/1328 1327/1763/1327 1330/1766/1330 1331/1767/1331
f 1328/1764/1328 1331/1767/1331 1332/1768/1332 1329/1765/1329
f 1332/1768/1332 1333/1769/1333 817/1018/817 1329/1765/1329
f 1332/1768/1332 1331/1767/1331 1334/1770/1334 1335/1771/1335
f 1332/1772/1332 1335/1773/1335 1336/1774/1336 1333/1775/1333
f 1336/1774/1336 822/1026/822 820/1024/820 1333/1775/1333
f 1336/1774/1336 1335/1773/1335 1337/1776/1337 1338/1777/1338
f 1336/1774/1336 1338/1777/1338 1339/1778/1339 822/1026/822
f 1339/1778/1339 826/1030/826 823/1027/823 822/1026/822
f 1339/1778/1339 1338/1777/1338 1340/1779/1340 1341/1780/1341
f 1339/1778/1339 1341/1780/1341 1342/1781/1342 826/1030/826
f 1342/1781/1342 451/541/436 827/1031/827 826/1030/826
f 1342/1781/1342 1341/1780/1341 1343/1782/1343 1344/1783/1344
f 1342/1781/1342 1344/1783/1344 449/539/434 451/541/436
f 1344/1783/1344 1343/1782/1343 1345/1784/1345 1346/1785/1346
f 1344/1783/1344 1346/1785/1346 450/540/435 449/539/434
f 1346/1785/1346 1345/1784/1345 1347/1786/1347 1348/1787/1348
f 1346/1785/1346 1348/1787/1348 1349/1788/1349 450/540/435
f 1349/1788/1349 1350/1789/1350 445/535/430 450/540/435
f 1349/1788/1349 1348/1787/1348 1351/1790/1351 1352/1791/1352
f 1349/1788/1349 1352/1791/1352 1353/1792/1353 1350/1789/1350
f 1353/1792/1353 1354/1793/1354 1355/1794/1355 1350/1789/1350
f 1353/1795/1353 1352/1796/1352 1356/1797/1356 433/520/415
f 1353/1795/1353 433/520/415 432/519/414 1354/1798/1354
f 1356/1799/1356 1352/1800/1352 1351/1801/1351 1357/1802/1357
f 1356/1799/1356 1357/1802/1357 1358/1803/1358 1359/1804/1359
f 1356/1797/1356 1359/1805/1359 61/513/408 433/520/415
f 1359/1805/1359 1358/1806/1358 1360/1807/1360 1361/1808/1361
f 1359/1805/1359 1361/1808/1361 427/514/409 61/513/408
f 1361/1808/1361 1360/1807/1360 1362/1809/1362 1363/1810/1363
f 1361/1808/1361 1363/1810/1363 1081/1414/1081 427/514/409
f 1363/1810/1363 1362/1809/1362 1103/1811/1103 1085/1418/1085
f 1363/1810/1363 1085/1418/1085 1082/1415/1082 1081/1414/1081
f 1362/1812/1362 1360/1813/1360 1364/1814/1364 1106/1449/1106
f 1362/1812/1362 1106/1449/1106 1104/1447/1104 1103/1446/1103
f 1364/1814/1364 1360/1813/1360 1358/1803/1358 1365/1815/1365
f 1364/1814/1364 1365/1815/1365 1366/1816/1366 1367/1817/1367
f 1364/1814/1364 1367/1817/1367 1107/1450/1107 1106/1449/1106
f 1367/1817/1367 1366/1816/1366 1368/1818/1368 1369/1819/1369
f 1367/1817/1367 1369/1819/1369 1108/1451/1108 1107/1450/1107
f 1369/1819/1369 1368/1818/1368 1370/1820/1370 1371/1821/1371
f 1369/1819/1369 1371/1821/1371 1110/1453/1110 1108/1451/1108
f 1371/1821/1371 1370/1820/1370 1372/1822/1372 1115/1458/1115
f 1371/1821/1371 1115/1458/1115 1112/1455/1112 1110/1453/1110
f 1372/1822/1372 1370/1820/1370 1373/1823/1373 1374/1824/1374
f 1372/1822/1372 1374/1824/1374 1375/1825/1375 1118/1461/1118
f 1372/1822/1372 1118/1461/1118 1116/1459/1116 1115/1458/1115
f 1375/1825/1375 1374/1824/1374 1376/1826/1376 1377/1827/1377
f 1375/1825/1375 1377/1827/1377 1378/1828/1378 1121/1465/1121
f 1375/1825/1375 1121/1465/1121 1119/1462/1119 1118/1461/1118
f 1378/1828/1378 1377/1827/1377 1379/1829/1379 1380/1830/1380
f 1378/1828/1378 1380/1830/1380 1129/1479/1129 1127/1476/1127
f 1378/1828/1378 1127/1476/1127 1122/1466/1122 1121/1465/1121
f 1380/1830/1380 1379/1829/1379 1381/1831/1381 1382/1832/1382
f 1380/1830/1380 1382/1832/1382 1131/1833/1131 1129/1479/1129
f 1382/1832/1382 1381/1831/1381 1383/1834/1383 1384/1835/1384
f 1382/1832/1382 1384/1835/1384 1385/1836/1385 1131/1833/1131
f 1385/1836/1385 1384/1835/1384 1386/1837/1386 1387/1838/1387
f 1385/1839/1385 1387/1840/1387 1388/1841/1388 1134/1487/1134
f 1385/1839/1385 1134/1487/1134 1132/1485/1132 1131/1484/1131
f 1388/1841/1388 1387/1840/1387 1389/1842/1389 1390/1843/1390
f 1388/1841/1388 1390/1843/1390 1391/1844/1391 1392/1845/1392
f 1388/1841/1388 1392/1845/1392 1135/1488/1135 1134/1487/1134
f 1392/1845/1392 1391/1844/1391 1393/1846/1393 1394/1847/1394
f 1392/1845/1392 1394/1847/1394 1136/1489/1136 1135/1488/1135
f 1394/1847/1394 1393/1846/1393 1395/1848/1395 1396/1849/1396
f 1394/1847/1394 1396/1849/1396 1138/1491/1138 1136/1489/1136
f 1396/1849/1396 1395/1848/1395 1397/1850/1397 1398/1851/1398
f 1396/1849/1396 1398/1851/1398 1140/1493/1140 1138/1491/1138
f 1398/1851/1398 1397/1850/1397 1399/1852/1399 1400/1853/1400
f 1398/1851/1398 1400/1853/1400 1401/1854/1401 1140/1493/1140
f 1401/1854/1401 1400/1853/1400 1402/1855/1402 1403/1856/1403
f 1401/1854/1401 1403/1856/1403 1404/1857/1404 1143/1496/1143
f 1401/1854/1401 1143/1496/1143 1141/1494/1141 1140/1493/1140
f 1404/1857/1404 1403/1856/1403 355/407/326 1405/1858/1405
f 1404/1857/1404 1405/1858/1405 1149/1510/1149 1147/1859/1147
f 1404/1857/1404 1147/1859/1147 1144/1497/1144 1143/1496/1143
f 1405/1858/1405 355/407/326 349/401/320 530/640/527
f 1405/1858/1405 530/640/527 529/639/526 1149/1510/1149
f 1403/1856/1403 1402/1855/1402 352/404/323 355/407/326
f 1402/1855/1402 1400/1853/1400 1399/1852/1399 1406/1860/1406
f 1402/1855/1402 1406/1860/1406 353/405/324 352/404/323
f 1406/1860/1406 1399/1852/1399 1407/1861/1407 1408/1862/1408
f 1406/1860/1406 1408/1862/1408 357/410/329 353/405/324
f 1408/1862/1408 1407/1861/1407 1409/1863/1409 1410/1864/1410
f 1408/1862/1408 1410/1864/1410 1411/1865/1411 357/410/329
f 1411/1865/1411 1410/1864/1410 1412/1866/1412 1413/1867/1413
f 1411/1865/1411 1413/1867/1413 1414/1868/1414 1415/1869/1415
f 1411/1865/1411 1415/1869/1415 49/409/328 357/410/329
f 1415/1869/1415 1414/1868/1414 1416/1870/1416 1417/1871/1417
f 1415/1869/1415 1417/1871/1417 358/411/330 49/409/328
f 1417/1871/1417 1416/1870/1416 1418/1872/1418 1419/1873/1419
f 1417/1871/1417 1419/1873/1419 1420/1874/1420 358/411/330
f 1420/1874/1420 1419/1873/1419 289/1875/251 288/1876/250
f 1420/1877/1420 288/315/250 291/318/253 1421/1878/1421
f 1420/1874/1420 1421/1879/1421 359/412/331 358/411/330
f 1421/1878/1421 291/318/253 283/1880/244 282/1881/243
f 1421/1878/1421 282/1881/243 1422/1882/1422 359/1883/331
f 1422/1884/1422 1423/1885/1423 360/413/332 359/412/331
f 1422/1886/1422 282/308/243 281/307/242 1424/1887/1424
f 1422/1886/1422 1424/1887/1424 1425/1888/1425 1423/1889/1423
f 1425/1888/1425 345/1890/315 1426/1891/1426 1423/1889/1423
f 1425/1888/1425 1424/1887/1424 1427/1892/1427 1428/1893/1428
f 1425/1894/1425 1428/1895/1428 341/389/311 345/393/315
f 1428/1895/1428 1427/1896/1427 1429/1897/1429 1430/1898/1430
f 1428/1895/1428 1430/1898/1430 342/390/312 341/389/311
f 1430/1898/1430 1429/1897/1429 1431/1899/1431 1432/1900/1432
f 1430/1898/1430 1432/1900/1432 405/482/383 342/390/312
f 1432/1900/1432 1431/1899/1431 1433/1901/1433 1434/1902/1434
f 1432/1900/1432 1434/1902/1434 406/1903/384 405/482/383
f 1434/1904/1434 1433/1905/1433 1435/1906/1435 1436/1907/1436
f 1434/1904/1434 1436/1907/1436 1437/1908/1437 406/1909/384
f 1437/1910/1437 1438/1911/1438 404/476/382 406/1912/384
f 1437/1908/1437 1436/1907/1436 1439/1913/1439 1440/1914/1440
f 1437/1915/1437 1440/1916/1440 1441/1917/1441 1438/1918/1438
f 1441/1917/1441 351/403/322 1442/1919/1442 1438/1918/1438
f 1441/1917/1441 1440/1916/1440 1443/1920/1443 1444/1921/1444
f 1441/1917/1441 1444/1921/1444 347/399/318 351/403/322
f 1444/1921/1444 1443/1920/1443 1445/1922/1445 535/645/532
f 1444/1921/1444 535/645/532 348/400/319 347/399/318
f 1445/1922/1445 1443/1920/1443 1446/1923/1446 1447/1924/1447
f 1445/1922/1445 1447/1924/1447 1448/1925/1448 1449/1926/1449
f 1445/1922/1445 1449/1926/1449 533/643/530 535/645/532
f 1449/1927/1449 1448/1928/1448 1450/1929/1450 1451/1930/1451
f 1449/1926/1449 1451/1931/1451 534/644/531 533/643/530
f 1451/1930/1451 1450/1929/1450 1452/1932/1452 1453/1933/1453
f 1451/1930/1451 1453/1933/1453 1158/1527/1158 534/1934/531
f 1453/1933/1453 1452/1932/1452 1454/1935/1454 1161/1531/1161
f 1453/1933/1453 1161/1531/1161 1159/1528/1159 1158/1527/1158
f 1454/1935/1454 1452/1932/1452 1455/1936/1455 1456/1937/1456
f 1454/1935/1454 1456/1937/1456 1457/1938/1457 1458/1939/1458
f 1454/1935/1454 1458/1939/1458 1162/1532/1162 1161/1531/1161
f 1458/1939/1458 1457/1938/1457 1459/1940/1459 1460/1941/1460
f 1458/1939/1458 1460/1941/1460 1163/1533/1163 1162/1532/1162
f 1460/1941/1460 1459/1940/1459 1461/1942/1461 1462/1943/1462
f 1460/1941/1460 1462/1943/1462 1165/1536/1165 1163/1533/1163
f 1462/1943/1462 1461/1942/1461 1463/1944/1463 1464/1945/1464
f 1462/1943/1462 1464/1945/1464 1167/1539/1167 1165/1536/1165
f 1464/1945/1464 1463/1944/1463 1465/1946/1465 1466/1947/1466
f 1464/1945/1464 1466/1947/1466 1169/1542/1169 1167/1539/1167
f 1466/1947/1466 1465/1946/1465 103/40/32 1467/1948/1467
f 1466/1947/1466 1467/1948/1467 1171/1545/1171 1169/1542/1169
f 1467/1948/1467 103/40/32 4/32/26 106/44/35
f 1467/1948/1467 106/44/35 1468/1949/1468 1171/1545/1171
f 1468/1950/1468 1174/1553/1174 1172/1548/1172 1171/1951/1171
f 1468/1950/1468 106/1952/35 105/1953/34 1469/1954/1469
f 1468/1950/1468 1469/1954/1469 1470/1955/1470 1174/1553/1174
f 1470/1955/1470 1177/1558/1177 1175/1554/1175 1174/1553/1174
f 1470/1955/1470 1469/1954/1469 1471/1956/1471 1472/1957/1472
f 1470/1955/1470 1472/1957/1472 1473/1958/1473 1177/1558/1177
f 1473/1958/1473 1180/1563/1180 1178/1559/1178 1177/1558/1177
f 1473/1958/1473 1472/1957/1472 1474/1959/1474 1475/1960/1475
f 1473/1958/1473 1475/1960/1475 1476/1961/1476 1180/1563/1180
f 1476/1961/1476 1183/1568/1183 1181/1564/1181 1180/1563/1180
f 1476/1961/1476 1475/1960/1475 1477/1962/1477 1478/1963/1478
f 1476/1961/1476 1478/1963/1478 1479/1964/1479 1183/1568/1183
f 1479/1964/1479 1186/1965/1186 1184/1569/1184 1183/1568/1183
f 1479/1964/1479 1478/1963/1478 1480/1966/1480 1481/1967/1481
f 1479/1968/1479 1481/1969/1481 1482/1970/1482 1186/1574/1186
f 1482/1970/1482 1189/1577/1189 1187/1575/1187 1186/1574/1186
f 1482/1970/1482 1481/1969/1481 245/264/202 250/269/207
f 1482/1970/1482 250/269/207 1191/1579/1191 1189/1577/1189
f 1481/1969/1481 1480/1971/1480 246/265/203 245/264/202
f 1480/1966/1480 1478/1963/1478 1477/1962/1477 1483/1972/1483
f 1480/1971/1480 1483/1973/1483 1484/1974/1484 246/265/203
f 1484/1975/1484 1483/1976/1483 1485/1977/1485 1486/1978/1486
f 1484/1979/1484 1486/1980/1486 1487/1981/1487 1488/1982/1488
f 1484/1974/1484 1488/1983/1488 242/261/199 246/265/203
f 1488/1983/1488 1487/1984/1487 1489/1985/1489 1490/1986/1490
f 1488/1983/1488 1490/1986/1490 243/262/200 242/261/199
f 1490/1987/1490 1489/1988/1489 1491/1989/1491 1492/1990/1492
f 1490/1986/1490 1492/1991/1492 1493/1992/1493 243/262/200
f 1493/1992/1493 1494/1993/1494 244/263/201 243/262/200
f 1493/1992/1493 1492/1991/1492 1495/1994/1495 1496/1995/1496
f 1493/1992/1493 1496/1995/1496 1497/1996/1497 1494/1993/1494
f 1497/1996/1497 1498/1997/1498 1499/1998/1499 1494/1993/1494
f 1497/1996/1497 1496/1995/1496 258/279/217 264/285/223
f 1497/1999/1497 264/2000/223 1500/2001/1500 1498/2002/1498
f 1500/2001/1500 1501/2003/1501 1502/2004/1502 1498/2002/1498
f 1500/2001/1500 264/2000/223 263/2005/222 1503/2006/1503
f 1500/2001/1500 1503/2006/1503 1504/2007/1504 1501/2003/1501
f 1504/2007/1504 1505/2008/1505 1506/2009/1506 1501/2003/1501
f 1504/2010/1504 1503/2011/1503 1507/2012/1507 1508/2013/1508
f 1504/2010/1504 1508/2013/1508 1509/2014/1509 1505/2015/1505
f 1509/2014/1509 1510/2016/1510 1511/2017/1511 1505/2015/1505
f 1509/2014/1509 1508/2013/1508 1512/2018/1512 1513/2019/1513
f 1509/2014/1509 1513/2019/1513 1514/2020/1514 1510/2016/1510
f 1514/2020/1514 1515/2021/1515 1516/2022/1516 1510/2016/1510
f 1514/2020/1514 1513/2019/1513 1517/2023/1517 1518/2024/1518
f 1514/2020/1514 1518/2024/1518 1519/2025/1519 1515/2021/1515
f 1519/2025/1519 1240/1642/1240 1238/1640/1238 1515/2021/1515
f 1519/2025/1519 1518/2024/1518 1520/2026/1520 1521/2027/1521
f 1519/2025/1519 1521/2027/1521 1522/2028/1522 1240/1642/1240
f 1522/2028/1522 1244/1646/1244 1241/1643/1241 1240/1642/1240
f 1522/2028/1522 1521/2027/1521 1523/2029/1523 1524/2030/1524
f 1522/2028/1522 1524/2030/1524 1252/2031/1252 1244/1646/1244
f 1524/2032/1524 1523/2033/1523 1525/2034/1525 1255/1662/1255
f 1524/2032/1524 1255/1662/1255 1253/1660/1253 1252/1659/1252
f 1525/2034/1525 1523/2033/1523 1526/2035/1526 1527/2036/1527
f 1525/2034/1525 1527/2036/1527 1528/2037/1528 1529/2038/1529
f 1525/2034/1525 1529/2038/1529 1256/1663/1256 1255/1662/1255
f 1529/2038/1529 1528/2037/1528 1530/2039/1530 1531/2040/1531
f 1529/2038/1529 1531/2040/1531 1257/1664/1257 1256/1663/1256
f 1531/2040/1531 1530/2039/1530 1532/2041/1532 1533/2042/1533
f 1531/2040/1531 1533/2042/1533 1259/1666/1259 1257/1664/1257
f 1533/2042/1533 1532/2041/1532 1292/2043/1292 1534/2044/1534
f 1533/2042/1533 1534/2044/1534 1261/1668/1261 1259/1666/1259
f 1534/2045/1534 1292/2046/1292 1290/1711/1290 1289/1710/1289
f 1534/2045/1534 1289/1710/1289 1535/2047/1535 1261/2048/1261
f 1535/2047/1535 1265/1674/1265 1262/1673/1262 1261/2048/1261
f 1535/2047/1535 1289/1710/1289 1287/1708/1287 1283/1703/1283
f 1535/2047/1535 1283/1703/1283 1281/1701/1281 1265/1674/1265
f 1532/2041/1532 1530/2039/1530 1536/2049/1536 1295/2050/1295
f 1532/2041/1532 1295/2050/1295 1293/2051/1293 1292/2043/1292
f 1536/2049/1536 1530/2039/1530 1528/2037/1528 1537/2052/1537
f 1536/2049/1536 1537/2052/1537 1538/2053/1538 1298/2054/1298
f 1536/2055/1536 1298/1724/1298 1296/1720/1296 1295/1719/1295
f 1538/2053/1538 1537/2052/1537 1539/2056/1539 1540/2057/1540
f 1538/2053/1538 1540/2057/1540 1541/2058/1541 1542/2059/1542
f 1538/2053/1538 1542/2059/1542 1299/2060/1299 1298/2054/1298
f 1542/2059/1542 1541/2058/1541 1543/2061/1543 1303/2062/1303
f 1542/2059/1542 1303/2062/1303 1300/2063/1300 1299/2060/1299
f 1543/2061/1543 1541/2058/1541 271/2064/231 270/2065/230
f 1543/2061/1543 270/2065/230 269/2066/229 1544/2067/1544
f 1543/2068/1543 1544/2069/1544 1304/1733/1304 1303/1732/1303
f 1544/2067/1544 269/2066/229 1545/2070/1545 1310/1743/1310
f 1544/2067/1544 1310/1743/1310 1305/1739/1305 1304/2071/1304
f 1545/2070/1545 1314/2072/1314 1311/1744/1311 1310/1743/1310
f 1545/2070/1545 269/2066/229 268/297/228 1546/2073/1546
f 1545/2070/1545 1546/2073/1546 1547/2074/1547 1314/2072/1314
f 1547/2075/1547 1318/1754/1318 1315/1751/1315 1314/1750/1314
f 1547/2074/1547 1546/2073/1546 1548/2076/1548 1549/2077/1549
f 1547/2075/1547 1549/2078/1549 1550/2079/1550 1318/1754/1318
f 1550/2079/1550 1322/1758/1322 1319/1755/1319 1318/1754/1318
f 1550/2079/1550 1549/2078/1549 1551/2080/1551 1552/2081/1552
f 1550/2079/1550 1552/2081/1552 1553/2082/1553 1322/1758/1322
f 1553/2082/1553 1326/1762/1326 1323/1759/1323 1322/1758/1322
f 1553/2082/1553 1552/2081/1552 1554/2083/1554 1555/2084/1555
f 1553/2082/1553 1555/2084/1555 1556/2085/1556 1326/1762/1326
f 1556/2085/1556 1330/1766/1330 1327/1763/1327 1326/1762/1326
f 1556/2085/1556 1555/2084/1555 1557/2086/1557 1558/2087/1558
f 1556/2085/1556 1558/2087/1558 1559/2088/1559 1330/1766/1330
f 1559/2088/1559 1334/1770/1334 1331/1767/1331 1330/1766/1330
f 1559/2088/1559 1558/2087/1558 1560/2089/1560 1561/2090/1561
f 1559/2088/1559 1561/2090/1561 1562/2091/1562 1334/1770/1334
f 1562/2092/1562 1337/1776/1337 1335/1773/1335 1334/2093/1334
f 1562/2094/1562 1561/2095/1561 1563/2096/1563 1564/2097/1564
f 1562/2092/1562 1564/2098/1564 1565/2099/1565 1337/1776/1337
f 1565/2099/1565 1340/1779/1340 1338/1777/1338 1337/1776/1337
f 1565/2099/1565 1564/2098/1564 1566/2100/1566 1567/2101/1567
f 1565/2099/1565 1567/2101/1567 1568/2102/1568 1340/1779/1340
f 1568/2102/1568 1343/1782/1343 1341/1780/1341 1340/1779/1340
f 1568/2102/1568 1567/2101/1567 1569/2103/1569 1570/2104/1570
f 1568/2102/1568 1570/2104/1570 1345/1784/1345 1343/1782/1343
f 1570/2104/1570 1569/2103/1569 1571/2105/1571 1572/2106/1572
f 1570/2104/1570 1572/2106/1572 1347/1786/1347 1345/1784/1345
f 1572/2107/1572 1571/2108/1571 1573/2109/1573 1574/2110/1574
f 1572/2107/1572 1574/2110/1574 1575/2111/1575 1347/2112/1347
f 1575/2111/1575 1351/1801/1351 1348/2113/1348 1347/2112/1347
f 1575/2111/1575 1574/2110/1574 1576/2114/1576 1577/2115/1577
f 1575/2111/1575 1577/2115/1577 1357/1802/1357 1351/1801/1351
f 1577/2115/1577 1576/2114/1576 1366/1816/1366 1365/1815/1365
f 1577/2115/1577 1365/1815/1365 1358/1803/1358 1357/1802/1357
f 1576/2114/1576 1574/2110/1574 1573/2109/1573 1578/2116/1578
f 1576/2114/1576 1578/2116/1578 1368/1818/1368 1366/1816/1366
f 1578/2116/1578 1573/2109/1573 1579/2117/1579 1373/1823/1373
f 1578/2116/1578 1373/1823/1373 1370/1820/1370 1368/1818/1368
f 1579/2117/1579 1573/2109/1573 1571/2108/1571 1580/2118/1580
f 1579/2117/1579 1580/2118/1580 1581/2119/1581 1376/1826/1376
f 1579/2117/1579 1376/1826/1376 1374/1824/1374 1373/1823/1373
f 1581/2119/1581 1580/2118/1580 1582/2120/1582 1583/2121/1583
f 1581/2119/1581 1583/2121/1583 1381/1831/1381 1379/1829/1379
f 1581/2119/1581 1379/1829/1379 1377/1827/1377 1376/1826/1376
f 1583/2121/1583 1582/2120/1582 1566/2122/1566 1584/2123/1584
f 1583/2121/1583 1584/2123/1584 1383/1834/1383 1381/1831/1381
f 1584/2123/1584 1566/2122/1566 1564/2097/1564 1563/2096/1563
f 1584/2123/1584 1563/2096/1563 1585/2124/1585 1383/1834/1383
f 1585/2124/1585 1563/2096/1563 1561/2095/1561 1560/2125/1560
f 1585/2124/1585 1560/2125/1560 1586/2126/1586 1386/1837/1386
f 1585/2124/1585 1386/1837/1386 1384/1835/1384 1383/1834/1383
f 1586/2127/1586 1560/2089/1560 1558/2087/1558 1557/2086/1557
f 1586/2127/1586 1557/2086/1557 1587/2128/1587 1389/2129/1389
f 1586/2126/1586 1389/2130/1389 1387/1838/1387 1386/1837/1386
f 1587/2128/1587 1557/2086/1557 1555/2084/1555 1554/2083/1554
f 1587/2128/1587 1554/2083/1554 1588/2131/1588 1589/2132/1589
f 1587/2133/1587 1589/2134/1589 1390/1843/1390 1389/1842/1389
f 1589/2134/1589 1588/2135/1588 1590/2136/1590 1591/2137/1591
f 1589/2134/1589 1591/2137/1591 1391/1844/1391 1390/1843/1390
f 1591/2137/1591 1590/2136/1590 1592/2138/1592 1593/2139/1593
f 1591/2137/1591 1593/2139/1593 1393/1846/1393 1391/1844/1391
f 1593/2139/1593 1592/2138/1592 1594/2140/1594 1595/2141/1595
f 1593/2139/1593 1595/2141/1595 1395/1848/1395 1393/1846/1393
f 1595/2141/1595 1594/2140/1594 1596/2142/1596 1597/2143/1597
f 1595/2141/1595 1597/2143/1597 1397/1850/1397 1395/1848/1395
f 1597/2143/1597 1596/2142/1596 1409/1863/1409 1407/1861/1407
f 1597/2143/1597 1407/1861/1407 1399/1852/1399 1397/1850/1397
f 1596/2142/1596 1594/2140/1594 1598/2144/1598 1599/2145/1599
f 1596/2142/1596 1599/2145/1599 1600/2146/1600 1409/1863/1409
f 1600/2146/1600 1599/2145/1599 266/2147/226 1601/2148/1601
f 1600/2146/1600 1601/2148/1601 261/2149/220 1412/1866/1412
f 1600/2146/1600 1412/1866/1412 1410/1864/1410 1409/1863/1409
f 1601/2150/1601 266/288/226 265/287/225 1602/2151/1602
f 1601/2150/1601 1602/2151/1602 262/283/221 261/282/220
f 1602/2152/1602 265/299/225 274/298/234 1603/2153/1603
f 1602/2151/1602 1603/2154/1603 1507/2155/1507 262/283/221
f 1603/2153/1603 1512/2018/1512 1508/2013/1508 1507/2012/1507
f 1603/2153/1603 274/298/234 1604/2156/1604 1512/2018/1512
f 1604/2156/1604 1517/2023/1517 1513/2019/1513 1512/2018/1512
f 1604/2156/1604 274/298/234 272/295/232 1605/2157/1605
f 1604/2156/1604 1605/2157/1605 1606/2158/1606 1517/2023/1517
f 1606/2158/1606 1520/2026/1520 1518/2024/1518 1517/2023/1517
f 1606/2158/1606 1605/2157/1605 1607/2159/1607 1608/2160/1608
f 1606/2158/1606 1608/2160/1608 1526/2161/1526 1520/2026/1520
f 1608/2162/1608 1607/2163/1607 1540/2057/1540 1539/2056/1539
f 1608/2162/1608 1539/2056/1539 1527/2036/1527 1526/2035/1526
f 1607/2159/1607 1605/2157/1605 272/295/232 271/294/231
f 1607/2163/1607 271/2064/231 1541/2058/1541 1540/2057/1540
f 1599/2145/1599 1598/2144/1598 267/2164/227 266/2147/226
f 1598/2165/1598 1609/2166/1609 273/296/233 267/289/227
f 1598/2144/1598 1594/2140/1594 1592/2138/1592 1609/2167/1609
f 1609/2167/1609 1610/2168/1610 1548/2169/1548 273/2170/233
f 1609/2167/1609 1592/2138/1592 1590/2136/1590 1610/2168/1610
f 1610/2168/1610 1551/2171/1551 1549/2172/1549 1548/2169/1548
f 1610/2168/1610 1590/2136/1590 1588/2135/1588 1551/2171/1551
f 1588/2131/1588 1554/2083/1554 1552/2081/1552 1551/2080/1551
f 1582/2173/1582 1569/2103/1569 1567/2101/1567 1566/2100/1566
f 1582/2120/1582 1580/2118/1580 1571/2108/1571 1569/2174/1569
f 1548/2076/1548 1546/2073/1546 268/297/228 273/296/233
f 1539/2056/1539 1537/2052/1537 1528/2037/1528 1527/2036/1527
f 1526/2161/1526 1523/2029/1523 1521/2027/1521 1520/2026/1520
f 1516/2022/1516 1236/1637/1236 1235/1636/1235 1611/2175/1611
f 1516/2022/1516 1611/2175/1611 1511/2017/1511 1510/2016/1510
f 1516/2022/1516 1515/2021/1515 1238/1640/1238 1236/1637/1236
f 1611/2176/1611 1235/1634/1235 1229/1624/1229 1612/2177/1612
f 1611/2176/1611 1612/2177/1612 1613/2178/1613 1511/2179/1511
f 1613/2178/1613 1612/2177/1612 1224/1619/1224 1614/2180/1614
f 1613/2178/1613 1614/2180/1614 1615/2181/1615 1506/2182/1506
f 1613/2178/1613 1506/2182/1506 1505/2183/1505 1511/2179/1511
f 1615/2181/1615 1614/2180/1614 1220/1615/1220 1616/2184/1616
f 1615/2185/1615 1616/2186/1616 1617/2187/1617 1502/2004/1502
f 1615/2185/1615 1502/2004/1502 1501/2003/1501 1506/2009/1506
f 1617/2187/1617 1616/2186/1616 1215/2188/1215 1618/2189/1618
f 1617/2187/1617 1618/2189/1618 247/2190/204 1499/2191/1499
f 1617/2187/1617 1499/2191/1499 1498/2002/1498 1502/2004/1502
f 1618/2192/1618 1215/1607/1215 1211/1603/1211 1210/1602/1210
f 1618/2192/1618 1210/1602/1210 248/2193/205 247/2194/204
f 1616/2184/1616 1220/1615/1220 1216/1610/1216 1215/2195/1215
f 1614/2180/1614 1224/1619/1224 1221/1616/1221 1220/1615/1220
f 1612/2177/1612 1229/1624/1229 1225/1620/1225 1224/1619/1224
f 1507/2155/1507 1503/2196/1503 263/284/222 262/283/221
f 1499/1998/1499 247/266/204 244/263/201 1494/1993/1494
f 1496/1995/1496 1495/1994/1495 259/280/218 258/279/217
f 1495/2197/1495 1492/1990/1492 1491/1989/1491 1619/2198/1619
f 1495/2197/1495 1619/2198/1619 1620/2199/1620 259/2200/218
f 1620/2199/1620 1619/2198/1619 1621/2201/1621 1622/2202/1622
f 1620/2199/1620 1622/2202/1622 1623/2203/1623 1624/2204/1624
f 1620/2199/1620 1624/2204/1624 260/2205/219 259/2200/218
f 1624/2204/1624 1623/2203/1623 1418/2206/1418 1416/2207/1416
f 1624/2208/1624 1416/1870/1416 1414/1868/1414 260/2209/219
f 1623/2203/1623 1622/2202/1622 1625/2210/1625 1626/2211/1626
f 1623/2203/1623 1626/2211/1626 1627/2212/1627 1418/2206/1418
f 1627/2212/1627 1626/2211/1626 1628/2213/1628 1629/2214/1629
f 1627/2212/1627 1629/2214/1629 290/317/252 289/316/251
f 1627/2212/1627 289/316/251 1419/2215/1419 1418/2206/1418
f 1629/2214/1629 1628/2213/1628 1630/2216/1630 1631/2217/1631
f 1629/2214/1629 1631/2217/1631 1632/2218/1632 290/317/252
f 1632/2219/1632 1631/2220/1631 1633/2221/1633 1634/2222/1634
f 1632/2219/1632 1634/2222/1634 1635/2223/1635 1636/2224/1636
f 1632/2218/1632 1636/2225/1636 37/311/246 290/317/252
f 1636/2224/1636 1635/2223/1635 1637/2226/1637 306/2227/270
f 1636/2225/1636 306/348/270 285/312/247 37/311/246
f 1637/2226/1637 1635/2223/1635 1638/2228/1638 1639/2229/1639
f 1637/2226/1637 1639/2229/1639 1640/2230/1640 1641/2231/1641
f 1637/2226/1637 1641/2231/1641 307/2232/271 306/2227/270
f 1641/2231/1641 1640/2230/1640 1642/2233/1642 1643/2234/1643
f 1641/2231/1641 1643/2234/1643 1644/2235/1644 307/2232/271
f 1644/2236/1644 1645/2237/1645 41/342/266 307/2238/271
f 1644/2236/1644 1643/2239/1643 1646/2240/1646 1647/2241/1647
f 1644/2236/1644 1647/2241/1647 1648/2242/1648 1645/2237/1645
f 1648/2242/1648 1649/2243/1649 1650/2244/1650 1645/2237/1645
f 1648/2242/1648 1647/2241/1647 1651/2245/1651 1652/2246/1652
f 1648/2242/1648 1652/2246/1652 1653/2247/1653 1649/2243/1649
f 1653/2247/1653 1654/2248/1654 1655/2249/1655 1649/2243/1649
f 1653/2247/1653 1652/2246/1652 1656/2250/1656 1657/2251/1657
f 1653/2247/1653 1657/2251/1657 1658/2252/1658 1654/2248/1654
f 1658/2253/1658 1659/2254/1659 1660/2255/1660 1654/2256/1654
f 1658/2252/1658 1657/2251/1657 131/91/66 1661/2257/1661
f 1658/2253/1658 1661/2258/1661 1662/2259/1662 1659/2254/1659
f 1662/2259/1662 1663/2260/1663 1664/2261/1664 1659/2254/1659
f 1662/2259/1662 1661/2258/1661 99/39/27 102/38/31
f 1662/2259/1662 102/38/31 1665/2262/1665 1663/2260/1663
f 1665/2263/1665 102/2264/31 101/2265/30 1666/2266/1666
f 1665/2263/1665 1666/2266/1666 1667/2267/1667 1668/2268/1668
f 1665/2269/1665 1668/2270/1668 1669/2271/1669 1663/2272/1663
f 1669/2271/1669 1668/2270/1668 1670/2273/1670 1671/2274/1671
f 1669/2271/1669 1671/2274/1671 387/454/363 395/464/371
f 1669/2275/1669 395/2276/371 1664/2261/1664 1663/2260/1663
f 1671/2274/1671 1670/2273/1670 439/528/423 441/530/425
f 1671/2274/1671 441/530/425 388/455/364 387/454/363
f 1670/2277/1670 1668/2268/1668 1667/2267/1667 1672/2278/1672
f 1670/2273/1670 1672/2279/1672 440/529/424 439/528/423
f 1672/2278/1672 1667/2267/1667 1673/2280/1673 1674/2281/1674
f 1672/2279/1672 1674/2282/1674 1675/2283/1675 440/529/424
f 1675/2283/1675 1674/2282/1674 1676/2284/1676 1677/2285/1677
f 1675/2283/1675 1677/2285/1677 1678/2286/1678 1679/2287/1679
f 1675/2283/1675 1679/2287/1679 436/525/420 440/529/424
f 1679/2288/1679 1678/2289/1678 1680/2290/1680 1681/2291/1681
f 1679/2287/1679 1681/2292/1681 437/526/421 436/525/420
f 1681/2293/1681 1680/2294/1680 1682/2295/1682 1683/2296/1683
f 1681/2293/1681 1683/2296/1683 1684/2297/1684 437/2298/421
f 1684/2297/1684 1683/2296/1683 1685/2299/1685 1686/2300/1686
f 1684/2297/1684 1686/2300/1686 1687/2301/1687 1688/2302/1688
f 1684/2297/1684 1688/2302/1688 438/2303/422 437/2298/421
f 1688/2304/1688 1687/2305/1687 389/456/365 388/455/364
f 1688/2304/1688 388/455/364 441/530/425 438/527/422
f 1687/2306/1687 1689/2307/1689 393/462/369 389/461/365
f 1687/2301/1687 1686/2300/1686 1690/2308/1690 1689/2309/1689
f 1690/2308/1690 1686/2300/1686 1685/2299/1685 1691/2310/1691
f 1690/2308/1690 1691/2310/1691 1692/2311/1692 1693/2312/1693
f 1690/2313/1690 1693/2314/1693 1694/2315/1694 1689/2307/1689
f 1694/2315/1694 472/568/461 1695/2316/1695 1696/2317/1696
f 1694/2315/1694 1696/2317/1696 393/462/369 1689/2307/1689
f 1694/2315/1694 1693/2314/1693 473/569/462 472/568/461
f 1696/2317/1696 1695/2316/1695 1697/2318/1697 1698/2319/1698
f 1696/2317/1696 1698/2319/1698 390/458/366 393/462/369
f 1698/2319/1698 1697/2318/1697 1699/2320/1699 1700/2321/1700
f 1698/2319/1698 1700/2321/1700 391/459/367 390/458/366
f 1700/2321/1700 1699/2320/1699 1701/2322/1701 1702/2323/1702
f 1700/2321/1700 1702/2323/1702 1703/2324/1703 391/459/367
f 1703/2324/1703 1702/2323/1702 1704/2325/1704 1705/2326/1705
f 1703/2324/1703 1705/2326/1705 1706/2327/1706 1707/2328/1707
f 1703/2324/1703 1707/2328/1707 392/460/368 391/459/367
f 1707/2328/1707 1706/2327/1706 1708/2329/1708 1709/2330/1709
f 1707/2328/1707 1709/2330/1709 396/465/372 392/460/368
f 1709/2330/1709 1708/2329/1708 1710/2331/1710 1711/2332/1711
f 1709/2330/1709 1711/2332/1711 1712/2333/1712 396/465/372
f 1712/2333/1712 1711/2332/1711 1713/2334/1713 1714/2335/1714
f 1712/2333/1712 1714/2335/1714 1660/2255/1660 1715/2336/1715
f 1712/2333/1712 1715/2336/1715 394/466/370 396/465/372
f 1715/2336/1715 1660/2255/1660 1659/2254/1659 1664/2261/1664
f 1715/2336/1715 1664/2261/1664 395/2276/371 394/466/370
f 1714/2335/1714 1713/2334/1713 1716/2337/1716 1655/2338/1655
f 1714/2335/1714 1655/2338/1655 1654/2256/1654 1660/2255/1660
f 1716/2337/1716 1713/2334/1713 1717/2339/1717 1718/2340/1718
f 1716/2341/1716 1718/2342/1718 303/343/267 1650/2244/1650
f 1716/2341/1716 1650/2244/1650 1649/2243/1649 1655/2249/1655
f 1718/2340/1718 1717/2339/1717 1719/2343/1719 1720/2344/1720
f 1718/2342/1718 1720/2345/1720 304/344/268 303/343/267
f 1720/2344/1720 1719/2343/1719 464/2346/451 1721/2347/1721
f 1720/2344/1720 1721/2347/1721 1722/2348/1722 304/2349/268
f 1722/2350/1722 1723/2351/1723 1724/2352/1724 1725/2353/1725
f 1722/2348/1722 1725/2354/1725 305/347/269 304/2349/268
f 1722/2350/1722 1721/2355/1721 1726/2356/1726 1723/2351/1723
f 1726/2356/1726 1727/2357/1727 1435/1906/1435 1723/2351/1723
f 1726/2356/1726 1721/2355/1721 464/557/451 463/556/450
f 1726/2356/1726 463/556/450 462/555/449 1727/2357/1727
f 1727/2357/1727 1439/1913/1439 1436/1907/1436 1435/1906/1435
f 1727/2358/1727 462/2359/449 1446/1923/1446 1439/2360/1439
f 1725/2354/1725 1724/2361/1724 1728/2362/1728 1729/2363/1729
f 1725/2354/1725 1729/2363/1729 286/313/248 305/347/269
f 1729/2363/1729 1728/2362/1728 1730/2364/1730 1731/2365/1731
f 1729/2363/1729 1731/2365/1731 287/314/249 286/313/248
f 1731/2365/1731 1730/2364/1730 284/2366/245 283/1880/244
f 1731/2365/1731 283/1880/244 291/318/253 287/314/249
f 1730/2364/1730 1429/2367/1429 1427/2368/1427 284/2366/245
f 1730/2364/1730 1728/2362/1728 1431/2369/1431 1429/2367/1429
f 1728/2362/1728 1724/2361/1724 1433/2370/1433 1431/2369/1431
f 1724/2352/1724 1723/2351/1723 1435/1906/1435 1433/1905/1433
f 1719/2343/1719 1732/2371/1732 458/2372/445 464/2346/451
f 1719/2343/1719 1717/2339/1717 1710/2331/1710 1732/2371/1732
f 1732/2371/1732 1733/2373/1733 459/2374/446 458/2372/445
f 1732/2371/1732 1710/2331/1710 1708/2329/1708 1733/2373/1733
f 1733/2375/1733 1734/2376/1734 1735/2377/1735 459/551/446
f 1733/2373/1733 1708/2329/1708 1706/2327/1706 1734/2378/1734
f 1735/2377/1735 1736/2379/1736 1737/2380/1737 1738/2381/1738
f 1735/2377/1735 1738/2381/1738 460/552/447 459/551/446
f 1735/2377/1735 1734/2376/1734 1739/2382/1739 1736/2379/1736
f 1739/2382/1739 1740/2383/1740 1741/2384/1741 1736/2379/1736
f 1739/2385/1739 1734/2378/1734 1706/2327/1706 1705/2326/1705
f 1739/2385/1739 1705/2326/1705 1704/2325/1704 1740/2386/1740
f 1741/2384/1741 1742/2387/1742 1743/2388/1743 1744/2389/1744
f 1741/2384/1741 1744/2389/1744 1737/2380/1737 1736/2379/1736
f 1741/2390/1741 1740/2386/1740 1745/2391/1745 1742/2392/1742
f 1745/2393/1745 1746/2394/1746 1747/2395/1747 1742/2396/1742
f 1745/2391/1745 1740/2386/1740 1704/2325/1704 1748/2397/1748
f 1745/2391/1745 1748/2397/1748 482/2398/472 1746/2399/1746
f 1748/2397/1748 1704/2325/1704 1702/2323/1702 1701/2322/1701
f 1748/2397/1748 1701/2322/1701 477/577/467 482/2398/472
f 1747/2395/1747 1749/2400/1749 1743/2401/1743 1742/2396/1742
f 1747/2395/1747 1746/2394/1746 1750/2402/1750 1751/2403/1751
f 1747/2395/1747 1751/2403/1751 1752/2404/1752 1749/2400/1749
f 1752/2404/1752 1753/2405/1753 453/2406/439 1749/2400/1749
f 1752/2404/1752 1751/2403/1751 1754/2407/1754 1755/2408/1755
f 1752/2404/1752 1755/2408/1755 1756/2409/1756 1753/2405/1753
f 1756/2409/1756 1757/2410/1757 1758/2411/1758 1753/2405/1753
f 1756/2409/1756 1755/2408/1755 1759/2412/1759 1760/2413/1760
f 1756/2409/1756 1760/2413/1760 1761/2414/1761 1757/2410/1757
f 1761/2414/1761 518/2415/513 517/2416/512 1757/2410/1757
f 1761/2414/1761 1760/2413/1760 1762/2417/1762 1763/2418/1763
f 1761/2414/1761 1763/2418/1763 1764/2419/1764 518/2415/513
f 1764/2420/1764 1765/2421/1765 519/627/514 518/626/513
f 1764/2419/1764 1763/2418/1763 1766/2422/1766 1767/2423/1767
f 1764/2419/1764 1767/2423/1767 1768/2424/1768 1765/2425/1765
f 1768/2426/1768 488/592/479 487/591/478 1765/2421/1765
f 1768/2427/1768 1767/2428/1767 1769/2429/1769 1682/2295/1682
f 1768/2426/1768 1682/2430/1682 1680/2290/1680 488/592/479
f 1769/2429/1769 1767/2428/1767 1766/2431/1766 1770/2432/1770
f 1769/2429/1769 1770/2432/1770 1691/2310/1691 1685/2299/1685
f 1769/2429/1769 1685/2299/1685 1683/2296/1683 1682/2295/1682
f 1770/2433/1770 1766/2422/1766 1771/2434/1771 1772/2435/1772
f 1770/2433/1770 1772/2435/1772 1692/2436/1692 1691/2437/1691
f 1772/2435/1772 1771/2434/1771 1773/2438/1773 1774/2439/1774
f 1772/2435/1772 1774/2439/1774 474/572/463 1692/2436/1692
f 1774/2439/1774 1773/2438/1773 467/562/455 466/561/454
f 1774/2439/1774 466/561/454 475/573/464 474/572/463
f 1773/2438/1773 1771/2434/1771 1762/2417/1762 1775/2440/1775
f 1773/2438/1773 1775/2440/1775 468/563/456 467/562/455
f 1775/2440/1775 1762/2417/1762 1760/2413/1760 1759/2412/1759
f 1775/2440/1775 1759/2412/1759 1776/2441/1776 468/563/456
f 1776/2441/1776 1759/2412/1759 1755/2408/1755 1754/2407/1754
f 1776/2441/1776 1754/2407/1754 1777/2442/1777 1778/2443/1778
f 1776/2441/1776 1778/2443/1778 469/564/457 468/563/456
f 1778/2443/1778 1777/2442/1777 480/582/470 1779/2444/1779
f 1778/2443/1778 1779/2444/1779 470/565/458 469/564/457
f 1779/2444/1779 480/582/470 479/581/469 1780/2445/1780
f 1779/2444/1779 1780/2445/1780 1781/2446/1781 470/565/458
f 1781/2447/1781 1780/2448/1780 1782/2449/1782 1783/2450/1783
f 1781/2447/1781 1783/2450/1783 471/567/460 476/2451/465
f 1781/2446/1781 476/574/465 465/560/453 470/565/458
f 1783/2450/1783 1782/2449/1782 1697/2318/1697 1695/2316/1695
f 1783/2450/1783 1695/2316/1695 472/568/461 471/567/460
f 1782/2449/1782 1780/2448/1780 479/579/469 478/578/468
f 1782/2449/1782 478/578/468 1699/2320/1699 1697/2318/1697
f 1777/2442/1777 1754/2407/1754 1751/2403/1751 1750/2402/1750
f 1777/2442/1777 1750/2402/1750 481/583/471 480/582/470
f 1771/2434/1771 1766/2422/1766 1763/2418/1763 1762/2417/1762
f 1765/2421/1765 487/591/478 486/590/477 519/627/514
f 1758/2411/1758 516/2452/511 457/2453/443 454/2454/440
f 1758/2411/1758 454/2454/440 453/2406/439 1753/2405/1753
f 1758/2411/1758 1757/2410/1757 517/2416/512 516/2452/511
f 1750/2402/1750 1746/2394/1746 482/584/472 481/583/471
f 1749/2400/1749 453/2406/439 452/2455/438 1743/2401/1743
f 1744/2389/1744 1743/2388/1743 452/543/438 456/547/442
f 1744/2389/1744 456/547/442 1784/2456/1784 1737/2380/1737
f 1784/2456/1784 456/547/442 455/546/441 1785/2457/1785
f 1784/2456/1784 1785/2457/1785 1786/2458/1786 1787/2459/1787
f 1784/2456/1784 1787/2459/1787 1738/2381/1738 1737/2380/1737
f 1787/2459/1787 1788/2460/1788 460/552/447 1738/2381/1738
f 1787/2459/1787 1786/2458/1786 1789/2461/1789 1788/2460/1788
f 1789/2461/1789 1790/2462/1790 1791/2463/1791 1788/2460/1788
f 1789/2461/1789 1786/2458/1786 1792/2464/1792 1793/2465/1793
f 1789/2461/1789 1793/2465/1793 1794/2466/1794 1790/2462/1790
f 1794/2467/1794 1455/1936/1455 1795/2468/1795 1790/2469/1790
f 1794/2467/1794 1793/2470/1793 1796/2471/1796 1797/2472/1797
f 1794/2467/1794 1797/2472/1797 1456/1937/1456 1455/1936/1455
f 1797/2473/1797 1796/2474/1796 1798/2475/1798 1799/2476/1799
f 1797/2472/1797 1799/2477/1799 1457/1938/1457 1456/1937/1456
f 1799/2476/1799 1798/2475/1798 1800/2478/1800 1801/2479/1801
f 1799/2477/1799 1801/2480/1801 1459/1940/1459 1457/1938/1457
f 1801/2479/1801 1800/2478/1800 1802/2481/1802 1803/2482/1803
f 1801/2480/1801 1803/2483/1803 1461/1942/1461 1459/1940/1459
f 1803/2482/1803 1802/2481/1802 1804/2484/1804 1805/2485/1805
f 1803/2483/1803 1805/2486/1805 1463/1944/1463 1461/1942/1461
f 1805/2487/1805 1804/2488/1804 1806/2489/1806 1807/2490/1807
f 1805/2486/1805 1807/2491/1807 1465/1946/1465 1463/1944/1463
f 1807/2490/1807 1806/2489/1806 1808/2492/1808 104/2493/33
f 1807/2491/1807 104/41/33 103/40/32 1465/1946/1465
f 1808/2492/1808 1806/2489/1806 1809/2494/1809 1673/2280/1673
f 1808/2492/1808 1673/2280/1673 1667/2267/1667 1666/2266/1666
f 1808/2492/1808 1666/2266/1666 101/2265/30 104/2493/33
f 1809/2494/1809 1806/2489/1806 1804/2488/1804 1810/2495/1810
f 1809/2496/1809 1810/2497/1810 1811/2498/1811 1676/2499/1676
f 1809/2494/1809 1676/2500/1676 1674/2281/1674 1673/2280/1673
f 1811/2498/1811 1810/2497/1810 1812/2501/1812 1813/2502/1813
f 1811/2498/1811 1813/2502/1813 485/589/476 484/588/475
f 1811/2498/1811 484/588/475 1677/2503/1677 1676/2499/1676
f 1813/2502/1813 1812/2501/1812 521/629/516 520/628/515
f 1813/2502/1813 520/628/515 486/590/477 485/589/476
f 1812/2501/1812 1802/2481/1802 1800/2478/1800 521/629/516
f 1812/2501/1812 1810/2497/1810 1804/2484/1804 1802/2481/1802
f 1800/2478/1800 1798/2475/1798 513/621/508 521/629/516
f 1798/2475/1798 1796/2474/1796 514/622/509 513/621/508
f 1796/2474/1796 1793/2504/1793 1792/2505/1792 514/622/509
f 1795/2468/1795 1450/1929/1450 1448/1928/1448 1814/2506/1814
f 1795/2468/1795 1814/2506/1814 1791/2507/1791 1790/2469/1790
f 1795/2468/1795 1455/1936/1455 1452/1932/1452 1450/1929/1450
f 1814/2508/1814 1448/1925/1448 1447/1924/1447 461/2509/448
f 1814/2506/1814 461/554/448 66/553/444 1791/2507/1791
f 1792/2464/1792 1786/2458/1786 1785/2457/1785 1815/2510/1815
f 1792/2464/1792 1815/2510/1815 515/2511/510 514/2512/509
f 1815/2510/1815 1785/2457/1785 455/546/441 457/548/443
f 1815/2510/1815 457/548/443 516/2513/511 515/2511/510
f 1791/2463/1791 66/549/444 460/552/447 1788/2460/1788
f 1717/2339/1717 1713/2334/1713 1711/2332/1711 1710/2331/1710
f 1701/2322/1701 1699/2320/1699 478/578/468 477/577/467
f 1693/2514/1693 1692/2436/1692 474/572/463 473/571/462
f 1680/2290/1680 1678/2289/1678 483/587/474 488/592/479
f 1678/2289/1678 1677/2503/1677 484/588/475 483/587/474
f 1661/2257/1661 131/91/66 11/34/28 99/33/27
f 1657/2251/1657 1656/2250/1656 132/92/67 131/91/66
f 1656/2250/1656 1652/2246/1652 1651/2245/1651 319/2515/285
f 1656/2250/1656 319/2515/285 318/2516/284 132/92/67
f 1651/2245/1651 1647/2241/1647 1646/2240/1646 1816/2517/1816
f 1651/2245/1651 1816/2517/1816 320/2518/286 319/2515/285
f 1816/2517/1816 1646/2240/1646 1817/2519/1817 1818/2520/1818
f 1816/2517/1816 1818/2520/1818 322/2521/288 320/2518/286
f 1818/2520/1818 1817/2519/1817 1819/2522/1819 1820/2523/1820
f 1818/2520/1818 1820/2523/1820 1821/2524/1821 322/2521/288
f 1821/2524/1821 1820/2523/1820 1822/2525/1822 1823/2526/1823
f 1821/2524/1821 1823/2526/1823 1824/2527/1824 1825/2528/1825
f 1821/2529/1821 1825/2530/1825 316/360/282 322/366/288
f 1825/2528/1825 1824/2527/1824 1826/2531/1826 1827/2532/1827
f 1825/2528/1825 1827/2532/1827 317/2533/283 316/2534/282
f 1827/2532/1827 1826/2531/1826 1828/2535/1828 1829/2536/1829
f 1827/2532/1827 1829/2536/1829 1830/2537/1830 317/2533/283
f 1830/2538/1830 1831/2539/1831 314/358/280 317/361/283
f 1830/2540/1830 1829/2541/1829 1832/2542/1832 1833/2543/1833
f 1830/2540/1830 1833/2543/1833 1834/2544/1834 1831/2545/1831
f 1834/2546/1834 313/356/278 310/353/275 1831/2539/1831
f 1834/2544/1834 1833/2543/1833 1835/2547/1835 1836/2548/1836
f 1834/2544/1834 1836/2548/1836 1837/2549/1837 313/2550/278
f 1837/2551/1837 1838/2552/1838 311/354/276 313/356/278
f 1837/2549/1837 1836/2548/1836 1839/2553/1839 1840/2554/1840
f 1837/2555/1837 1840/2556/1840 1841/2557/1841 1838/2558/1838
f 1841/2559/1841 1842/2560/1842 1843/2561/1843 1838/2552/1838
f 1841/2557/1841 1840/2556/1840 230/247/185 229/246/184
f 1841/2557/1841 229/246/184 1844/2562/1844 1842/2563/1842
f 1844/2562/1844 1845/2564/1845 1846/2565/1846 1842/2563/1842
f 1844/2562/1844 229/246/184 228/245/183 1847/2566/1847
f 1844/2562/1844 1847/2566/1847 1848/2567/1848 1845/2564/1845
f 1848/2567/1848 1849/2568/1849 1850/2569/1850 1845/2564/1845
f 1848/2567/1848 1847/2566/1847 240/258/196 239/257/195
f 1848/2567/1848 239/257/195 241/259/197 1849/2568/1849
f 1850/2570/1850 1851/2571/1851 1852/2572/1852 1853/2573/1853
f 1850/2570/1850 1853/2573/1853 1846/2574/1846 1845/2575/1845
f 1850/2569/1850 1849/2568/1849 1854/2576/1854 1851/2577/1851
f 1854/2578/1854 1855/2579/1855 1856/2580/1856 1851/2571/1851
f 1854/2576/1854 1849/2568/1849 241/259/197 1857/2581/1857
f 1854/2582/1854 1857/2583/1857 1858/2584/1858 1855/2585/1855
f 1858/2584/1858 1859/2586/1859 1860/2587/1860 1855/2585/1855
f 1858/2588/1858 1857/2581/1857 1861/2589/1861 1862/2590/1862
f 1858/2584/1858 1862/2591/1862 1863/2592/1863 1859/2586/1859
f 1863/2592/1863 1864/2593/1864 1865/2594/1865 1859/2586/1859
f 1863/2592/1863 1862/2591/1862 1866/2595/1866 1867/2596/1867
f 1863/2592/1863 1867/2596/1867 1868/2597/1868 1864/2593/1864
f 1868/2597/1868 1621/2201/1621 1869/2598/1869 1864/2593/1864
f 1868/2597/1868 1867/2596/1867 1870/2599/1870 1625/2210/1625
f 1868/2597/1868 1625/2210/1625 1622/2202/1622 1621/2201/1621
f 1870/2599/1870 1867/2596/1867 1866/2595/1866 1871/2600/1871
f 1870/2599/1870 1871/2600/1871 1630/2216/1630 1628/2213/1628
f 1870/2599/1870 1628/2213/1628 1626/2211/1626 1625/2210/1625
f 1871/2600/1871 1866/2595/1866 1872/2601/1872 1873/2602/1873
f 1871/2600/1871 1873/2602/1873 1874/2603/1874 1630/2216/1630
f 1874/2603/1874 1873/2602/1873 1875/2604/1875 1876/2605/1876
f 1874/2606/1874 1876/2607/1876 1877/2608/1877 1633/2221/1633
f 1874/2603/1874 1633/2609/1633 1631/2217/1631 1630/2216/1630
f 1877/2608/1877 1876/2607/1876 1878/2610/1878 1879/2611/1879
f 1877/2608/1877 1879/2611/1879 1880/2612/1880 1881/2613/1881
f 1877/2608/1877 1881/2613/1881 1634/2222/1634 1633/2221/1633
f 1881/2613/1881 1880/2612/1880 1882/2614/1882 1638/2228/1638
f 1881/2613/1881 1638/2228/1638 1635/2223/1635 1634/2222/1634
f 1882/2614/1882 1880/2612/1880 1883/2615/1883 1884/2616/1884
f 1882/2614/1882 1884/2616/1884 1885/2617/1885 1886/2618/1886
f 1882/2614/1882 1886/2618/1886 1639/2229/1639 1638/2228/1638
f 1886/2618/1886 1885/2617/1885 1887/2619/1887 1888/2620/1888
f 1886/2618/1886 1888/2620/1888 1640/2230/1640 1639/2229/1639
f 1888/2621/1888 1887/2622/1887 1889/2623/1889 1890/2624/1890
f 1888/2620/1888 1890/2625/1890 1642/2233/1642 1640/2230/1640
f 1890/2624/1890 1889/2623/1889 1891/2626/1891 1819/2522/1819
f 1890/2624/1890 1819/2522/1819 1817/2519/1817 1642/2627/1642
f 1891/2626/1891 1889/2623/1889 340/387/309 339/386/308
f 1891/2626/1891 339/386/308 338/385/307 1822/2525/1822
f 1891/2626/1891 1822/2525/1822 1820/2523/1820 1819/2522/1819
f 1889/2623/1889 1887/2622/1887 1892/2628/1892 340/387/309
f 1892/2628/1892 1887/2622/1887 1885/2629/1885 1893/2630/1893
f 1892/2631/1892 1893/2632/1893 1894/2633/1894 1895/2634/1895
f 1892/2628/1892 1895/2635/1895 335/382/304 340/387/309
f 1895/2634/1895 1894/2633/1894 1896/2636/1896 1897/2637/1897
f 1895/2635/1895 1897/2638/1897 336/383/305 335/382/304
f 1897/2638/1897 1896/2639/1896 1898/2640/1898 1899/2641/1899
f 1897/2638/1897 1899/2641/1899 1900/2642/1900 336/383/305
f 1900/2642/1900 1899/2641/1899 1901/2643/1901 1902/2644/1902
f 1900/2642/1900 1902/2644/1902 1903/2645/1903 1904/2646/1904
f 1900/2642/1900 1904/2646/1904 337/384/306 336/383/305
f 1904/2646/1904 1903/2645/1903 1905/2647/1905 1906/2648/1906
f 1904/2646/1904 1906/2648/1906 338/385/307 337/384/306
f 1906/2648/1906 1905/2647/1905 1824/2527/1824 1823/2526/1823
f 1906/2648/1906 1823/2526/1823 1822/2525/1822 338/385/307
f 1905/2647/1905 1903/2645/1903 328/373/295 1907/2649/1907
f 1905/2647/1905 1907/2649/1907 1826/2531/1826 1824/2527/1824
f 1907/2649/1907 328/373/295 327/372/294 1908/2650/1908
f 1907/2649/1907 1908/2650/1908 1828/2535/1828 1826/2531/1826
f 1908/2650/1908 327/372/294 326/371/293 1909/2651/1909
f 1908/2650/1908 1909/2651/1909 1910/2652/1910 1828/2535/1828
f 1910/2652/1910 1832/2653/1832 1829/2536/1829 1828/2535/1828
f 1910/2652/1910 1909/2651/1909 1911/2654/1911 1912/2655/1912
f 1910/2656/1910 1912/2657/1912 1913/2658/1913 1832/2542/1832
f 1913/2658/1913 1835/2547/1835 1833/2543/1833 1832/2542/1832
f 1913/2658/1913 1912/2657/1912 1914/2659/1914 1915/2660/1915
f 1913/2658/1913 1915/2660/1915 1916/2661/1916 1835/2547/1835
f 1916/2661/1916 1839/2553/1839 1836/2548/1836 1835/2547/1835
f 1916/2661/1916 1915/2660/1915 1917/2662/1917 1918/2663/1918
f 1916/2661/1916 1918/2663/1918 231/2664/186 1839/2553/1839
f 1918/2663/1918 1917/2662/1917 1919/2665/1919 1920/2666/1920
f 1918/2663/1918 1920/2666/1920 226/2667/181 231/2664/186
f 1920/2668/1920 1921/2669/1921 227/244/182 226/243/181
f 1920/2670/1920 1919/2671/1919 1922/2672/1922 1921/2673/1921
f 1922/2674/1922 236/254/192 235/253/191 1921/2669/1921
f 1922/2672/1922 1919/2671/1919 1923/2675/1923 1924/2676/1924
f 1922/2672/1922 1924/2676/1924 1925/2677/1925 236/2678/192
f 1925/2677/1925 1926/2679/1926 232/2680/188 236/2678/192
f 1925/2677/1925 1924/2676/1924 1927/2681/1927 1928/2682/1928
f 1925/2677/1925 1928/2682/1928 1929/2683/1929 1926/2679/1926
f 1929/2683/1929 1930/2684/1930 1931/2685/1931 1926/2679/1926
f 1929/2683/1929 1928/2682/1928 1932/2686/1932 1933/2687/1933
f 1929/2683/1929 1933/2687/1933 1934/2688/1934 1930/2684/1930
f 1934/2688/1934 1935/2689/1935 159/138/99 1930/2684/1930
f 1934/2688/1934 1933/2687/1933 1936/2690/1936 1937/2691/1937
f 1934/2688/1934 1937/2691/1937 1938/2692/1938 1935/2689/1935
f 1938/2692/1938 1939/2693/1939 1940/2694/1940 1935/2689/1935
f 1938/2692/1938 1937/2691/1937 1896/2636/1896 1894/2633/1894
f 1938/2692/1938 1894/2633/1894 1893/2632/1893 1939/2693/1939
f 1940/2694/1940 1883/2695/1883 163/142/103 160/139/100
f 1940/2694/1940 160/139/100 159/138/99 1935/2689/1935
f 1940/2694/1940 1939/2693/1939 1884/2696/1884 1883/2695/1883
f 1939/2693/1939 1893/2632/1893 1885/2697/1885 1884/2696/1884
f 1937/2691/1937 1936/2690/1936 1898/2698/1898 1896/2636/1896
f 1936/2690/1936 1933/2687/1933 1932/2686/1932 1941/2699/1941
f 1936/2690/1936 1941/2699/1941 1942/2700/1942 1898/2698/1898
f 1942/2700/1942 1941/2699/1941 1943/2701/1943 1944/2702/1944
f 1942/2703/1942 1944/2704/1944 324/369/291 1901/2643/1901
f 1942/2700/1942 1901/2705/1901 1899/2706/1899 1898/2698/1898
f 1944/2702/1944 1943/2701/1943 330/376/298 1945/2707/1945
f 1944/2704/1944 1945/2708/1945 325/370/292 324/369/291
f 1945/2708/1945 330/2709/298 329/2710/297 1946/2711/1946
f 1945/2708/1945 1946/2711/1946 326/371/293 325/370/292
f 1946/2711/1946 1911/2654/1911 1909/2651/1909 326/371/293
f 1946/2711/1946 329/2710/297 333/2712/301 1911/2654/1911
f 1943/2701/1943 1941/2699/1941 1932/2686/1932 1947/2713/1947
f 1943/2701/1943 1947/2713/1947 331/377/299 330/376/298
f 1947/2713/1947 1932/2686/1932 1928/2682/1928 1927/2681/1927
f 1947/2713/1947 1927/2681/1927 334/380/302 331/377/299
f 1931/2685/1931 158/137/98 162/141/102 233/2714/189
f 1931/2685/1931 233/2714/189 232/2680/188 1926/2679/1926
f 1931/2685/1931 1930/2684/1930 159/138/99 158/137/98
f 1927/2681/1927 1924/2676/1924 1923/2675/1923 334/380/302
f 1923/2715/1923 1919/2665/1919 1917/2662/1917 1948/2716/1948
f 1923/2675/1923 1948/2717/1948 332/378/300 334/380/302
f 1948/2716/1948 1917/2662/1917 1915/2660/1915 1914/2659/1914
f 1948/2717/1948 1914/2718/1914 333/379/301 332/378/300
f 1921/2669/1921 235/253/191 240/258/196 227/244/182
f 1914/2719/1914 1912/2655/1912 1911/2654/1911 333/2712/301
f 1903/2645/1903 1902/2644/1902 323/368/290 328/373/295
f 1902/2644/1902 1901/2643/1901 324/369/291 323/368/290
f 1883/2615/1883 1880/2612/1880 1879/2611/1879 163/2720/103
f 1879/2611/1879 1878/2610/1878 161/2721/101 163/2720/103
f 1878/2722/1878 1876/2605/1876 1875/2604/1875 1949/2723/1949
f 1878/2722/1878 1949/2723/1949 162/141/102 161/140/101
f 1949/2724/1949 1875/2725/1875 237/255/193 234/252/190
f 1949/2724/1949 234/252/190 233/251/189 162/2726/102
f 1875/2725/1875 1873/2727/1873 1872/2728/1872 237/255/193
f 1872/2601/1872 1866/2595/1866 1862/2591/1862 1861/2729/1861
f 1872/2728/1872 1861/2589/1861 238/256/194 237/255/193
f 1869/2598/1869 1491/1989/1491 1489/1988/1489 1950/2730/1950
f 1869/2598/1869 1950/2730/1950 1865/2594/1865 1864/2593/1864
f 1869/2598/1869 1621/2201/1621 1619/2198/1619 1491/1989/1491
f 1950/2730/1950 1489/1988/1489 1487/2731/1487 1951/2732/1951
f 1950/2730/1950 1951/2732/1951 1952/2733/1952 1865/2594/1865
f 1952/2733/1952 1951/2732/1951 1953/2734/1953 1954/2735/1954
f 1952/2733/1952 1954/2735/1954 1955/2736/1955 1860/2587/1860
f 1952/2733/1952 1860/2587/1860 1859/2586/1859 1865/2594/1865
f 1955/2737/1955 1954/2738/1954 1956/2739/1956 1957/2740/1957
f 1955/2737/1955 1957/2740/1957 1958/2741/1958 1856/2580/1856
f 1955/2737/1955 1856/2580/1856 1855/2579/1855 1860/2742/1860
f 1958/2741/1958 1957/2740/1957 1959/2743/1959 1960/2744/1960
f 1958/2741/1958 1960/2744/1960 1961/2745/1961 1852/2572/1852
f 1958/2741/1958 1852/2572/1852 1851/2571/1851 1856/2580/1856
f 1961/2745/1961 1960/2744/1960 1962/2746/1962 1963/2747/1963
f 1961/2745/1961 1963/2747/1963 1964/2748/1964 1965/2749/1965
f 1961/2745/1961 1965/2749/1965 1853/2573/1853 1852/2572/1852
f 1965/2749/1965 1964/2748/1964 1966/2750/1966 1967/2751/1967
f 1965/2749/1965 1967/2751/1967 1846/2574/1846 1853/2573/1853
f 1967/2752/1967 1966/2753/1966 312/355/277 1843/2561/1843
f 1967/2752/1967 1843/2561/1843 1842/2560/1842 1846/2754/1846
f 1966/2750/1966 1964/2748/1964 1968/2755/1968 1969/2756/1969
f 1966/2753/1966 1969/2757/1969 308/351/273 312/355/277
f 1969/2757/1969 1968/2758/1968 321/365/287 315/359/281
f 1969/2757/1969 315/359/281 309/352/274 308/351/273
f 1968/2755/1968 128/87/63 127/86/62 321/2759/287
f 1968/2755/1968 1964/2748/1964 1963/2747/1963 128/87/63
f 1963/2747/1963 1962/2746/1962 129/88/64 128/87/63
f 1962/2760/1962 1970/2761/1970 130/2762/65 129/2763/64
f 1962/2760/1962 1960/2764/1960 1959/2765/1959 1970/2761/1970
f 1970/2761/1970 1971/2766/1971 1972/2767/1972 130/2762/65
f 1970/2761/1970 1959/2765/1959 1973/2768/1973 1971/2766/1971
f 1973/2769/1973 1974/2770/1974 1975/2771/1975 1971/2772/1971
f 1973/2768/1973 1959/2765/1959 1957/2773/1957 1956/2774/1956
f 1973/2768/1973 1956/2774/1956 1976/2775/1976 1974/2776/1974
f 1976/2777/1976 1485/2778/1485 1977/2779/1977 1974/2770/1974
f 1976/2775/1976 1956/2774/1956 1954/2735/1954 1953/2734/1953
f 1976/2775/1976 1953/2734/1953 1486/1978/1486 1485/1977/1485
f 1977/2779/1977 1477/1962/1477 1475/1960/1475 1474/1959/1474
f 1977/2779/1977 1474/1959/1474 1975/2771/1975 1974/2770/1974
f 1977/2779/1977 1485/2778/1485 1483/1972/1483 1477/1962/1477
f 1975/2771/1975 1474/1959/1474 1472/1957/1472 1471/1956/1471
f 1975/2771/1975 1471/1956/1471 1972/2780/1972 1971/2772/1971
f 1972/2780/1972 1471/1956/1471 1469/1954/1469 105/1953/34
f 1972/2781/1972 105/43/34 100/35/29 130/90/65
f 1953/2782/1953 1951/2783/1951 1487/1981/1487 1486/1980/1486
f 1861/2589/1861 1857/2581/1857 241/259/197 238/256/194
f 1847/2566/1847 228/245/183 227/244/182 240/258/196
f 1843/2561/1843 312/355/277 311/354/276 1838/2552/1838
f 1840/2554/1840 1839/2553/1839 231/2664/186 230/2784/185
f 1831/2539/1831 310/353/275 309/352/274 314/358/280
f 1817/2519/1817 1646/2240/1646 1643/2239/1643 1642/2627/1642
f 1650/2244/1650 303/343/267 41/342/266 1645/2237/1645
f 1447/1924/1447 1446/1923/1446 462/2359/449 461/2509/448
f 1446/1923/1446 1443/1920/1443 1440/1916/1440 1439/2360/1439
f 1442/2785/1442 1978/2786/1978 344/397/314 346/396/316
f 1442/2785/1442 346/396/316 404/476/382 1438/1911/1438
f 1442/1919/1442 351/403/322 350/402/321 1978/2787/1978
f 1978/2786/1978 1426/2788/1426 345/2789/315 344/397/314
f 1978/2787/1978 350/402/321 356/408/327 1426/2790/1426
f 1427/1892/1427 1424/1887/1424 281/307/242 284/310/245
f 1426/2790/1426 356/408/327 360/413/332 1423/1885/1423
f 1414/1868/1414 1413/1867/1413 34/2791/216 260/2209/219
f 1413/1867/1413 1412/1866/1412 261/2149/220 34/2791/216
f 1355/1794/1355 1979/2792/1979 1980/2793/1980 446/536/431
f 1355/1794/1355 446/536/431 445/535/430 1350/1789/1350
f 1355/2794/1355 1354/2795/1354 1981/2796/1981 1979/2797/1979
f 1981/2796/1981 1354/2795/1354 432/2798/414 1982/2799/1982
f 1981/2796/1981 1982/2799/1982 1983/2800/1983 1984/2801/1984
f 1981/2796/1981 1984/2801/1984 1985/2802/1985 1979/2797/1979
f 1985/2803/1985 1986/2804/1986 1980/2793/1980 1979/2792/1979
f 1985/2802/1985 1984/2801/1984 1987/2805/1987 1988/2806/1988
f 1985/2803/1985 1988/2807/1988 1989/2808/1989 1986/2804/1986
f 1989/2808/1989 1990/2809/1990 1991/2810/1991 1986/2804/1986
f 1989/2808/1989 1988/2807/1988 526/635/522 525/634/521
f 1989/2808/1989 525/634/521 527/636/523 1990/2809/1990
f 1991/2810/1991 1992/2811/1992 1993/2812/1993 1994/2813/1994
f 1991/2810/1991 1994/2813/1994 1980/2793/1980 1986/2804/1986
f 1991/2810/1991 1990/2809/1990 1995/2814/1995 1992/2811/1992
f 1995/2814/1995 136/100/72 1996/2815/1996 1992/2811/1992
f 1995/2814/1995 1990/2809/1990 527/636/523 1997/2816/1997
f 1995/2814/1995 1997/2816/1997 137/101/73 136/100/72
f 1997/2816/1997 527/636/523 524/633/520 1998/2817/1998
f 1997/2816/1997 1998/2817/1998 138/102/74 137/101/73
f 1998/2817/1998 524/633/520 523/632/519 1999/2818/1999
f 1998/2817/1998 1999/2818/1999 2000/2819/2000 138/102/74
f 2000/2820/2000 2001/2821/2001 133/95/69 138/2822/74
f 2000/2823/2000 1999/2824/1999 2002/2825/2002 2003/2826/2003
f 2000/2820/2000 2003/2827/2003 2004/2828/2004 2001/2821/2001
f 2004/2828/2004 195/2829/144 858/1072/858 857/1071/857
f 2004/2828/2004 857/1071/857 2005/2830/2005 2001/2821/2001
f 2004/2831/2004 2003/2826/2003 193/188/142 195/2832/144
f 2005/2830/2005 857/1071/857 853/1065/853 852/1064/852
f 2005/2830/2005 852/1064/852 2006/2833/2006 134/96/70
f 2005/2830/2005 134/96/70 133/95/69 2001/2821/2001
f 2006/2833/2006 852/1064/852 849/1060/849 848/1059/848
f 2006/2834/2006 848/2835/848 2007/2836/2007 2008/2837/2008
f 2006/2838/2006 2008/2839/2008 135/99/71 134/2840/70
f 2008/2839/2008 2007/2841/2007 2009/2842/2009 1996/2815/1996
f 2008/2839/2008 1996/2815/1996 136/100/72 135/99/71
f 2009/2842/2009 2007/2841/2007 845/1051/845 2010/2843/2010
f 2009/2842/2009 2010/2843/2010 443/533/428 1993/2812/1993
f 2009/2842/2009 1993/2812/1993 1992/2811/1992 1996/2815/1996
f 2010/2843/2010 845/1051/845 841/1045/841 840/1044/840
f 2010/2843/2010 840/1044/840 444/534/429 443/533/428
f 2007/2841/2007 848/2844/848 846/1052/846 845/1051/845
f 2003/2826/2003 2002/2825/2002 194/189/143 193/188/142
f 2002/2825/2002 1999/2824/1999 523/2845/519 2011/2846/2011
f 2002/2825/2002 2011/2846/2011 2012/2847/2012 194/189/143
f 2012/2847/2012 2011/2846/2011 2013/2848/2013 2014/2849/2014
f 2012/2847/2012 2014/2849/2014 198/2850/148 197/2851/147
f 2012/2847/2012 197/2851/147 190/190/139 194/189/143
f 2014/2852/2014 2013/2853/2013 2015/2854/2015 2016/2855/2016
f 2014/2849/2014 2016/2856/2016 199/2857/149 198/2850/148
f 2016/2855/2016 2015/2854/2015 1987/2805/1987 2017/2858/2017
f 2016/2855/2016 2017/2858/2017 2018/2859/2018 199/2860/149
f 2018/2859/2018 2017/2858/2017 1983/2800/1983 2019/2861/2019
f 2018/2862/2018 2019/2863/2019 2020/2864/2020 2021/2865/2021
f 2018/2862/2018 2021/2865/2021 200/198/150 199/197/149
f 2021/2865/2021 2020/2864/2020 863/1078/863 862/1077/862
f 2021/2865/2021 862/1077/862 201/199/151 200/198/150
f 2020/2864/2020 2019/2863/2019 2022/2866/2022 2023/2867/2023
f 2020/2864/2020 2023/2867/2023 865/1080/865 863/1078/863
f 2023/2868/2023 2022/2869/2022 431/518/413 430/517/412
f 2023/2868/2023 430/517/412 867/1085/867 865/1084/865
f 2022/2870/2022 1982/2799/1982 432/2798/414 431/2871/413
f 2022/2870/2022 2019/2861/2019 1983/2800/1983 1982/2799/1982
f 2017/2858/2017 1987/2805/1987 1984/2801/1984 1983/2800/1983
f 2015/2854/2015 526/2872/522 1988/2806/1988 1987/2805/1987
f 2015/2854/2015 2013/2853/2013 522/2873/518 526/2872/522
f 2013/2848/2013 2011/2846/2011 523/2845/519 522/2874/518
f 1994/2813/1994 1993/2812/1993 443/533/428 442/532/427
f 1994/2813/1994 442/532/427 446/536/431 1980/2793/1980
f 1333/1775/1333 820/1024/820 818/1021/818 817/2875/817
f 1329/1765/1329 817/1018/817 813/1014/813 812/1013/812
f 1325/1761/1325 812/1013/812 808/1009/808 807/1008/807
f 1321/1757/1321 807/1008/807 803/1004/803 802/1003/802
f 1317/1753/1317 802/1003/802 798/999/798 797/998/797
f 1313/1749/1313 797/998/797 793/994/793 792/993/792
f 1309/1748/1309 792/993/792 788/989/788 787/988/787
f 1307/1738/1307 787/1742/787 783/981/783 412/489/391
f 1281/1701/1281 1270/1683/1270 1266/1675/1266 1265/1674/1265
f 1269/2876/1269 212/219/164 211/218/163 257/277/215
f 1269/2876/1269 257/277/215 256/276/214 1264/1671/1264
f 1269/2877/1269 1268/1688/1268 213/221/165 212/220/164
f 1252/1659/1252 1248/1654/1248 1245/1653/1245 1244/2878/1244
f 1247/1650/1247 215/224/168 214/223/167 1243/1651/1243
f 1228/1623/1228 145/121/83 149/120/87 1223/1618/1223
f 1219/1614/1219 1218/1613/1218 149/120/87 148/119/86
f 1210/1602/1210 1206/1598/1206 251/1597/208 248/2193/205
f 1202/1592/1202 1193/1581/1193 249/268/206 251/270/208
f 1193/1581/1193 1191/1579/1191 250/269/207 249/268/206
f 1158/1527/1158 1156/1526/1156 531/2879/528 534/1934/531
f 1103/1811/1103 1088/1421/1088 1086/1419/1086 1085/1418/1085
f 1078/1411/1078 88/15/12 93/24/18 1074/1406/1074
f 1075/1407/1075 93/24/18 87/14/11 186/2880/133
f 1075/1407/1075 186/2880/133 23/2881/132 1070/1408/1070
f 1070/1408/1070 23/2881/132 125/83/60 124/82/59
f 1057/1377/1057 881/1102/881 879/1099/879 878/1098/878
f 1021/1308/1021 84/5/5 83/10/7 881/1102/881
f 1015/1302/1015 1014/1301/1014 155/131/94 154/130/93
f 1014/1301/1014 1010/1297/1010 1009/1296/1009 2024/2882/2024
f 1014/1301/1014 2024/2882/2024 2025/2883/2025 155/131/94
f 2025/2883/2025 2024/2882/2024 2026/2884/2026 909/2885/909
f 2025/2886/2025 909/1144/909 907/1142/907 906/1141/906
f 2025/2883/2025 906/2887/906 15/128/89 155/131/94
f 2026/2884/2026 2024/2882/2024 1009/1296/1009 2027/2888/2027
f 2026/2889/2026 2027/2890/2027 2028/2891/2028 912/1147/912
f 2026/2889/2026 912/1147/912 910/1145/910 909/1144/909
f 2028/2892/2028 2027/2893/2027 1005/1290/1005 2029/2894/2029
f 2028/2891/2028 2029/2895/2029 378/2896/353 915/1150/915
f 2028/2891/2028 915/1150/915 913/1148/913 912/1147/912
f 2029/2894/2029 1005/1290/1005 1003/1286/1003 2030/2897/2030
f 2029/2894/2029 2030/2897/2030 379/438/354 378/437/353
f 2030/2897/2030 1003/1286/1003 1001/1285/1001 2031/2898/2031
f 2030/2897/2030 2031/2898/2031 383/2899/358 379/438/354
f 2031/2900/2031 1001/2901/1001 998/1278/998 997/1277/997
f 2031/2900/2031 997/1277/997 2032/2902/2032 383/444/358
f 2032/2902/2032 997/1277/997 994/1271/994 376/433/350
f 2032/2902/2032 376/433/350 373/432/347 2033/2903/2033
f 2032/2902/2032 2033/2903/2033 380/440/355 383/444/358
f 2033/2903/2033 373/432/347 372/2904/346 963/1224/963
f 2033/2903/2033 963/1224/963 381/441/356 380/440/355
f 2027/2893/2027 1009/2905/1009 1006/1291/1006 1005/1290/1005
f 1013/1300/1013 108/47/37 107/46/36 1008/1294/1008
f 1000/1281/1000 184/172/129 183/171/128 293/321/256
f 1000/1281/1000 293/321/256 292/320/255 996/1275/996
f 1000/1281/1000 112/56/43 111/55/42 184/172/129
f 991/1267/991 990/1266/990 972/1236/972 2034/2906/2034
f 991/1267/991 2034/2906/2034 371/426/345 375/430/349
f 2034/2906/2034 972/1236/972 968/1235/968 967/2907/967
f 2034/2906/2034 967/2907/967 372/427/346 371/426/345
f 990/1266/990 977/1243/977 973/1237/973 972/1236/972
f 990/1266/990 988/1264/988 981/1250/981 977/1243/977
f 976/2908/976 975/2909/975 420/502/401 425/507/406
f 971/1233/971 509/616/503 508/615/502 966/1228/966
f 967/2907/967 964/2910/964 963/2911/963 372/427/346
f 959/1216/959 924/1165/924 922/1161/922 921/1160/921
f 957/1211/957 927/1170/927 925/1166/925 924/1165/924
f 956/1208/956 955/1207/955 507/614/501 506/613/500
f 953/1210/953 930/2912/930 928/1171/928 927/1170/927
f 949/1198/949 933/1180/933 931/1178/931 930/1177/930
f 921/1160/921 919/1156/919 384/452/359 386/451/361
f 916/1151/916 915/1150/915 378/2896/353 377/448/352
f 906/2887/906 903/1135/903 156/1134/95 15/128/89
f 895/1122/895 894/1121/894 276/302/237 275/301/236
f 886/1111/886 883/1105/883 82/9/4 81/2913/3
f 869/1087/869 867/1085/867 430/517/412 429/516/411
f 860/1075/860 191/185/140 196/194/146 201/199/151
f 856/1069/856 402/1082/379 401/2914/378 851/1070/851
f 844/1049/844 843/1048/843 399/470/376 398/469/375
f 840/1044/840 836/1040/836 447/537/432 444/534/429
f 776/974/776 775/973/775 407/484/386 56/483/385
f 704/881/704 703/928/703 494/599/486 493/598/485
f 700/873/700 697/872/697 695/862/695 694/861/694
f 614/758/614 612/756/612 204/203/155 203/202/154
f 612/2915/612 608/750/608 207/210/158 204/209/155
f 606/747/606 605/746/605 206/206/157 205/205/156
f 564/689/564 563/688/563 142/113/79 144/112/81
f 553/671/553 552/670/552 551/668/550 548/665/547
f 476/574/465 475/573/464 466/561/454 465/560/453
f 426/509/407 189/2916/137 187/2917/134 86/13/10
f 426/512/407 299/335/262 298/331/261 189/330/137
f 422/504/403 421/503/402 414/500/394 419/499/399
f 321/2918/287 127/93/62 132/92/67 318/2516/284
f 300/336/263 299/335/262 92/511/16 91/2919/15
f 280/306/241 225/240/179 224/239/178 278/304/239
f 279/305/240 278/304/239 224/239/178 223/238/177
f 197/195/147 196/194/146 191/185/140 190/184/139
f 187/2917/134 186/2880/133 87/14/11 86/13/10
f 178/160/120 177/159/119 111/55/42 110/54/41
f 178/164/120 110/52/41 96/28/22 95/27/21
f 175/156/117 174/155/116 166/146/107 165/145/106
f 174/155/116 173/154/115 169/149/110 166/146/107
f 120/71/53 119/70/52 118/67/50 117/66/49
f 119/70/52 115/2920/47 98/68/24 118/67/50
